Date,Date,Open,High,Low,Close,USDCNH_60_Open,USDCNH_60_High,USDCNH_60_Low,USDCNH_60_Close,USDCNH_60_Volume,USDCNH_60_Volume_MA,NATGAS_60_Open,NATGAS_60_High,NATGAS_60_Low,NATGAS_60_Close,NATGAS_60_Volume,NATGAS_60_Volume_MA,COPPER_60_Open,COPPER_60_High,COPPER_60_Low,COPPER_60_Close,COPPER_60_Volume,COPPER_60_Volume_MA,USDJPY_60_Open,USDJPY_60_High,USDJPY_60_Low,USDJPY_60_Close,USDJPY_60_Volume,USDJPY_60_Volume_MA,GBPUSD_60_Open,GBPUSD_60_High,GBPUSD_60_Low,GBPUSD_60_Close,GBPUSD_60_Volume,GBPUSD_60_Volume_MA,CRUDEOIL_60_Open,CRUDEOIL_60_High,CRUDEOIL_60_Low,CRUDEOIL_60_Close,CRUDEOIL_60_Volume,CRUDEOIL_60_Volume_MA,SILVER_60_Open,SILVER_60_High,SILVER_60_Low,SILVER_60_Close,SILVER_60_Volume,SILVER_60_Volume_MA,EURGBP_60_Open,EURGBP_60_High,EURGBP_60_Low,EURGBP_60_Close,EURGBP_60_Volume,EURGBP_60_Volume_MA,USDCHF_60_Open,USDCHF_60_High,USDCHF_60_Low,USDCHF_60_Close,USDCHF_60_Volume,USDCHF_60_Volume_MA,GOLD_60_Open,GOLD_60_High,GOLD_60_Low,GOLD_60_Close,GOLD_60_Volume,GOLD_60_Volume_MA,USDCAD_60_Open,USDCAD_60_High,USDCAD_60_Low,USDCAD_60_Close,USDCAD_60_Volume,USDCAD_60_Volume_MA,AUDUSD_60_Open,AUDUSD_60_High,AUDUSD_60_Low,AUDUSD_60_Close,AUDUSD_60_Volume,AUDUSD_60_Volume_MA,USDHKD_60_Open,USDHKD_60_High,USDHKD_60_Low,USDHKD_60_Close,USDHKD_60_Volume,USDHKD_60_Volume_MA,datetime,day_of_year,sine_date,Daily_Returns,Middle_Band,Upper_Band,Lower_Band,Log_Returns,SpreadOC,SpreadLH,MACD,Signal_Line_MACD,RSI,SMI,weekday,hour,upper_barrier,lower_barrier,t1,touch_upper,touch_lower,label
2020-01-08 02:00:00,1578448800,1.11558,1.12057,1.11249,1.11587,6.94772,6.95302,6.94355,6.94644,38449.0,14717.3,2.156,2.16,2.146,2.146,625.0,5525.5,2.7875,2.796,2.786,2.7945,4137.0,2861.15,108.032,108.462,108.006,108.39,15032.0,5099.3,1.31174,1.31404,1.31174,1.31332,1194.0,1879.6,64.49,64.49,63.21,63.28,43846.0,30695.6,18.625,18.65,18.51,18.54,13610.0,6850.6,0.85044,0.85046,0.84902,0.84964,588.0,969.45,0.96886,0.97079,0.96878,0.96972,824.0,403.75,1595.0,1596.1,1585.3,1587.2,59060.0,26529.25,1.29828,1.29883,1.29804,1.29845,914.0,757.45,0.68656,0.68839,0.68646,0.68766,890.0,393.8,7.77725,7.77732,7.77556,7.77655,1201.0,910.55,2020-01-08 02:00:00,8,0.1371854040566005,,,,,,0.9997401130956116,0.9955469091623013,0.0,0.0,,,4,0,,,2020-01-11 02:00:00,,,0.0
2020-01-13 14:00:00,1578924000,1.11188,1.11592,1.1085,1.11241,6.89136,6.89368,6.89067,6.89146,11594.0,14080.15,2.202,2.206,2.168,2.177,21591.0,4492.1,2.8305,2.8465,2.828,2.8455,9958.0,1796.0,109.85,109.906,109.8,109.888,2961.0,1276.25,1.29846,1.2999,1.29812,1.29948,2556.0,1260.25,59.04,59.04,58.32,58.44,79203.0,12423.95,18.05,18.075,17.96,17.985,7948.0,1982.55,0.8563,0.85656,0.85572,0.85605,1036.0,616.8,0.9718,0.97198,0.97054,0.97108,424.0,143.0,1555.6,1556.2,1549.3,1551.9,32013.0,8915.95,1.30434,1.30554,1.30346,1.30519,1154.0,410.9,0.69074,0.6909,0.68949,0.68996,387.0,177.95,7.77323,7.77323,7.77184,7.7723,976.0,964.1,2020-01-13 14:00:00,13,0.2217721575564818,-0.0031007196178766128,,,,,0.9995235569619116,0.9963796687934618,-0.0002760113960114108,-5.520227920228216e-05,,,4,0,,,2020-01-16 14:00:00,,,0.0
2020-01-20 06:00:00,1579500000,1.1098,1.11726,1.10862,1.11007,6.84781,6.85436,6.84669,6.85229,26132.0,11443.55,1.913,1.919,1.897,1.904,1145.0,6678.2,2.856,2.861,2.856,2.857,1479.0,2301.8,110.18,110.19,110.169,110.18,819.0,1345.8,1.29945,1.29972,1.29858,1.29954,388.0,892.25,59.21,59.25,59.17,59.24,2006.0,14719.9,18.12,18.135,18.08,18.085,1912.0,3057.65,0.85406,0.85464,0.85396,0.85421,216.0,418.95,0.96829,0.96852,0.96812,0.96839,67.0,170.9,1561.8,1562.7,1561.3,1561.4,4997.0,9839.1,1.30633,1.30635,1.3058,1.30582,84.0,432.05,0.68854,0.68875,0.6884,0.68875,95.0,140.2,7.76681,7.76766,7.7661,7.76762,922.0,733.05,2020-01-20 06:00:00,20,0.3373010691361842,-0.002103540960617045,,,,,0.9997567720954534,0.9933229507903263,-0.0006757808784021435,-0.00017931799904225446,,,4,0,,,2020-01-23 06:00:00,,,0.0
2020-01-24 12:00:00,1579867200,1.10356,1.1118,1.10263,1.10278,6.93207,6.93274,6.92812,6.92912,9440.0,9671.2,1.883,1.894,1.877,1.884,1843.0,2612.85,2.7215,2.722,2.716,2.7175,2141.0,1847.95,109.612,109.626,109.588,109.619,1146.0,1617.0,1.3089,1.30926,1.308,1.30838,1357.0,1157.6,55.45,55.54,55.34,55.43,12114.0,17918.95,17.805,17.835,17.795,17.815,1299.0,1439.25,0.84314,0.8435,0.84266,0.84286,702.0,582.4,0.97084,0.971605,0.97076,0.97139,123.0,129.45,1558.5,1559.8,1556.8,1557.4,7111.0,7698.3,1.31345,1.31408,1.31345,1.31384,257.0,276.35,0.68482,0.68486,0.68404,0.6842,99.0,163.3,7.77231,7.77263,7.77184,7.77254,468.0,521.9,2020-01-24 12:00:00,24,0.4012289854475009,-0.006567153422756933,,,,,1.0007073033605978,0.9925885950710561,-0.0015628278417747499,-0.0004560199675887536,,,4,0,,,2020-01-27 12:00:00,,,0.0
2020-01-30 17:00:00,1580403600,1.10313,1.104,1.09924,1.10378,6.99813,7.00146,6.99719,6.99806,10419.0,15369.9,1.821,1.825,1.817,1.817,14681.0,5495.3,2.531,2.5325,2.523,2.523,4778.0,3813.25,108.746,108.782,108.584,108.606,5505.0,3628.55,1.31061,1.31061,1.3094,1.30948,1007.0,1562.5,52.17,52.25,51.66,51.86,70034.0,24561.15,17.98,18.015,17.925,17.99,4956.0,3805.55,0.84168,0.84292,0.84165,0.8429,533.0,754.85,0.96928,0.96944,0.96829,0.96836,344.0,264.25,1585.8,1590.7,1584.7,1589.5,20486.0,13482.85,1.32169,1.32202,1.32156,1.32192,792.0,514.3,0.67149,0.67152,0.67036,0.67063,252.0,290.2,7.76738,7.76809,7.76698,7.76717,786.0,985.0,2020-01-30 17:00:00,30,0.4934681416772373,0.0009067991802533815,,,,,0.9994111145336932,0.999211956521739,-0.0021602255727160014,-0.0007968610886142032,,,4,0,,,2020-02-02 17:00:00,,,0.0
2020-02-05 11:00:00,1580900400,1.10193,1.10955,1.10144,1.1022,6.97346,6.98203,6.96792,6.97655,27928.0,14757.3,1.828,1.844,1.825,1.842,1923.0,4915.7,2.5915,2.594,2.5785,2.5805,4020.0,3931.2,109.672,109.726,109.546,109.574,5423.0,2967.75,1.3051,1.30675,1.30476,1.30606,1794.0,893.7,50.86,51.19,50.67,50.76,34606.0,28401.75,17.545,17.575,17.51,17.565,2496.0,2383.45,0.84431,0.8445,0.84354,0.84392,818.0,458.05,0.97294,0.97308,0.97134,0.97155,554.0,245.55,1555.7,1559.3,1554.1,1558.6,17395.0,13649.95,1.3275,1.32854,1.32679,1.32805,1083.0,508.5,0.67672,0.67698,0.67535,0.67576,422.0,266.2,7.76314,7.7638,7.76244,7.76352,1064.0,698.7,2020-02-05 11:00:00,36,0.580454927809098,-0.0014314446719454477,,,,,0.9997550353837779,0.9931323509530892,-0.0027296941588070833,-0.0011834277026527792,,,4,0,,,2020-02-08 11:00:00,,,0.0
2020-02-11 10:00:00,1581415200,1.09137,1.10234,1.09056,1.09183,6.97676,6.9771,6.97455,6.97592,6408.0,9939.2,1.767,1.768,1.761,1.765,1055.0,6139.05,2.5855,2.586,2.5775,2.5805,1518.0,2668.6,109.865,109.893,109.834,109.877,1564.0,1606.0,1.29384,1.294,1.29189,1.2927,1835.0,922.75,50.3,50.34,50.13,50.31,14154.0,23123.9,17.72,17.72,17.695,17.705,1090.0,1712.1,0.84354,0.84497,0.84341,0.84463,924.0,452.45,0.97728,0.97757,0.97682,0.97742,243.0,178.35,1572.0,1572.7,1570.6,1571.1,4018.0,7143.15,1.32952,1.33005,1.3294,1.3295,435.0,359.8,0.67066,0.670965,0.67038,0.67089,188.0,182.45,7.76414,7.76464,7.76404,7.76448,395.0,533.85,2020-02-11 10:00:00,42,0.6612634749656386,-0.009408455815641426,,,,,0.9995786889900441,0.9900484424043398,-0.003971987846954628,-0.001741139731513149,,,4,0,,,2020-02-14 10:00:00,,,0.0
2020-02-17 16:00:00,1581955200,1.08297,1.09256,1.08272,1.08374,6.9838,6.98382,6.98261,6.98328,2185.0,7820.45,1.942,1.946,1.93,1.944,5744.0,2233.15,2.6285,2.629,2.6245,2.6265,1384.0,1566.8,109.944,109.95,109.905,109.918,644.0,1193.45,1.30066,1.30152,1.30024,1.30106,558.0,708.85,52.33,52.44,52.23,52.36,14323.0,6108.95,17.75,17.78,17.745,17.765,799.0,1146.95,0.83264,0.833045,0.83236,0.83299,285.0,329.05,0.98186,0.98186,0.9811,0.98121,85.0,103.85,1584.0,1585.2,1583.9,1584.5,2617.0,3729.5,1.324,1.32402,1.32282,1.32286,189.0,226.7,0.6714,0.67193,0.67134,0.67193,85.0,130.5,7.7678,7.7685,7.7678,7.76844,356.0,387.7,2020-02-17 16:00:00,48,0.7350336741329412,-0.007409578414222184,,,,,0.9992894974809456,0.9912224500256279,-0.00554538617417033,-0.0025019890200445854,,,4,0,,,2020-02-20 16:00:00,,,0.0
2020-02-21 10:00:00,1582279200,1.08096,1.084,1.07778,1.07998,7.04338,7.04418,7.04102,7.0436,8656.0,13959.65,1.867,1.869,1.863,1.867,914.0,6669.85,2.5795,2.5835,2.5795,2.5815,1463.0,2843.05,111.7,111.832,111.698,111.798,3194.0,4279.2,1.29162,1.29235,1.29079,1.291,1758.0,1022.65,52.94,53.18,52.94,53.09,16345.0,24812.8,18.53,18.53,18.48,18.49,1163.0,3154.9,0.83692,0.83702,0.83595,0.83657,829.0,525.7,0.98154,0.98259,0.98152,0.98225,312.0,281.6,1637.8,1637.9,1635.7,1636.9,9907.0,16244.9,1.32605,1.32628,1.3257,1.32611,561.0,579.35,0.65928,0.65972,0.65919,0.65956,210.0,274.6,7.78766,7.788025,7.78744,7.78795,480.0,1331.45,2020-02-21 10:00:00,52,0.7799125224167177,-0.003469466846291569,,,,,1.0009074242115594,0.9971955719557194,-0.007014853397212306,-0.00340456189547813,,,4,0,,,2020-02-24 10:00:00,,,0.0
2020-02-25 16:00:00,1582646400,1.08646,1.08826,1.07954,1.08682,7.02228,7.0256,7.02192,7.0238,13526.0,17424.1,1.842,1.851,1.838,1.851,2445.0,866.15,2.58,2.5815,2.571,2.575,4481.0,2247.05,110.138,110.2525,110.034,110.226,12200.0,6697.0,1.30158,1.30174,1.29962,1.30024,2379.0,1617.2,50.68,50.8,50.44,50.65,77631.0,25658.4,18.315,18.34,18.155,18.175,12129.0,4590.65,0.83477,0.83652,0.83458,0.83586,1447.0,758.9,0.9766,0.97676,0.97513,0.97648,1084.0,452.5,1656.9,1659.3,1645.4,1647.7,56508.0,25870.3,1.3285,1.32916,1.32832,1.32867,1513.0,773.1,0.66052,0.66081,0.65949,0.65966,409.0,346.1,7.79168,7.79292,7.79106,7.79181,1890.0,1107.0,2020-02-25 16:00:00,56,0.8211001178128892,0.006333450619455894,,,,,0.9996687583960546,0.9983459834965909,-0.007540563006180001,-0.004231762117618504,,,4,0,,,2020-02-28 16:00:00,,,0.0
2020-02-27 14:00:00,1582812000,1.09766,1.09852,1.08551,1.09772,7.01442,7.01528,7.01064,7.01212,22838.0,14020.5,1.773,1.773,1.74,1.749,32570.0,6306.45,2.556,2.557,2.538,2.541,13311.0,2822.95,109.875,110.042,109.7935,109.944,17692.0,8679.15,1.28959,1.28959,1.28676,1.28828,4196.0,1910.55,46.95,47.0,46.14,46.42,118593.0,29551.8,18.035,18.065,17.97,18.005,10112.0,2954.2,0.85117,0.85292,0.85116,0.85202,2002.0,931.2,0.9686,0.97006,0.96785,0.96964,1268.0,479.15,1653.8,1659.8,1652.0,1654.9,54383.0,18547.95,1.33604,1.33744,1.3353,1.33624,3091.0,952.4,0.65766,0.658405,0.65718,0.65788,743.0,413.4,7.79444,7.79449,7.79258,7.79281,704.0,941.65,2020-02-27 14:00:00,58,0.8402480696078469,0.010029259675015334,,,,,0.9999453412527786,0.999217128500164,-0.00699699574248025,-0.004784808842590854,,,4,0,,,2020-03-01 14:00:00,,,0.0
2020-02-28 17:00:00,1582909200,1.10004,1.10531,1.0951,1.10012,6.9867,6.98922,6.9848,6.98706,25739.0,25033.95,1.699,1.715,1.698,1.703,12100.0,5925.25,2.5485,2.554,2.539,2.5405,8304.0,5442.1,108.14,108.236,108.052,108.159,19581.0,12534.5,1.27764,1.2783,1.27544,1.27614,3343.0,2574.3,44.72,45.12,44.51,44.92,59724.0,40796.25,16.775,16.82,16.635,16.67,8705.0,8267.25,0.86098,0.862405,0.86066,0.86208,2239.0,1496.45,0.96732,0.96876,0.9666,0.96836,1177.0,952.05,1591.3,1591.8,1582.4,1584.8,20133.0,28765.35,1.34118,1.34348,1.34026,1.34322,2540.0,1772.6,0.64944,0.64981,0.648475,0.64904,788.0,770.3,7.79292,7.79476,7.7927,7.79416,1369.0,1340.95,2020-02-28 17:00:00,59,0.8494504794814806,0.0021863498888605726,,,,,0.9999272806602916,0.995232106829758,-0.0062999331200090936,-0.005087833698074502,,,4,0,,,2020-03-02 17:00:00,,,0.0
2020-03-03 16:00:00,1583251200,1.118,1.12139,1.09903,1.11748,6.93806,6.95484,6.93796,6.9407,32926.0,19314.45,1.823,1.828,1.806,1.824,13272.0,5221.4,2.5665,2.5735,2.5465,2.57,11561.0,3946.65,107.541,107.584,107.197,107.294,17353.0,9064.6,1.28182,1.28374,1.27943,1.28262,6851.0,3134.2,48.28,48.34,46.78,47.46,106953.0,33849.8,17.28,17.38,17.105,17.25,13101.0,4789.7,0.87221,0.8725,0.8698,0.87124,3995.0,1857.1,0.95552,0.95742,0.9549,0.95636,2464.0,1027.9,1634.9,1644.3,1632.0,1641.0,42622.0,15868.75,1.3337,1.33838,1.33298,1.33534,5404.0,1673.8,0.66226,0.66258,0.65906,0.66162,2014.0,910.25,7.76866,7.77286,7.76622,7.77268,3579.0,1352.95,2020-03-03 16:00:00,63,0.8837203473619977,0.01578009671672187,,,,,1.0004653327128898,0.9969769660867317,-0.0042971640212638995,-0.004929699762712382,,,4,0,,,2020-03-06 16:00:00,,,0.0
2020-03-05 11:00:00,1583406000,1.11701,1.11952,1.10955,1.11832,6.93822,6.94006,6.93656,6.93955,9816.0,13168.65,1.837,1.847,1.834,1.837,2249.0,3168.3,2.5845,2.586,2.582,2.5835,1834.0,1932.9,106.81,107.034,106.81,106.896,8644.0,5377.1,1.29161,1.29231,1.29016,1.29222,2930.0,1346.1,46.53,47.44,46.53,46.69,66318.0,25570.75,17.235,17.245,17.205,17.215,701.0,1584.6,0.8648,0.86658,0.86398,0.86542,1714.0,837.6,0.9529,0.95406,0.95226,0.95276,722.0,365.55,1647.9,1649.3,1645.8,1648.4,8498.0,9007.75,1.34088,1.34193,1.3399,1.34179,1180.0,781.6,0.66256,0.66267,0.6618,0.66186,311.0,260.2,7.77041,7.77144,7.77041,7.77124,463.0,636.65,2020-03-05 11:00:00,65,0.8992961915530253,0.0007516913054372854,,,,,0.9988286000429216,0.997757967700443,-0.002612063855337965,-0.004466172581237499,,,4,0,,,2020-03-08 11:00:00,,,0.0
2020-03-06 14:00:00,1583503200,1.13227,1.13548,1.11671,1.13492,6.93104,6.93625,6.92886,6.92976,19196.0,16332.6,1.745,1.761,1.731,1.738,15057.0,3532.25,2.5585,2.56,2.5395,2.5425,6206.0,2700.05,105.288,105.295,105.022,105.172,23834.0,9548.1,1.29961,1.30322,1.29932,1.30298,6380.0,2456.4,43.76,44.57,42.79,43.26,119392.0,29861.85,17.29,17.445,17.29,17.36,5792.0,2907.95,0.87121,0.87178,0.87022,0.87095,3961.0,1677.1,0.93484,0.9351,0.93184,0.9326,2792.0,1000.15,1674.2,1688.0,1673.6,1685.4,53573.0,18820.95,1.34145,1.34278,1.33996,1.34134,3718.0,1348.95,0.66314,0.66428,0.6627,0.66388,888.0,498.0,7.7702,7.77028,7.76896,7.76958,527.0,696.5,2020-03-06 14:00:00,66,0.9066860720977984,0.014843694112597339,,,,,0.9976650336587602,0.9971730017261423,6.215495107486646e-05,-0.003560507074775026,,,4,0,,,2020-03-09 14:00:00,,,0.0
2020-03-09 10:00:00,1583748000,1.13915,1.14963,1.12832,1.14242,6.95232,6.95484,6.94608,6.94912,36390.0,25417.85,1.636,1.637,1.623,1.634,1769.0,5007.0,2.47,2.486,2.467,2.479,2334.0,4453.3,102.522,102.524,102.154,102.353,6433.0,9724.35,1.31332,1.31438,1.30727,1.30888,5963.0,3968.4,33.41,33.5,31.62,31.84,61893.0,58890.9,16.85,17.02,16.785,16.955,3597.0,5337.4,0.86738,0.87309,0.8673,0.87284,3811.0,2756.45,0.92898,0.92924,0.92634,0.92664,1588.0,1390.4,1665.5,1681.0,1663.1,1679.1,15971.0,25437.95,1.36054,1.36332,1.36009,1.36218,2356.0,2413.4,0.65885,0.66128,0.65836,0.66068,1140.0,1917.0,7.77063,7.7711,7.76887,7.76942,1298.0,1178.95,2020-03-09 10:00:00,69,0.9272375462179538,0.00660839530539592,,,,,0.9971376551530962,0.990884023555405,0.0027549229053747126,-0.0022974210787450786,,,4,0,,,2020-03-12 10:00:00,,,0.0
2020-03-10 06:00:00,1583820000,1.13415,1.14847,1.13323,1.13408,6.93508,6.941,6.93202,6.93892,22031.0,30883.0,1.809,1.817,1.808,1.814,646.0,7651.05,2.553,2.5555,2.5435,2.5475,2511.0,3964.9,104.707,104.813,104.307,104.632,12563.0,11099.55,1.30261,1.3051,1.30166,1.30212,2827.0,4327.4,33.72,33.72,33.15,33.43,13912.0,44784.75,17.0,17.14,16.98,17.08,4245.0,3616.45,0.87066,0.8718,0.86988,0.87092,2584.0,2848.0,0.9373,0.93738,0.93391,0.93572,2213.0,1440.8,1651.8,1663.8,1649.4,1661.7,16412.0,13741.45,1.36365,1.36471,1.3621,1.36345,1880.0,3007.25,0.65496,0.65548,0.65444,0.65498,775.0,1393.15,7.77116,7.77188,7.77046,7.77123,1452.0,1099.4,2020-03-10 06:00:00,70,0.9335418911179212,-0.007300292361828387,,,,,1.000061724040632,0.9875312372112461,0.004167947109964487,-0.0010043474410031655,,,4,0,,,2020-03-13 06:00:00,,,0.0
2020-03-10 17:00:00,1583859600,1.13062,1.14015,1.12966,1.13162,6.96216,6.96524,6.96126,6.96275,21491.0,27381.9,1.892,1.923,1.891,1.92,15773.0,8648.25,2.5205,2.526,2.518,2.519,2850.0,3977.4,104.28,104.668,104.233,104.383,16250.0,12235.05,1.29112,1.294,1.29002,1.29261,4741.0,4574.6,33.71,34.03,33.39,33.5,50657.0,35881.35,16.88,16.965,16.855,16.925,4173.0,3239.4,0.87568,0.87698,0.87491,0.87544,4360.0,2918.35,0.93641,0.93777,0.93572,0.93678,2265.0,1612.3,1654.1,1662.4,1653.3,1658.0,21025.0,14848.2,1.3786,1.37898,1.37556,1.37732,3682.0,2562.4,0.64666,0.64858,0.64644,0.64818,923.0,1246.15,7.77058,7.77096,7.7701,7.77092,523.0,1008.65,2020-03-10 17:00:00,70,0.9335418911179212,-0.0021691591422121625,,,,,0.9991163111291775,0.9916414506863132,0.005031280066723154,0.00020277806054209838,,,4,0,,,2020-03-13 17:00:00,,,0.0
2020-03-11 15:00:00,1583938800,1.1307,1.13668,1.12574,1.12802,6.95874,6.96399,6.95758,6.96051,19013.0,12728.7,1.943,1.987,1.924,1.979,21038.0,6718.2,2.5105,2.514,2.496,2.502,6003.0,2695.05,104.614,105.031,104.54,104.82,15139.0,9223.45,1.29342,1.2936,1.28838,1.28862,6439.0,3227.15,33.57,33.59,32.99,33.26,59160.0,26295.1,16.895,16.905,16.83,16.87,4635.0,2160.45,0.87421,0.87542,0.87338,0.87538,3804.0,2167.2,0.93578,0.93978,0.93541,0.93816,2142.0,1104.0,1653.1,1655.1,1642.9,1649.8,36580.0,12687.3,1.37524,1.37545,1.37122,1.37485,3811.0,1815.0,0.65292,0.65332,0.6498,0.65122,1418.0,879.35,7.76926,7.77026,7.76896,7.76986,2076.0,814.65,2020-03-11 15:00:00,71,0.9395699859530622,-0.0031812799349605347,,,,,1.002375844399922,0.9947390646444031,0.005363164519263552,0.0012348553522863893,,,4,0,,,2020-03-14 15:00:00,,,0.0
2020-03-12 13:00:00,1584018000,1.12157,1.13338,1.11982,1.12392,7.0295,7.03618,7.02254,7.02679,30132.0,18950.2,1.775,1.828,1.774,1.813,24452.0,6311.8,2.433,2.458,2.429,2.4535,6817.0,3731.1,104.032,104.722,103.858,104.719,14560.0,9184.5,1.26595,1.2693,1.25946,1.26241,10842.0,3312.0,30.81,31.32,30.02,31.24,65408.0,24984.45,16.06,16.125,15.885,16.01,12084.0,3907.7,0.88598,0.89136,0.8854,0.89034,8312.0,2587.35,0.94173,0.9419,0.93769,0.93846,2390.0,1171.0,1610.0,1613.4,1585.4,1596.9,55018.0,16373.2,1.3839,1.38461,1.3765,1.37732,5576.0,2036.75,0.6348,0.63644,0.63336,0.63546,2862.0,1264.25,7.7815,7.78258,7.78118,7.78136,1319.0,1312.45,2020-03-12 13:00:00,72,0.945320046913132,-0.003634687328238906,,,,,0.9979091038508078,0.9895798408300834,0.005235003739695543,0.00203488502976822,,,4,0,,,2020-03-15 13:00:00,,,0.0
2020-03-13 08:00:00,1584086400,1.1182,1.12392,1.10554,1.12076,7.00137,7.0193,6.99886,7.00602,40738.0,34619.55,1.908,1.91,1.894,1.903,1296.0,7770.9,2.489,2.515,2.482,2.485,6986.0,5326.1,105.832,106.232,105.764,105.85,8801.0,11478.35,1.25775,1.26248,1.25718,1.25932,5995.0,5263.5,33.05,33.16,32.47,32.61,20890.0,30814.75,15.78,15.805,15.575,15.67,2503.0,6310.0,0.88906,0.8902,0.88635,0.88998,4374.0,3654.35,0.94422,0.94624,0.94314,0.94349,2674.0,2078.9,1591.5,1593.5,1578.7,1586.1,14787.0,24583.8,1.38412,1.38537,1.3824,1.383,3202.0,3528.5,0.62849,0.63008,0.62769,0.62908,1719.0,2194.9,7.76794,7.76802,7.76478,7.76714,3125.0,1721.65,2020-03-13 08:00:00,73,0.9507903724625832,-0.0028115880133817717,,,,,0.9977158356829295,0.9949106697985622,0.0048228549381568175,0.0025924790114459396,,,4,0,,,2020-03-16 08:00:00,,,0.0
2020-03-16 06:00:00,1584338400,1.1119,1.12078,1.1055,1.11401,7.01448,7.01976,7.00996,7.0133,21142.0,30397.2,1.84,1.844,1.831,1.841,682.0,7119.55,2.43,2.432,2.403,2.4045,4233.0,4313.0,106.48,106.582,106.16,106.432,5893.0,11471.35,1.23433,1.2373,1.23303,1.23334,3482.0,5570.65,30.81,30.93,30.33,30.34,9709.0,26077.2,14.64,14.66,14.565,14.58,1194.0,6860.15,0.90074,0.90351,0.90052,0.9032,2831.0,4110.4,0.94927,0.94954,0.9461,0.94723,1492.0,4692.6,1540.5,1547.4,1539.7,1543.7,7938.0,22764.55,1.38764,1.3898,1.38718,1.38962,854.0,3888.75,0.61668,0.61679,0.61242,0.61245,1635.0,2324.55,7.76536,7.76583,7.76378,7.76501,1670.0,1402.65,2020-03-16 06:00:00,76,0.9655071658143364,-0.0060226988829009676,,,,,0.99810594159837,0.99207694641232,0.003906523484664914,0.002855287906089735,,,4,0,,,2020-03-19 06:00:00,,,0.0
2020-03-16 17:00:00,1584378000,1.11616,1.12368,1.10944,1.11592,7.00451,7.00736,6.99954,7.00333,28407.0,30652.5,1.838,1.843,1.816,1.819,9288.0,3903.05,2.3905,2.394,2.3775,2.3815,3970.0,4974.5,105.699,105.99,105.602,105.956,16491.0,10915.3,1.22434,1.22588,1.22022,1.22344,8172.0,6130.9,29.09,29.34,28.59,28.79,33427.0,22432.45,13.12,13.195,12.635,12.87,8978.0,5950.85,0.9116,0.91498,0.91078,0.9121,5384.0,4602.05,0.94637,0.94708,0.94516,0.94708,2424.0,5222.0,1508.7,1513.5,1483.6,1491.9,29603.0,23743.85,1.39884,1.40188,1.39712,1.39806,8776.0,4545.3,0.61424,0.61466,0.61252,0.61314,1852.0,2318.85,7.76901,7.76904,7.76647,7.76796,753.0,1546.55,2020-03-16 17:00:00,76,0.9655071658143364,0.0017145267995799518,,,,,1.0002150691805864,0.9933077032607148,0.0032964458674313857,0.0029435194983580652,,,4,0,,,2020-03-19 17:00:00,,,0.0
2020-03-17 14:00:00,1584453600,1.0995,1.11894,1.09548,1.0971,7.03656,7.03928,7.02659,7.03436,45999.0,29389.25,1.792,1.807,1.767,1.777,11886.0,2779.6,2.327,2.348,2.3185,2.345,12189.0,3444.85,106.867,107.425,106.808,107.298,24607.0,13864.2,1.20488,1.2099,1.20288,1.20466,14019.0,5748.55,28.45,29.02,28.36,28.65,37664.0,15731.15,12.425,12.98,12.4,12.9,9652.0,3258.05,0.91254,0.91293,0.90656,0.9107,9389.0,3254.55,0.96027,0.9628,0.95914,0.96169,5186.0,1586.1,1493.7,1538.9,1491.8,1534.4,52023.0,14209.05,1.41328,1.4154,1.40842,1.41502,8608.0,3178.6,0.59988,0.6024,0.59826,0.59888,2616.0,1545.3,7.76432,7.76578,7.76402,7.76571,867.0,1073.35,2020-03-17 14:00:00,77,0.969843196967294,-0.01686500824431869,,,,,1.0021875854525566,0.9826264142849481,0.0012795879523062048,0.0026107331891476937,,,4,0,,,2020-03-20 14:00:00,,,0.0
2020-03-18 12:00:00,1584532800,1.09774,1.10454,1.09282,1.09304,7.04525,7.05412,7.04439,7.05409,17889.0,18319.1,1.662,1.663,1.619,1.62,8703.0,3291.75,2.2015,2.2125,2.177,2.185,5948.0,3573.0,107.279,107.647,107.279,107.643,11020.0,9064.15,1.19188,1.19188,1.18278,1.18442,10559.0,3862.7,25.27,25.41,24.88,24.92,30560.0,17217.0,12.435,12.63,11.685,12.1,15781.0,3632.4,0.92106,0.92722,0.92106,0.92289,6692.0,2469.1,0.96114,0.96494,0.96048,0.96486,2290.0,1561.9,1518.0,1523.9,1495.7,1497.4,32597.0,12720.0,1.43272,1.44088,1.43272,1.43953,8238.0,2434.1,0.59144,0.59148,0.58932,0.58956,1676.0,1312.6,7.76581,7.76742,7.76572,7.76742,1098.0,1299.95,2020-03-18 12:00:00,78,0.9738922359149924,-0.0037006653905751197,,,,,1.0042999341286687,0.993843590997157,-0.0006390282256671931,0.0019607809061847163,,,4,0,,,2020-03-21 12:00:00,,,0.0
2020-03-19 08:00:00,1584604800,1.08481,1.09816,1.08018,1.08375,7.11572,7.14843,7.11084,7.14596,50964.0,31601.5,1.655,1.683,1.651,1.669,2300.0,6917.85,2.087,2.1275,2.0845,2.1175,6690.0,4581.55,109.156,109.211,108.816,108.914,12746.0,12699.8,1.14868,1.15691,1.14755,1.15394,9179.0,5588.8,23.03,24.21,23.01,24.06,32152.0,36311.25,12.025,12.11,11.94,12.045,1792.0,4394.25,0.94438,0.94542,0.93922,0.93922,6683.0,4775.95,0.97247,0.97541,0.96918,0.97344,4082.0,2311.35,1485.4,1491.0,1478.5,1485.2,7901.0,15295.2,1.4569,1.45723,1.44606,1.44896,3412.0,5256.7,0.56689,0.57494,0.56623,0.57116,4874.0,3231.45,7.7648,7.76507,7.76065,7.76226,3874.0,1378.65,2020-03-19 08:00:00,79,0.977653084481664,-0.008499231501134519,,,,,1.0009780853517878,0.9878433015225468,-0.0028760177870346126,0.0009934211675408505,,,4,0,,,2020-03-22 08:00:00,,,0.0
2020-03-19 17:00:00,1584637200,1.06632,1.08692,1.06551,1.06842,7.14667,7.15576,7.14534,7.15368,28275.0,40685.05,1.65,1.656,1.622,1.641,7420.0,3329.25,2.185,2.188,2.1785,2.1845,2257.0,4421.25,110.197,110.384,110.049,110.379,18777.0,12902.65,1.16242,1.16746,1.15192,1.15549,10897.0,6884.55,25.43,25.92,24.9,25.62,74236.0,34671.05,12.08,12.17,12.065,12.12,3272.0,3127.35,0.91729,0.92625,0.9157,0.92456,7576.0,5602.35,0.98727,0.9878,0.98431,0.98624,3814.0,3144.6,1476.5,1483.0,1471.4,1474.9,15154.0,12134.45,1.44751,1.45066,1.4465,1.44758,8063.0,4436.1,0.58535,0.58554,0.57977,0.58068,3366.0,3800.3,7.76407,7.76452,7.76342,7.76451,920.0,2053.45,2020-03-19 17:00:00,79,0.977653084481664,-0.014145328719723294,,,,,0.9980344808221486,0.9810473631914031,-0.005818775787683972,-0.0003690182235041139,,,4,0,,,2020-03-22 17:00:00,,,0.0
2020-03-20 13:00:00,1584709200,1.07096,1.08312,1.06528,1.06933,7.1206,7.13786,7.11496,7.12932,53855.0,31366.1,1.666,1.68,1.61,1.617,14257.0,2814.05,2.206,2.236,2.191,2.195,7175.0,3060.3,110.366,110.996,110.364,110.941,12784.0,7849.5,1.17796,1.18047,1.17481,1.17647,8783.0,4351.15,25.54,26.14,24.22,24.48,93122.0,32913.1,12.48,12.7,12.46,12.57,4668.0,2647.5,0.90915,0.91082,0.90723,0.90886,5940.0,3774.2,0.98364,0.98646,0.9831,0.98546,3503.0,2181.9,1497.7,1501.9,1489.0,1493.2,21262.0,8667.3,1.42775,1.42986,1.4242,1.42981,5120.0,3233.4,0.58624,0.58934,0.58252,0.58281,2168.0,2226.3,7.75818,7.75926,7.75676,7.75897,1852.0,1444.55,2020-03-20 13:00:00,80,0.981124629771712,0.0008517249770689794,,,,,1.0015243189660816,0.9887731737942239,-0.007985451990042636,-0.0018923049768118183,,,4,0,,,2020-03-23 13:00:00,,,0.0
2020-03-23 10:00:00,1584957600,1.06836,1.07688,1.06361,1.06918,7.1426,7.15101,7.14013,7.14765,15716.0,30060.4,1.554,1.558,1.544,1.546,694.0,2632.0,2.067,2.0845,2.064,2.081,1619.0,3262.15,110.49,110.721,110.476,110.648,6490.0,8550.75,1.1602,1.1603,1.15508,1.15708,7276.0,4570.5,22.42,22.57,22.23,22.31,14453.0,35621.7,12.605,12.62,12.575,12.605,790.0,2106.3,0.92082,0.92465,0.92,0.92401,4550.0,4060.45,0.98708,0.98846,0.98535,0.98773,2889.0,2038.8,1495.6,1498.9,1494.4,1496.0,4545.0,8498.3,1.44726,1.44917,1.44672,1.44822,5726.0,3445.25,0.5751,0.57554,0.57276,0.57323,2805.0,3546.8,7.75588,7.75651,7.75504,7.7555,1751.0,1421.8,2020-03-23 10:00:00,83,0.9897936029670716,-0.0001402747514798186,,,,,0.9992330571091864,0.9920882549587697,-0.009603953835308765,-0.0034346347485112077,,,4,0,,,2020-03-26 10:00:00,,,0.0
2020-03-24 07:00:00,1585033200,1.08347,1.08662,1.06665,1.08303,7.09102,7.09655,7.08671,7.0954,40008.0,30930.95,1.607,1.609,1.591,1.597,294.0,2595.4,2.1405,2.1555,2.1355,2.1485,1921.0,3761.2,110.356,110.694,110.324,110.534,9083.0,9763.95,1.16574,1.16702,1.16282,1.16434,3892.0,4863.8,24.59,24.65,24.24,24.45,11295.0,27795.15,13.74,13.79,13.63,13.765,2064.0,3842.9,0.92945,0.93096,0.92814,0.93014,3496.0,3665.15,0.97746,0.97804,0.97578,0.97759,4079.0,2303.9,1598.3,1603.4,1593.3,1603.0,8457.0,15422.85,1.43958,1.44179,1.43873,1.44002,3261.0,4869.4,0.5957,0.59696,0.59388,0.59472,2759.0,3214.0,7.756,7.75622,7.7553,7.75561,1465.0,952.75,2020-03-24 07:00:00,84,0.992098522791769,0.012953852485081851,,,,,1.000406267601082,0.9971011025013344,-0.0096577207643882,-0.004679251951686607,,,4,0,,,2020-03-27 07:00:00,,,0.0
2020-03-25 08:00:00,1585123200,1.08071,1.0888,1.0746,1.08337,7.11358,7.12448,7.1126,7.1163,36949.0,18011.25,1.71,1.712,1.703,1.709,168.0,1841.9,2.2145,2.215,2.1875,2.2045,2470.0,3251.2,111.464,111.568,111.301,111.31,8536.0,8045.15,1.18378,1.19288,1.1816,1.19232,7160.0,4511.3,24.8,24.8,24.39,24.54,22565.0,23313.05,14.495,14.505,14.395,14.495,2324.0,3600.4,0.91292,0.91428,0.90815,0.9086,4854.0,2835.7,0.98226,0.98285,0.97907,0.97994,3247.0,1528.65,1651.7,1653.7,1641.7,1649.4,9698.0,12196.7,1.43648,1.44004,1.42969,1.43053,5862.0,2858.0,0.60398,0.60737,0.60234,0.60626,2828.0,1977.95,7.75381,7.75517,7.75298,7.75514,2598.0,1106.15,2020-03-25 08:00:00,85,0.9941098647022418,0.0003139340553817149,,,,,0.9975446984871282,0.9925698016164586,-0.009562663848260877,-0.005655934331001461,,,4,0,,,2020-03-28 08:00:00,,,0.0
2020-03-26 11:00:00,1585220400,1.09538,1.09784,1.07851,1.09597,7.10336,7.10378,7.09522,7.10372,20720.0,23225.9,1.667,1.668,1.64,1.657,443.0,423.7,2.1825,2.191,2.179,2.181,1882.0,2145.35,109.982,109.982,109.582,109.734,7554.0,6699.5,1.19428,1.20022,1.19377,1.19692,5627.0,4060.15,23.69,23.98,23.66,23.74,11935.0,16908.55,14.625,14.815,14.605,14.74,2464.0,1995.75,0.91723,0.9179,0.91443,0.9153,3907.0,2725.45,0.971,0.97116,0.96918,0.97056,1769.0,1131.65,1629.2,1642.9,1626.7,1641.7,6073.0,5389.15,1.41437,1.41504,1.41078,1.41469,4411.0,2756.75,0.59738,0.60248,0.59727,0.5996,1906.0,1513.1,7.75368,7.75444,7.75275,7.75276,1335.0,858.7,2020-03-26 11:00:00,86,0.9958270335100596,0.011630375587287967,,,,,0.9994616640966449,0.9977592363185893,-0.008374084625104139,-0.006199564389821997,,,4,0,,,2020-03-29 11:00:00,,,0.0
2020-03-27 11:00:00,1585306800,1.10158,1.1087,1.09276,1.10061,7.10412,7.11018,7.09934,7.10761,10914.0,22339.4,1.686,1.687,1.664,1.664,1489.0,981.4,2.184,2.1915,2.1675,2.172,2148.0,1885.4,108.624,108.835,108.529,108.824,5996.0,6079.35,1.22772,1.22962,1.21809,1.2221,9599.0,4103.35,22.62,22.7,22.33,22.45,13428.0,17052.95,14.665,14.755,14.54,14.545,1256.0,1454.75,0.89728,0.90402,0.89627,0.90064,6247.0,2709.2,0.96165,0.96272,0.96012,0.96238,1997.0,1260.15,1623.6,1626.4,1612.6,1616.1,2120.0,3594.4,1.40689,1.408,1.40616,1.40786,3346.0,2860.0,0.60863,0.60941,0.60582,0.60586,1761.0,1834.4,7.75184,7.75186,7.75106,7.75117,421.0,765.85,2020-03-27 11:00:00,87,0.9972495210773452,0.004233692528080146,,,,,1.0008813294445806,0.9935780643997474,-0.006977287973057189,-0.006355109106469036,,,4,0,,,2020-03-30 11:00:00,,,0.0
2020-03-30 14:00:00,1585576800,1.10318,1.11477,1.09536,1.10296,7.11914,7.11938,7.10976,7.11305,31456.0,22562.05,1.659,1.669,1.648,1.665,11542.0,3055.55,2.157,2.1595,2.146,2.148,3232.0,1788.65,107.876,108.164,107.655,108.065,10758.0,5001.35,1.23788,1.24418,1.2376,1.24176,11069.0,4002.15,20.13,20.55,19.85,20.28,53379.0,20089.45,14.335,14.39,14.255,14.295,3062.0,2222.45,0.89114,0.89118,0.88668,0.88824,4942.0,2287.9,0.957,0.96022,0.95626,0.95985,2127.0,1073.45,1648.0,1651.3,1644.3,1648.1,9671.0,4946.6,1.4169,1.4184,1.41186,1.41584,5452.0,2781.0,0.61474,0.61721,0.61412,0.61557,3414.0,2070.7,7.75492,7.75496,7.75374,7.75386,1158.0,716.8,2020-03-30 14:00:00,90,0.9997451236925734,0.002135179582231528,,,,,1.0001994632624938,0.9896032365420669,-0.005615953981019661,-0.006207278081379161,,,4,0,,,2020-04-02 14:00:00,,,0.0
2020-03-31 17:00:00,1585674000,1.09712,1.1056,1.09267,1.10024,7.0957,7.10045,7.09315,7.09395,25963.0,25253.4,1.656,1.663,1.638,1.643,10122.0,3333.85,2.2285,2.2325,2.2205,2.2285,2373.0,2540.15,107.78,107.936,107.664,107.699,7704.0,6600.25,1.23975,1.24155,1.23586,1.24068,7482.0,5357.35,20.21,20.68,20.05,20.45,34006.0,21517.35,14.215,14.22,14.055,14.175,5363.0,2082.7,0.88496,0.8876,0.88496,0.88682,3699.0,2850.45,0.96586,0.96636,0.96382,0.96428,1406.0,1233.3,1611.5,1612.0,1594.0,1605.3,24772.0,6902.2,1.41863,1.42268,1.41036,1.41204,6571.0,3744.75,0.61016,0.6121,0.60823,0.61148,2292.0,2424.85,7.75136,7.75206,7.75084,7.75102,524.0,990.95,2020-03-31 17:00:00,91,0.9999855506507186,-0.00246609124537589,,,,,0.9971642550716208,0.9923299565846601,-0.0047023623464486075,-0.00590629493439305,,,4,0,,,2020-04-03 17:00:00,,,0.0
2020-04-02 09:00:00,1585818000,1.0919,1.10377,1.09028,1.0935,7.11586,7.11987,7.10969,7.11413,16239.0,15220.0,1.61,1.618,1.593,1.595,932.0,3879.0,2.1905,2.195,2.1865,2.187,662.0,2038.95,107.309,107.346,107.256,107.301,3370.0,3539.65,1.24244,1.24634,1.24085,1.24614,3898.0,2457.0,22.07,22.38,22.0,22.22,14531.0,24736.9,14.3,14.34,14.27,14.31,515.0,1642.6,0.87884,0.88023,0.87748,0.8775,2379.0,1459.45,0.96756,0.96778,0.96618,0.96656,781.0,589.4,1599.8,1604.6,1597.8,1604.1,3690.0,6205.1,1.41253,1.41332,1.40948,1.41124,2369.0,2403.0,0.60986,0.61122,0.609,0.60987,1048.0,1196.15,7.75204,7.7523,7.75188,7.75202,608.0,978.3,2020-04-02 09:00:00,93,0.9995786855478958,-0.006125936159383616,,,,,0.9985368084133518,0.9892459479782927,-0.004470661067551784,-0.005619168161024798,,,4,0,,,2020-04-05 09:00:00,,,0.0
2020-04-03 15:00:00,1585926000,1.07977,1.09377,1.07728,1.07979,7.11154,7.11774,7.11086,7.11661,19184.0,18602.7,1.578,1.591,1.57,1.579,10463.0,3249.15,2.196,2.198,2.186,2.1915,2182.0,1793.55,108.504,108.618,108.412,108.524,4048.0,3836.1,1.22574,1.22606,1.22052,1.22248,5069.0,2747.65,26.99,27.1,26.38,26.62,54326.0,32591.9,14.63,14.64,14.44,14.51,2501.0,1455.2,0.8809,0.88363,0.88062,0.88324,2927.0,1620.9,0.97782,0.97903,0.97696,0.97767,945.0,666.4,1645.0,1647.6,1637.4,1642.5,12416.0,5488.3,1.4104,1.41534,1.41,1.4135,4372.0,2621.75,0.60116,0.60186,0.59896,0.6,1749.0,1095.9,7.75266,7.75348,7.75229,7.75342,1198.0,870.2,2020-04-03 15:00:00,94,0.9989315138848576,-0.012537722908093185,,,,,0.9999814778799581,0.9872002340528631,-0.005331856235737176,-0.005561705775967273,,,4,0,,,2020-04-06 15:00:00,,,0.0
2020-04-07 12:00:00,1586260800,1.08777,1.09174,1.07684,1.09051,7.06809,7.06867,7.05534,7.05639,16906.0,14241.65,1.821,1.829,1.797,1.799,9824.0,3576.05,2.3155,2.3165,2.2915,2.2935,5107.0,2475.65,108.959,109.022,108.824,108.998,5675.0,3516.55,1.23478,1.23844,1.23429,1.23694,4382.0,2777.2,26.25,26.7,26.05,26.56,25741.0,16728.8,15.625,15.755,15.595,15.68,4002.0,2136.15,0.88093,0.88233,0.8803,0.88164,2765.0,1696.85,0.97234,0.97292,0.96984,0.97056,935.0,510.25,1701.0,1712.4,1700.7,1704.4,11808.0,7977.5,1.40268,1.40361,1.39634,1.39733,4554.0,2110.25,0.61896,0.62084,0.61882,0.61956,935.0,921.9,7.75212,7.75222,7.75204,7.75209,793.0,878.25,2020-04-07 12:00:00,98,0.9933900548258936,0.00992785634243698,,,,,0.9974874141456748,0.9963636030556726,-0.005090663205276069,-0.005467497261829032,,,4,0,,,2020-04-10 12:00:00,,,0.0
2020-04-09 10:00:00,1586426400,1.08866,1.09265,1.08301,1.086,7.06712,7.06994,7.06511,7.06818,7625.0,12410.2,1.771,1.78,1.763,1.774,1656.0,4251.7,2.256,2.2595,2.251,2.2565,872.0,1565.7,108.808,108.84,108.726,108.828,3784.0,2798.55,1.24317,1.24479,1.24246,1.24391,2733.0,1665.4,26.51,27.1,26.41,27.01,22915.0,22715.3,15.45,15.515,15.445,15.49,661.0,976.35,0.87572,0.8758,0.87252,0.87305,1819.0,966.3,0.96954,0.97188,0.96932,0.97157,492.0,360.2,1702.9,1708.3,1702.9,1706.8,4725.0,3944.75,1.40451,1.40512,1.40336,1.40355,2079.0,1631.05,0.62306,0.62392,0.62232,0.62294,566.0,687.0,7.75468,7.75468,7.75356,7.75376,551.0,806.0,2020-04-09 10:00:00,100,0.9888537064205885,-0.0041356796361335935,,,,,1.0024493554327807,0.9963483274607606,-0.0052034531306381915,-0.0054146884355908646,,,4,0,,,2020-04-12 10:00:00,,,0.0
2020-04-14 13:00:00,1586869200,1.0971,1.0976,1.08498,1.09606,7.0573,7.05936,7.05402,7.05482,13906.0,13843.6,1.694,1.694,1.656,1.675,18470.0,2961.55,2.3225,2.3355,2.3215,2.3285,3080.0,1399.95,107.371,107.448,107.258,107.281,5366.0,2501.85,1.2581,1.26024,1.25608,1.25972,3284.0,1577.8,21.34,21.86,21.18,21.86,43047.0,16294.75,16.07,16.245,16.025,16.21,4623.0,1786.2,0.87206,0.87246,0.86978,0.87009,1787.0,998.55,0.96105,0.96229,0.96102,0.96212,735.0,427.65,1770.0,1777.6,1763.8,1777.0,17807.0,7467.75,1.39071,1.39185,1.38774,1.38794,2884.0,1581.6,0.64062,0.64062,0.63948,0.63984,760.0,619.7,7.75122,7.75144,7.751,7.75124,753.0,531.75,2020-04-14 13:00:00,105,0.9724075561219968,0.009263351749539517,,,,,1.0009488531649726,0.9995444606413995,-0.004430015572096879,-0.005217753862892067,,,4,0,,,2020-04-17 13:00:00,,,0.0
2020-04-16 13:00:00,1587042000,1.08895,1.09896,1.08532,1.08788,7.07894,7.08412,7.07777,7.0831,20128.0,17048.95,1.594,1.595,1.562,1.571,14186.0,2736.0,2.3145,2.318,2.3055,2.306,2463.0,1030.75,107.508,107.607,107.436,107.452,6184.0,3280.2,1.25013,1.25149,1.24878,1.25059,3738.0,1836.0,20.22,20.4,20.01,20.01,22135.0,10632.2,15.725,15.755,15.62,15.7,5656.0,1471.3,0.87108,0.87119,0.86968,0.86991,1649.0,958.0,0.96586,0.96712,0.96544,0.96656,932.0,483.1,1753.3,1755.3,1743.1,1749.8,24572.0,6447.8,1.40684,1.41079,1.40632,1.41076,4088.0,1854.8,0.63187,0.63233,0.63044,0.63168,1294.0,895.35,7.751,7.75102,7.75054,7.75058,450.0,434.25,2020-04-16 13:00:00,107,0.9638074231367308,-0.007463095086035487,,,,,1.0009835643637166,0.9908913882215915,-0.0044260970795404475,-0.005059422506221743,,,4,0,,,2020-04-19 13:00:00,,,0.0
2020-04-20 13:00:00,1587387600,1.08627,1.08968,1.0812,1.08646,7.08454,7.08818,7.08012,7.08422,18629.0,15264.75,1.726,1.812,1.724,1.808,24491.0,3891.65,2.3185,2.322,2.313,2.3155,4124.0,1508.5,107.746,107.843,107.696,107.79,5303.0,2558.65,1.24392,1.24484,1.24224,1.24366,3042.0,1493.65,11.35,12.45,10.77,11.7,7198.0,4179.05,15.415,15.535,15.365,15.535,2889.0,1105.8,0.87328,0.87438,0.87276,0.87359,1327.0,830.9,0.96826,0.96918,0.96738,0.96793,778.0,479.95,1701.3,1708.0,1695.4,1705.6,16486.0,6827.0,1.41034,1.41213,1.40592,1.40613,4171.0,1452.6,0.63648,0.63794,0.63552,0.63722,1090.0,652.55,7.75032,7.75038,7.75024,7.75034,118.0,439.3,2020-04-20 13:00:00,111,0.9431964659565866,-0.0013052910247453031,,,,,0.9998251201148686,0.9968706409221056,-0.004485863536033197,-0.004944710712184035,,,4,0,,,2020-04-23 13:00:00,,,0.0
2020-04-22 19:00:00,1587582000,1.08198,1.08873,1.08032,1.08182,7.09866,7.10233,7.09853,7.10228,7081.0,13717.45,1.94,1.945,1.921,1.925,2848.0,4625.0,2.2845,2.287,2.2835,2.2855,371.0,2338.35,107.713,107.754,107.7,107.705,1388.0,2942.4,1.23182,1.23288,1.23104,1.232,1174.0,1940.5,14.1,14.19,13.74,13.75,12489.0,44145.4,15.26,15.315,15.23,15.295,910.0,1740.85,0.87836,0.8786,0.87774,0.87808,554.0,1058.75,0.97218,0.97269,0.97194,0.97218,184.0,395.75,1736.5,1737.9,1733.7,1737.6,4027.0,8849.65,1.41858,1.41959,1.41704,1.41832,2199.0,2565.05,0.6322,0.63288,0.632,0.63216,258.0,754.4,7.75002,7.7501,7.75002,7.75008,80.0,131.8,2020-04-22 19:00:00,113,0.9312100364121948,-0.004270750879001528,,,,,1.0001478989110941,0.993800115731173,-0.004851710605524362,-0.0049261106908521,,,4,0,,,2020-04-25 19:00:00,,,0.0
2020-04-24 18:00:00,1587751200,1.07942,1.08468,1.07272,1.07978,7.09457,7.09497,7.09241,7.09411,6360.0,14006.15,1.725,1.759,1.722,1.743,6688.0,1813.6,2.345,2.3465,2.339,2.341,872.0,1363.45,107.444,107.466,107.414,107.437,1676.0,3052.25,1.23486,1.23613,1.23446,1.2352,1276.0,1839.9,17.22,17.33,16.18,17.21,52662.0,21821.9,15.32,15.325,15.275,15.305,605.0,1424.35,0.87416,0.87432,0.87337,0.87418,669.0,1070.2,0.97533,0.97574,0.97484,0.9751,253.0,523.75,1740.6,1742.0,1736.8,1739.2,5057.0,8119.7,1.41066,1.41134,1.40972,1.41052,1795.0,1782.8,0.63806,0.6384,0.63778,0.6382,194.0,583.85,7.75062,7.7508,7.75054,7.7506,131.0,421.25,2020-04-24 18:00:00,115,0.9181214482844364,-0.0018857111164519713,,,,,0.9996665987515976,0.9951506435077626,-0.00524578781831031,-0.004990046116343743,,,4,0,,,2020-04-27 18:00:00,,,0.0
2020-04-29 10:00:00,1588154400,1.08558,1.08886,1.07968,1.08508,7.08196,7.08348,7.08191,7.08326,4539.0,8974.85,1.96,1.962,1.945,1.952,904.0,4069.55,2.353,2.355,2.347,2.3505,914.0,909.4,106.506,106.508,106.448,106.492,2137.0,2197.8,1.24171,1.24195,1.2395,1.24006,1804.0,1120.95,14.21,14.3,13.85,13.97,11893.0,19324.75,15.47,15.495,15.445,15.445,730.0,905.65,0.87426,0.87518,0.87378,0.87502,924.0,536.0,0.97358,0.97469,0.97298,0.97452,429.0,307.55,1719.9,1721.9,1716.6,1717.1,3479.0,4981.35,1.39398,1.39536,1.39377,1.39514,841.0,1114.0,0.65106,0.65145,0.65078,0.65121,344.0,437.3,7.75047,7.75048,7.75005,7.75031,487.0,461.75,2020-04-29 10:00:00,120,0.8806828564301475,0.004908407268147341,,,,,1.0004607955173812,0.9969876751832192,-0.005071964690797293,-0.005006429831234453,,,4,0,,,2020-05-02 10:00:00,,,0.0
2020-05-01 07:00:00,1588316400,1.09602,1.09725,1.0833,1.09647,7.13181,7.13548,7.12969,7.13056,16399.0,13024.25,1.936,1.952,1.935,1.951,814.0,6513.6,2.289,2.299,2.2885,2.2955,2623.0,2249.5,107.093,107.121,106.93,106.942,3395.0,4089.8,1.2557,1.25675,1.25472,1.25564,2050.0,2288.15,19.0,19.28,18.74,18.87,7492.0,17309.65,14.93,14.975,14.82,14.88,1517.0,2574.95,0.87284,0.87338,0.87222,0.87324,1197.0,1177.15,0.96369,0.9646,0.963,0.96316,587.0,685.1,1682.8,1685.6,1676.0,1678.4,7841.0,10059.85,1.40237,1.40412,1.40166,1.40376,1614.0,1861.75,0.64522,0.64578,0.6438,0.64484,690.0,867.45,7.75204,7.75224,7.752,7.75219,503.0,353.85,2020-05-01 07:00:00,122,0.8638670987837349,0.010496921885943866,,,,,0.9995895920545022,0.9988790157211209,-0.00396937432376232,-0.004799018729740027,,,4,0,,,2020-05-04 07:00:00,,,0.0
2020-05-05 13:00:00,1588683600,1.08418,1.10192,1.08261,1.08789,7.12148,7.1215,7.11114,7.11365,13368.0,10749.0,2.087,2.143,2.082,2.137,31686.0,6426.8,2.3195,2.329,2.3155,2.3215,2847.0,1194.65,106.691,106.718,106.516,106.586,5279.0,2234.1,1.24548,1.24811,1.2454,1.24711,3962.0,1626.8,23.09,24.22,22.97,24.02,37913.0,10252.25,14.95,15.115,14.915,15.005,6001.0,1140.3,0.8705,0.87254,0.87035,0.87228,2076.0,830.85,0.9712,0.9713,0.96816,0.96864,1037.0,421.1,1702.8,1713.7,1698.0,1704.5,31498.0,5911.25,1.40441,1.40446,1.40084,1.40366,2607.0,1193.2,0.64456,0.64762,0.64448,0.6465,1358.0,536.7,7.75212,7.7534,7.7521,7.75326,460.0,545.5,2020-05-05 13:00:00,126,0.8271893372462497,-0.007825111494158543,,,,,0.9965897287409572,0.98390082764629,-0.0037447308815126146,-0.004588161160094545,,,4,0,,,2020-05-08 13:00:00,,,0.0
2020-05-07 18:00:00,1588874400,1.08308,1.08842,1.07666,1.0826,7.09139,7.094,7.09086,7.0926,10752.0,14768.9,1.912,1.916,1.886,1.897,20161.0,7720.2,2.3835,2.3845,2.3775,2.378,689.0,2232.2,106.234,106.339,106.218,106.29,3366.0,3278.15,1.23732,1.23786,1.23528,1.23567,1818.0,2148.4,24.23,24.46,22.94,23.35,28567.0,10467.15,15.665,15.695,15.525,15.595,2828.0,2119.15,0.87538,0.87628,0.87496,0.87614,911.0,1209.0,0.97319,0.97378,0.97297,0.9734,330.0,501.55,1730.6,1733.2,1723.0,1728.3,13894.0,9623.4,1.3975,1.39949,1.39687,1.3992,1737.0,1551.25,0.64985,0.65017,0.64857,0.64874,395.0,667.4,7.75138,7.75146,7.75127,7.7514,154.0,299.25,2020-05-07 18:00:00,128,0.8073707443023492,-0.004862623978527214,,,,,1.0004433770552374,0.9950938057000056,-0.003948047490786921,-0.00446013842623302,,,4,0,,,2020-05-10 18:00:00,,,0.0
2020-05-12 12:00:00,1589284800,1.08487,1.08755,1.07845,1.08595,7.09344,7.09593,7.0891,7.09212,11797.0,9451.95,1.83,1.842,1.774,1.778,15696.0,4310.95,2.3755,2.3855,2.373,2.377,3007.0,1629.55,107.331,107.452,107.32,107.432,3762.0,2286.0,1.23708,1.23776,1.23506,1.23606,3030.0,1529.3,25.5,25.53,25.23,25.43,4619.0,2829.7,15.82,15.825,15.71,15.77,2360.0,957.85,0.87695,0.8792,0.87643,0.87857,1517.0,765.0,0.96966,0.97029,0.96842,0.96866,749.0,292.95,1708.7,1708.8,1701.3,1704.3,12655.0,4495.05,1.3973,1.39928,1.39728,1.39889,1554.0,1056.95,0.65281,0.65362,0.65154,0.65165,826.0,577.5,7.75046,7.7505,7.75032,7.7504,111.0,221.2,2020-05-12 12:00:00,133,0.753697664392914,0.0030944023646775065,,,,,0.9990054790736222,0.9975357454829663,-0.003795112669098266,-0.004327133274806069,,,4,0,,,2020-05-15 12:00:00,,,0.0
2020-05-14 14:00:00,1589464800,1.07906,1.08965,1.0775,1.08114,7.1284,7.12957,7.11802,7.11855,19318.0,10362.9,1.645,1.695,1.639,1.683,25253.0,5275.2,2.324,2.346,2.323,2.344,5577.0,2007.6,106.894,107.058,106.858,107.041,5465.0,2290.5,1.21921,1.22186,1.21859,1.21988,4092.0,1781.1,25.91,26.34,25.89,26.28,8664.0,2535.05,15.915,16.085,15.895,16.05,12007.0,1717.8,0.88504,0.88636,0.88488,0.88624,1928.0,919.25,0.97382,0.97392,0.97137,0.97176,1158.0,370.25,1742.8,1746.5,1738.5,1740.8,32207.0,8463.1,1.41276,1.41409,1.40824,1.41006,4287.0,1462.4,0.64154,0.64386,0.64142,0.64212,1583.0,742.3,7.7507,7.7512,7.7506,7.75118,511.0,220.05,2020-05-14 14:00:00,135,0.7306444969184918,-0.004429301533219743,,,,,0.9980761048522855,0.9902812829807736,-0.004015746496332628,-0.004264855919111381,,,4,0,,,2020-05-17 14:00:00,,,0.0
2020-05-19 01:00:00,1589850000,1.0919,1.09271,1.07802,1.09112,7.11686,7.12398,7.11631,7.11989,16049.0,10835.45,1.78,1.781,1.775,1.779,290.0,7146.45,2.4255,2.4295,2.4155,2.417,3907.0,3022.5,107.315,107.444,107.305,107.418,2331.0,2608.8,1.22174,1.22174,1.22054,1.22066,1052.0,1988.3,32.63,32.66,32.05,32.25,9745.0,19668.85,17.52,17.545,17.385,17.505,1975.0,3732.55,0.89374,0.894,0.89343,0.89387,468.0,1001.35,0.9715,0.97209,0.9714,0.97184,180.0,497.15,1738.5,1741.7,1736.1,1741.0,6424.0,11199.85,1.39308,1.39475,1.39308,1.39463,892.0,1216.1,0.65416,0.6543,0.6523,0.65255,776.0,584.85,7.75124,7.75126,7.75106,7.75114,233.0,205.3,2020-05-19 01:00:00,140,0.6692903895412567,0.009230996910668532,,,,,1.0007148617933865,0.9992587237235864,-0.0033467189080251813,-0.004081228516894141,,,4,0,,,2020-05-22 01:00:00,,,0.0
2020-05-21 11:00:00,1590058800,1.09851,1.10033,1.09022,1.09938,7.11582,7.11834,7.11116,7.11744,15065.0,11175.4,1.733,1.754,1.715,1.749,4145.0,3606.55,2.4525,2.454,2.4445,2.4485,3046.0,1902.05,107.722,107.761,107.69,107.698,2647.0,1941.75,1.22296,1.22439,1.22189,1.2225,2637.0,1249.15,34.25,34.29,33.95,33.96,9487.0,11816.45,17.675,17.755,17.645,17.705,1547.0,1656.15,0.89823,0.89958,0.89786,0.8993,1301.0,620.25,0.96563,0.9667,0.96508,0.96641,389.0,205.4,1735.8,1741.0,1734.2,1737.0,8220.0,5465.05,1.3917,1.3927,1.38985,1.39248,1360.0,901.9,0.65684,0.65844,0.6568,0.65756,541.0,430.6,7.75206,7.75384,7.75201,7.7537,754.0,385.3,2020-05-21 11:00:00,142,0.6433365204044917,0.007570203094068528,,,,,0.9992086448725646,0.9983459507602266,-0.0021254953683764732,-0.003690081887190608,,,4,0,,,2020-05-24 11:00:00,,,0.0
2020-05-26 13:00:00,1590498000,1.09709,1.10084,1.08706,1.09796,7.13772,7.14022,7.13564,7.13857,15426.0,10372.8,1.785,1.792,1.751,1.755,2057.0,415.65,2.435,2.4355,2.427,2.4295,5290.0,1806.25,107.45,107.66,107.445,107.622,4748.0,1900.4,1.2344,1.23532,1.23289,1.23397,2927.0,1537.15,34.41,34.81,34.17,34.2,45612.0,8750.15,17.92,18.02,17.795,17.8,8780.0,2030.35,0.8888,0.89029,0.8881,0.88973,1434.0,765.05,0.96608,0.9665,0.96551,0.96572,595.0,240.15,1724.9,1726.8,1713.5,1714.5,27147.0,6130.75,1.38236,1.38388,1.38112,1.383,2699.0,1294.15,0.66414,0.6652,0.66402,0.6645,965.0,428.45,7.75204,7.75224,7.75166,7.75187,453.0,420.45,2020-05-26 13:00:00,147,0.5751899607119775,-0.0012916371045498254,,,,,0.9992076214069728,0.996593510410232,-0.00125775048268717,-0.0032036156062899205,,,4,0,,,2020-05-29 13:00:00,,,0.0
2020-05-28 09:00:00,1590656400,1.0999,1.10354,1.09338,1.10096,7.17624,7.18072,7.17356,7.17518,15436.0,15862.25,1.867,1.889,1.866,1.879,2847.0,5920.2,2.394,2.398,2.3895,2.3935,1357.0,2776.35,107.822,107.822,107.696,107.726,4127.0,2758.45,1.22545,1.22842,1.22471,1.22576,3081.0,1891.85,31.87,32.73,31.85,32.21,25486.0,17858.55,17.9,17.935,17.89,17.935,1245.0,2636.05,0.89755,0.89831,0.89638,0.89818,1492.0,885.05,0.9697,0.96985,0.96875,0.96908,677.0,392.9,1735.5,1740.7,1735.0,1740.3,5640.0,4546.4,1.37845,1.37898,1.37562,1.37718,2069.0,1572.05,0.66047,0.66266,0.66014,0.66142,969.0,714.4,7.75415,7.75415,7.75296,7.75303,592.0,538.4,2020-05-28 09:00:00,149,0.5467112728685939,0.0027323399759553446,,,,,0.9990372038947829,0.9967015241858022,-0.00032424380036455425,-0.0026277412451048477,,,4,0,,,2020-05-31 09:00:00,,,0.0
2020-05-29 18:00:00,1590775200,1.10913,1.11454,1.09962,1.10995,7.1635,7.16964,7.15478,7.15522,32699.0,17513.9,1.802,1.86,1.801,1.841,38768.0,7347.0,2.424,2.4525,2.423,2.452,3902.0,2482.1,107.852,107.89,107.748,107.804,4186.0,4040.0,1.231,1.2333,1.23051,1.23258,5474.0,3168.5,34.01,35.77,33.9,35.24,92033.0,17666.3,18.51,18.55,18.415,18.44,3856.0,2763.85,0.901,0.90103,0.89984,0.90051,1596.0,1331.4,0.96169,0.9626,0.96122,0.96188,764.0,591.8,1750.7,1754.5,1746.6,1747.2,7801.0,6629.75,1.38082,1.38187,1.3778,1.37802,5368.0,2124.2,0.66368,0.66631,0.66332,0.66612,2191.0,951.6,7.75238,7.75238,7.7518,7.75208,323.0,705.7,2020-05-29 18:00:00,150,0.5322271388474397,0.008165600930097439,,,,,0.9992612279832425,0.9951459795072405,0.0011279821621430486,-0.0018765965636552686,,,4,0,,,2020-06-01 18:00:00,,,0.0
2020-06-02 13:00:00,1591102800,1.11651,1.1189,1.1086,1.1189,7.11623,7.11918,7.11185,7.11187,15157.0,11628.9,1.786,1.798,1.777,1.785,17065.0,4199.05,2.482,2.4915,2.48,2.4905,7182.0,1816.35,108.306,108.472,108.304,108.336,6379.0,2764.6,1.2549,1.25699,1.25433,1.25638,3736.0,2110.7,35.88,36.08,35.56,36.01,37416.0,10240.8,18.735,18.8,18.68,18.715,5891.0,1637.0,0.88972,0.8909,0.88903,0.89058,1625.0,1020.85,0.96272,0.96301,0.96082,0.96083,799.0,415.25,1751.4,1755.9,1751.3,1755.8,15289.0,4489.45,1.35354,1.35439,1.35224,1.35224,2807.0,1284.4,0.68575,0.68674,0.68471,0.68674,1249.0,677.35,7.75094,7.75094,7.75056,7.75061,193.0,246.75,2020-06-02 13:00:00,154,0.4727592092862775,0.008063426280463082,,,,,0.9978639735454463,0.9978639735454463,0.002966871652288372,-0.0009079029204665406,,,4,0,,,2020-06-05 13:00:00,,,0.0
2020-06-04 06:00:00,1591250400,1.12147,1.12579,1.11611,1.12119,7.12658,7.13262,7.12564,7.12722,17116.0,14580.05,1.822,1.823,1.815,1.82,548.0,6808.9,2.4735,2.4765,2.4705,2.475,2047.0,2146.25,109.043,109.151,109.034,109.045,3672.0,3130.25,1.25382,1.25426,1.25245,1.25314,1854.0,1996.1,36.57,36.72,36.43,36.64,5577.0,17956.05,17.87,17.87,17.785,17.84,1919.0,2989.0,0.89444,0.8948,0.89368,0.89472,902.0,890.3,0.96141,0.96206,0.96053,0.961,362.0,404.0,1703.6,1703.8,1698.9,1703.0,6618.0,10813.35,1.35092,1.3529,1.35028,1.35228,1261.0,1717.45,0.6906,0.69148,0.68836,0.68912,838.0,935.35,7.75024,7.75026,7.75019,7.75024,98.0,177.0,2020-06-04 06:00:00,156,0.442168151967072,0.0020466529627312102,,,,,1.000249734656927,0.9961626946410964,0.004556464595823151,0.00018497058279139773,,,4,0,,,2020-06-07 06:00:00,,,0.0
2020-06-05 11:00:00,1591354800,1.13285,1.13839,1.11946,1.13356,7.09287,7.09482,7.09038,7.09201,14407.0,15241.0,1.828,1.839,1.819,1.827,2810.0,2241.2,2.528,2.5375,2.5245,2.536,4359.0,2224.6,109.256,109.294,109.228,109.232,3162.0,2726.6,1.26334,1.26646,1.26236,1.2663,4343.0,2108.6,38.31,38.48,38.2,38.43,8206.0,9824.6,17.845,17.88,17.725,17.865,1789.0,1305.15,0.89668,0.89786,0.89514,0.8952,2296.0,1024.55,0.95772,0.95879,0.95744,0.95824,420.0,346.8,1709.9,1711.1,1707.1,1709.8,4329.0,5595.8,1.34808,1.34834,1.34389,1.34466,1723.0,1304.4,0.69742,0.69852,0.69678,0.69812,728.0,811.9,7.75018,7.75022,7.7499,7.7501,97.0,99.35,2020-06-05 11:00:00,157,0.4266740831899246,0.011032920379239863,,,,,0.9993736546808285,0.9951334779820623,0.0067367272769878195,0.0014953219216306823,,,4,0,,,2020-06-08 11:00:00,,,0.0
2020-06-09 03:00:00,1591671600,1.12876,1.13436,1.12682,1.12875,7.07358,7.07474,7.0709,7.07404,12567.0,12017.0,1.814,1.817,1.813,1.816,334.0,4497.2,2.5855,2.5905,2.584,2.5885,1099.0,2202.15,108.174,108.175,108.076,108.102,1942.0,3212.8,1.27179,1.27214,1.27104,1.27132,664.0,1861.75,38.41,38.63,38.3,38.54,3917.0,14565.95,17.845,17.865,17.83,17.84,508.0,2014.1,0.88754,0.88798,0.88746,0.88787,324.0,864.75,0.95809,0.9584,0.95792,0.9583,73.0,359.65,1700.9,1702.9,1700.2,1701.3,2314.0,6681.85,1.33884,1.33948,1.3383,1.33923,487.0,1321.6,0.70029,0.70071,0.69964,0.69964,432.0,675.05,7.75024,7.75034,7.75018,7.7503,176.0,93.65,2020-06-09 03:00:00,161,0.3634816124829063,-0.0042432689932601075,,,,,1.0000088593576966,0.9950632956028068,0.007984434764772619,0.00279314449025907,,,4,0,,,2020-06-12 03:00:00,,,0.0
2020-06-10 13:00:00,1591794000,1.13802,1.13894,1.1241,1.13657,7.0539,7.06048,7.05116,7.05561,19459.0,11546.35,1.764,1.808,1.764,1.796,24267.0,3967.15,2.6455,2.662,2.643,2.6615,11822.0,2466.25,107.34,107.364,107.25,107.269,5689.0,2743.0,1.27878,1.27997,1.27423,1.27522,4438.0,1880.15,38.33,38.48,38.04,38.2,27777.0,9999.65,18.07,18.14,18.03,18.075,6298.0,1539.75,0.88992,0.89164,0.88936,0.89122,1793.0,847.55,0.94526,0.94588,0.94498,0.94544,597.0,252.0,1729.1,1733.3,1727.6,1730.7,15757.0,4746.1,1.33865,1.34188,1.33796,1.34154,3268.0,1312.6,0.70114,0.70175,0.69954,0.70023,1290.0,695.7,7.75003,7.75006,7.75001,7.75006,41.0,107.75,2020-06-10 13:00:00,162,0.3474028211842774,0.006928017718715429,,,,,1.001275768320473,0.999192231373031,0.009494810320560987,0.004133477656319454,,,4,0,,,2020-06-13 13:00:00,,,0.0
2020-06-11 15:00:00,1591887600,1.13813,1.14222,1.13217,1.13788,7.06504,7.0738,7.06298,7.06935,24246.0,18229.75,1.783,1.807,1.778,1.799,12801.0,3591.05,2.608,2.6105,2.5915,2.5995,7440.0,3379.3,106.66,106.716,106.573,106.675,8126.0,3951.35,1.26443,1.26628,1.26216,1.26343,7215.0,3291.35,36.54,36.66,36.23,36.4,36750.0,14606.95,18.235,18.265,17.88,17.97,10705.0,2933.55,0.9001,0.90093,0.89941,0.90062,2341.0,1308.15,0.93924,0.93958,0.93796,0.93809,1071.0,496.6,1753.5,1754.9,1740.6,1744.6,20063.0,9137.05,1.35454,1.35786,1.35306,1.35597,5056.0,2528.95,0.69033,0.69165,0.68778,0.68878,2340.0,1391.95,7.75029,7.75048,7.75022,7.75024,370.0,227.95,2020-06-11 15:00:00,163,0.3312212278016865,0.0011525906895306637,,,,,1.0002197068232153,0.9964192537339568,0.010674451450360278,0.005441672415127619,,,4,0,,,2020-06-14 15:00:00,,,0.0
2020-06-12 18:00:00,1591984800,1.12241,1.13837,1.12126,1.12311,7.08468,7.08534,7.08122,7.08175,21863.0,17335.5,1.745,1.751,1.727,1.738,20315.0,4416.65,2.591,2.6045,2.5905,2.604,1436.0,3396.05,107.456,107.516,107.429,107.444,4336.0,5478.8,1.2484,1.2491,1.2474,1.24908,4355.0,3797.65,36.02,36.46,35.98,36.39,29355.0,15728.75,17.525,17.59,17.51,17.575,2412.0,2657.35,0.89908,0.89974,0.89906,0.89913,1316.0,1552.85,0.95372,0.95534,0.95365,0.95447,533.0,522.05,1739.6,1740.2,1735.2,1738.3,5088.0,7041.3,1.36404,1.36457,1.36151,1.36151,5389.0,3369.75,0.68166,0.68425,0.68142,0.68422,2508.0,1710.15,7.75007,7.75012,7.75007,7.75008,34.0,161.5,2020-06-12 18:00:00,164,0.3149416207289519,-0.012980279115548221,,,,,0.999376730685329,0.9859799537935818,0.010298791920142047,0.006413096316130504,,,4,0,,,2020-06-15 18:00:00,,,0.0
2020-06-16 07:00:00,1592290800,1.13464,1.13534,1.12266,1.1323,7.07004,7.07862,7.0691,7.07781,25802.0,16369.65,1.674,1.678,1.67,1.672,935.0,4805.5,2.608,2.609,2.592,2.592,2824.0,2803.7,107.422,107.436,107.3,107.328,6485.0,3660.05,1.26472,1.26576,1.26188,1.2622,5209.0,2787.5,37.13,37.36,36.78,37.21,7851.0,11707.7,17.51,17.595,17.495,17.56,1618.0,2758.65,0.89713,0.89808,0.89666,0.89704,2351.0,1126.6,0.94906,0.94911,0.94799,0.94818,621.0,360.6,1733.3,1738.1,1729.8,1735.7,8724.0,7799.75,1.35554,1.35906,1.3553,1.35887,3946.0,2446.6,0.69278,0.69326,0.6903,0.6906,2191.0,1373.8,7.75046,7.75064,7.75022,7.75025,295.0,206.85,2020-06-16 07:00:00,168,0.2489398085537665,0.00818263571689326,,,,,1.0020665901262917,0.999383444606902,0.010620212038402466,0.007254519460584897,,,4,0,,,2020-06-19 07:00:00,,,0.0
2020-06-17 13:00:00,1592398800,1.1237,1.13474,1.12144,1.12202,7.08,7.08218,7.07618,7.07934,20984.0,12836.1,1.619,1.648,1.611,1.637,16694.0,2581.9,2.5755,2.589,2.573,2.5805,4662.0,1507.0,107.384,107.384,107.261,107.286,4754.0,2557.55,1.2548,1.25599,1.25336,1.254,4546.0,2267.5,37.91,38.06,37.74,37.78,12108.0,6449.9,17.72,17.76,17.655,17.72,5729.0,1303.3,0.89552,0.89655,0.89452,0.89476,1910.0,952.3,0.94922,0.95064,0.94848,0.9504,791.0,329.6,1727.5,1733.5,1727.5,1731.9,17744.0,5450.15,1.35494,1.35674,1.35271,1.35624,3574.0,1952.0,0.68929,0.69098,0.68794,0.68885,1871.0,1117.0,7.75004,7.75014,7.75001,7.75004,136.0,92.75,2020-06-17 13:00:00,169,0.2322429240090701,-0.009078866024905152,,,,,1.0014972995133775,0.9902708990605776,0.009930951879906669,0.007789805944449252,,,4,0,,,2020-06-20 13:00:00,,,0.0
2020-06-19 08:00:00,1592553600,1.12129,1.12615,1.11855,1.12161,7.07268,7.07867,7.07032,7.07068,16823.0,11349.15,1.648,1.651,1.643,1.647,422.0,2851.95,2.626,2.627,2.6175,2.626,1199.0,1697.9,106.97,106.982,106.916,106.928,2875.0,2486.95,1.2434,1.24342,1.2407,1.2413,3466.0,1785.05,40.0,40.37,39.93,40.31,26066.0,12601.15,17.7,17.705,17.62,17.665,843.0,1736.45,0.90176,0.90389,0.90154,0.90358,1821.0,827.7,0.9502,0.95094,0.94994,0.9505,401.0,251.4,1740.2,1741.3,1735.9,1738.0,6402.0,5246.55,1.35758,1.3596,1.35758,1.35864,1416.0,1348.55,0.68704,0.68707,0.68532,0.6864,798.0,657.0,7.75029,7.75038,7.75022,7.75034,258.0,142.85,2020-06-19 08:00:00,171,0.1986479428801711,-0.0003654123812409926,,,,,0.9997146958390171,0.9956844114904764,0.009245053443707185,0.008080855444300839,,,4,0,,,2020-06-22 08:00:00,,,0.0
2020-06-23 01:00:00,1592874000,1.12672,1.1281,1.11684,1.1259,7.06054,7.0886,7.05951,7.07102,54827.0,11204.95,1.658,1.658,1.645,1.652,517.0,2985.75,2.658,2.658,2.6195,2.6435,7052.0,2668.25,106.952,106.961,106.74,106.961,8266.0,2679.3,1.24824,1.24841,1.24366,1.24763,6233.0,2201.1,40.8,40.88,39.76,40.3,23327.0,12606.8,17.87,17.945,17.77,17.845,4972.0,2786.2,0.90264,0.90358,0.90236,0.90243,1939.0,999.9,0.94738,0.94935,0.94728,0.94756,710.0,324.3,1765.6,1775.0,1765.5,1768.8,14787.0,9587.95,1.35138,1.35711,1.35113,1.3525,6826.0,1607.65,0.69222,0.69236,0.68583,0.69198,5070.0,841.6,7.75024,7.75029,7.75011,7.75011,213.0,111.7,2020-06-23 01:00:00,175,0.1307926758567592,0.0038248589081766315,,,,,1.0007283062438939,0.9987767041928906,0.008944534116842151,0.008253591178809102,,,4,0,,,2020-06-26 01:00:00,,,0.0
2020-06-24 14:00:00,1593007200,1.12669,1.13487,1.12567,1.12776,7.06948,7.07042,7.06567,7.06838,26497.0,12273.45,1.628,1.652,1.628,1.647,2643.0,850.05,2.6705,2.676,2.655,2.657,5967.0,2105.7,106.852,106.966,106.821,106.896,7588.0,3052.15,1.24677,1.24826,1.24332,1.24516,6271.0,2250.45,39.41,39.63,38.37,38.42,64556.0,12419.85,17.76,17.87,17.71,17.86,5720.0,2389.05,0.9037,0.906,0.90338,0.90568,2334.0,991.8,0.94766,0.94855,0.9466,0.94708,991.0,312.2,1781.4,1788.8,1777.6,1788.2,20052.0,8996.65,1.3582,1.35906,1.35516,1.35681,4799.0,1477.1,0.68941,0.69105,0.68854,0.68996,2181.0,784.4,7.75017,7.75024,7.75006,7.75018,181.0,95.6,2020-06-24 14:00:00,176,0.1137195145859496,0.0016520117239542387,,,,,0.9990512165709015,0.9927921259703754,0.008755528557425452,0.008353978654532372,,,4,0,,,2020-06-27 14:00:00,,,0.0
2020-06-26 10:00:00,1593165600,1.12202,1.12812,1.11906,1.12264,7.08578,7.08688,7.08343,7.08415,5620.0,7420.0,1.536,1.54,1.529,1.536,1417.0,1683.35,2.6655,2.6775,2.665,2.677,769.0,1052.25,106.914,106.96,106.863,106.881,2421.0,2081.1,1.23884,1.24147,1.23848,1.24123,1885.0,1231.5,39.06,39.1,38.87,39.05,7415.0,12884.85,17.945,17.97,17.91,17.96,489.0,1048.45,0.90571,0.90609,0.90442,0.90444,926.0,561.7,0.94798,0.94826,0.94727,0.94748,280.0,188.5,1774.9,1775.1,1772.2,1774.1,2933.0,4711.85,1.36534,1.36576,1.36395,1.36414,1034.0,1028.85,0.68803,0.68884,0.68803,0.6886,528.0,494.95,7.75037,7.75038,7.75026,7.75026,82.0,113.7,2020-06-26 10:00:00,178,0.0794772999236209,-0.004539973043910073,,,,,0.9994477303498895,0.9945927738183881,0.008099236127028675,0.008303030149031634,,,4,0,,,2020-06-29 10:00:00,,,0.0
2020-06-30 12:00:00,1593518400,1.11946,1.12878,1.1191,1.12092,7.07638,7.07772,7.07278,7.07306,5924.0,7786.35,1.749,1.772,1.741,1.763,11925.0,5340.1,2.724,2.729,2.719,2.7275,4809.0,1656.35,107.758,107.763,107.71,107.727,2398.0,1939.5,1.22723,1.2289,1.22668,1.22888,1918.0,1057.55,39.03,39.14,38.9,39.0,12979.0,8493.2,18.035,18.14,18.03,18.13,3031.0,949.9,0.9122,0.91326,0.91177,0.91214,1107.0,535.5,0.95148,0.95176,0.94966,0.9505,501.0,224.45,1776.5,1781.9,1776.0,1780.4,10282.0,3712.35,1.36832,1.36891,1.3673,1.36789,1324.0,952.5,0.68509,0.68647,0.68464,0.6863,452.0,428.8,7.75028,7.75039,7.75026,7.75038,243.0,132.95,2020-06-30 12:00:00,182,0.0107513077635219,-0.0015321029003065867,,,,,0.9986974984833886,0.9917432980740268,0.007355539936523714,0.00811353210653005,,,4,0,,,2020-07-03 12:00:00,,,0.0
2020-07-02 11:00:00,1593687600,1.12792,1.13026,1.11848,1.1286,7.07205,7.07238,7.06974,7.07102,6052.0,7342.15,1.687,1.711,1.685,1.711,3708.0,3367.5,2.7505,2.7565,2.747,2.7515,2937.0,2224.25,107.502,107.524,107.439,107.452,1949.0,1746.85,1.25052,1.25188,1.24987,1.25184,1751.0,1070.45,40.09,40.2,40.01,40.15,4875.0,9117.95,18.195,18.265,18.195,18.26,1108.0,1466.55,0.90199,0.90264,0.90106,0.90154,994.0,528.35,0.94372,0.9442,0.94338,0.94341,270.0,184.55,1783.4,1785.5,1782.9,1784.3,4095.0,5170.3,1.35942,1.36015,1.35912,1.35934,695.0,826.9,0.69216,0.6931,0.69185,0.69299,417.0,450.15,7.75028,7.75034,7.75025,7.75032,69.0,188.6,2020-07-02 11:00:00,184,-0.0236511272452315,0.006851514827106442,,,,,0.99939748360801,0.9979296798966609,0.0073016977367090785,0.007951165232565855,,,4,0,,,2020-07-05 11:00:00,,,0.0
2020-07-06 15:00:00,1594047600,1.13174,1.13455,1.12194,1.13068,7.0136,7.01835,7.01354,7.01752,11871.0,11126.1,1.803,1.807,1.79,1.79,16191.0,5643.8,2.7795,2.7795,2.77,2.7715,3373.0,2217.85,107.462,107.52,107.449,107.504,2588.0,1924.65,1.25092,1.251,1.24808,1.24815,2245.0,1445.3,40.87,41.05,40.58,40.6,22584.0,8719.9,18.655,18.675,18.59,18.595,3795.0,2153.85,0.90475,0.90598,0.9045,0.90592,1063.0,702.45,0.93976,0.94234,0.93969,0.94161,390.0,263.1,1792.2,1795.4,1790.7,1793.1,8526.0,6042.65,1.35334,1.35471,1.35332,1.35454,1246.0,955.05,0.69857,0.6986,0.69715,0.69724,547.0,636.6,7.75008,7.75008,7.74997,7.75002,222.0,96.35,2020-07-06 15:00:00,188,-0.0923313336953912,0.0018429913166753131,,,,,1.0009374889447058,0.9975232471023754,0.007342229372333087,0.007829378060519301,,,4,0,,,2020-07-09 15:00:00,,,0.0
2020-07-08 16:00:00,1594224000,1.13282,1.13516,1.1259,1.1336,7.00305,7.00386,7.00076,7.00112,6692.0,10375.9,1.839,1.847,1.832,1.846,6601.0,3615.3,2.819,2.825,2.8175,2.822,4703.0,2443.9,107.392,107.406,107.29,107.3,2008.0,1581.85,1.25904,1.26034,1.25841,1.2603,2431.0,1836.35,40.57,41.08,40.54,41.0,29529.0,8984.9,19.095,19.175,19.09,19.155,5427.0,3408.85,0.89974,0.90105,0.89948,0.89948,1123.0,758.8,0.93822,0.93834,0.93702,0.93763,333.0,253.0,1821.7,1824.9,1821.3,1822.4,8667.0,8721.0,1.35404,1.35426,1.35223,1.35248,1552.0,1241.3,0.69666,0.69792,0.69647,0.69745,541.0,578.9,7.75007,7.75008,7.75004,7.75004,46.0,113.55,2020-07-08 16:00:00,190,-0.1265278168386831,0.0025825167156048323,1.1053066666666667,1.1449235427121807,1.0656897906211527,,0.9993119266055046,0.9979386165826843,0.007523247270644351,0.007768151902544311,51.98780187008096,6036.57754010697,4,0,,,2020-07-11 16:00:00,,,0.0
2020-07-10 14:00:00,1594389600,1.13073,1.13708,1.12548,1.13195,7.00438,7.0076,6.99964,7.003,19998.0,10557.85,1.802,1.835,1.798,1.826,14968.0,4244.9,2.8835,2.8985,2.876,2.898,10066.0,2715.3,106.716,106.776,106.638,106.746,5088.0,1996.4,1.2637,1.26641,1.26304,1.2662,3678.0,1545.9,39.92,40.17,39.65,40.06,31089.0,10666.6,19.025,19.135,18.955,19.085,10169.0,2307.5,0.89475,0.89503,0.89382,0.89398,1569.0,677.1,0.94006,0.94066,0.9385,0.93924,715.0,236.45,1807.8,1811.1,1805.4,1807.0,21090.0,6781.75,1.35904,1.35984,1.35762,1.35854,3410.0,1282.75,0.6956,0.69673,0.69494,0.69614,1294.0,539.45,7.75116,7.75116,7.75046,7.75067,271.0,169.6,2020-07-10 14:00:00,192,-0.1605745445949937,-0.001455539872970979,1.10553,1.1455674904589872,1.0654925095410126,0.014307439475446408,0.998922213878705,0.9944155204559045,0.007447711467091889,0.0077040638154538274,51.796166391135344,6036.570917078701,4,0,1.147890708157747,1.116009291842253,2020-07-13 14:00:00,2020-07-22 06:00:00,2022-01-31 12:00:00,0.0
2020-07-14 14:00:00,1594735200,1.13898,1.14058,1.1295,1.13992,7.01688,7.01776,7.01091,7.01298,23880.0,10929.4,1.722,1.75,1.721,1.746,10420.0,3019.15,2.919,2.9305,2.91,2.9285,9567.0,3379.95,107.307,107.314,107.216,107.236,6054.0,2372.6,1.25092,1.25418,1.24972,1.25298,6985.0,1907.3,39.91,40.38,39.65,40.36,45594.0,12681.4,19.415,19.54,19.355,19.5,9577.0,3325.05,0.91049,0.91128,0.90915,0.90979,2297.0,821.65,0.93924,0.93946,0.938,0.93888,819.0,262.2,1803.0,1812.6,1803.0,1811.8,29918.0,9973.3,1.36046,1.36172,1.35972,1.36148,5103.0,1478.5,0.69514,0.6972,0.6944,0.69674,2366.0,665.25,7.7513,7.75149,7.75046,7.75054,450.0,202.0,2020-07-14 14:00:00,196,-0.2280577712215198,0.00704094703829683,1.1059120833333334,1.1467332929458047,1.065090873720862,0.02442925159603334,0.9991753807284722,0.9985972049308248,0.007939440265253506,0.007751139105413763,53.04226660473759,6036.59002516134,4,0,1.1560502970944224,1.1237897029055777,2020-07-17 14:00:00,2020-07-23 13:00:00,2021-11-24 20:00:00,0.0
2020-07-16 12:00:00,1594900800,1.14132,1.1452,1.13782,1.14106,6.99325,6.9945,6.99214,6.99325,11815.0,9065.3,1.794,1.796,1.784,1.794,3721.0,1986.3,2.873,2.8885,2.872,2.8805,4249.0,2345.2,107.093,107.192,107.086,107.164,4177.0,1872.45,1.25544,1.25752,1.2551,1.25597,3246.0,1281.1,40.84,40.85,40.63,40.72,6395.0,5428.3,19.67,19.725,19.615,19.655,3846.0,1586.6,0.90909,0.9093,0.90784,0.90852,1581.0,603.55,0.94528,0.94576,0.94484,0.94558,740.0,225.05,1807.1,1810.8,1804.4,1806.0,17387.0,4955.05,1.35364,1.35456,1.3534,1.3539,1663.0,879.4,0.69868,0.69884,0.69782,0.69826,801.0,458.65,7.75448,7.75451,7.75382,7.75434,562.0,287.75,2020-07-16 12:00:00,198,-0.2614143985111562,0.0010000701803634104,1.1063424999999998,1.1479867594660877,1.0646982405339118,0.027534578549816186,1.000227858307188,0.996611945511701,0.008325160089850181,0.007865943302301047,53.43623178763888,6036.638035312753,4,0,1.1571932072611624,1.1249267927388376,2020-07-19 12:00:00,2020-07-23 13:00:00,2021-11-24 20:00:00,0.0
2020-07-20 11:00:00,1595242800,1.14524,1.14679,1.13705,1.14461,6.98864,6.98864,6.9859,6.98794,5991.0,7634.6,1.702,1.707,1.688,1.698,2526.0,1930.4,2.904,2.9055,2.893,2.899,1862.0,1473.15,107.141,107.149,107.072,107.099,3122.0,1842.9,1.26026,1.26417,1.26024,1.26336,2609.0,1266.1,40.4,40.56,40.37,40.45,8252.0,7389.45,19.85,19.995,19.85,19.96,3506.0,1786.75,0.90873,0.90886,0.90598,0.90604,1549.0,759.8,0.93844,0.9385,0.93766,0.93807,402.0,276.95,1812.3,1817.0,1812.1,1816.6,9209.0,4762.85,1.35703,1.35703,1.35549,1.35678,973.0,754.8,0.69966,0.70056,0.69966,0.69996,362.0,343.15,7.75219,7.7522,7.7515,7.7519,300.0,231.5,2020-07-20 11:00:00,202,-0.3271603271220951,0.0031111422712213344,1.106923472222222,1.1495223184883843,1.06432462595606,0.03722970328291383,1.0005504058150811,0.998648401189407,0.00881567949556139,0.008055890540953117,54.676982937901094,6036.727599060893,4,0,1.160695891519578,1.1285241084804218,2020-07-23 11:00:00,2020-07-27 00:00:00,2021-11-23 07:00:00,0.0
2020-07-22 06:00:00,1595397600,1.15395,1.15472,1.14024,1.15316,6.9698,6.97524,6.96946,6.97487,11100.0,9982.6,1.67,1.68,1.665,1.666,1563.0,3234.45,2.9705,2.9725,2.9585,2.9645,2833.0,2293.45,106.827,106.876,106.816,106.848,2190.0,2543.2,1.27236,1.27293,1.27097,1.27104,1612.0,1551.75,41.64,41.74,41.59,41.68,4983.0,13336.2,22.955,22.955,22.735,22.78,4198.0,7385.0,0.90693,0.90736,0.90604,0.90726,993.0,779.2,0.93211,0.93283,0.9318,0.93208,322.0,249.45,1860.8,1860.9,1855.7,1859.9,13751.0,13652.55,1.34425,1.34588,1.34401,1.3447,875.0,1003.2,0.71514,0.71522,0.71396,0.71522,567.0,531.7,7.7512,7.75136,7.75108,7.75116,269.0,227.4,2020-07-22 06:00:00,204,-0.3594718130884232,0.007469793204672337,1.1076093055555554,1.1515710775951433,1.0636475335159674,0.04376534745504466,1.000685074057373,0.9993331716779826,0.009781577269317276,0.00840102788662595,55.42947618419316,6037.27474061636,4,0,1.1694749408595955,1.1368450591404045,2020-07-25 06:00:00,2020-07-28 10:00:00,2021-11-17 03:00:00,0.0
2020-07-23 13:00:00,1595509200,1.1542,1.16016,1.15069,1.15861,7.01522,7.01524,7.008,7.00804,15597.0,10912.1,1.703,1.713,1.692,1.699,6032.0,1530.35,2.9175,2.9385,2.914,2.9275,7310.0,1756.75,107.195,107.23,107.081,107.093,4368.0,1662.75,1.26751,1.27236,1.26732,1.2723,3585.0,2312.15,41.42,41.78,41.38,41.68,29459.0,8119.8,22.74,22.895,22.555,22.875,18780.0,5948.15,0.91062,0.91176,0.91006,0.91066,1798.0,852.8,0.92846,0.92872,0.9263,0.92637,519.0,248.25,1871.1,1880.9,1868.7,1880.5,35626.0,11194.55,1.34267,1.34276,1.3395,1.33952,2257.0,969.15,0.70916,0.71151,0.70905,0.71151,1063.0,562.95,7.75156,7.75205,7.75146,7.75204,292.0,246.5,2020-07-23 13:00:00,205,-0.3754703786876202,0.0047261438135211,1.1083927777777778,1.1539453652149607,1.0628401903405948,0.04991282828264875,0.9961937148824884,0.9948627775479243,0.0108616216530939,0.00889314663991954,56.15010575434463,6038.2780486714555,4,0,1.1750296344644595,1.1421903655355405,2020-07-26 13:00:00,2020-07-29 18:00:00,2021-11-17 03:00:00,0.0
2020-07-27 00:00:00,1595808000,1.16498,1.16986,1.15754,1.16887,7.01431,7.01437,7.00522,7.00669,9064.0,11638.05,1.777,1.78,1.774,1.776,162.0,1913.2,2.892,2.8995,2.885,2.896,1438.0,3346.15,105.995,106.054,105.796,105.805,5911.0,3494.05,1.27946,1.28218,1.27941,1.28174,1881.0,2122.25,41.1,41.32,41.07,41.28,2842.0,14057.65,23.37,23.415,23.25,23.265,3007.0,5382.4,0.91057,0.91244,0.91034,0.91194,1272.0,1071.3,0.9211,0.9211,0.91858,0.91954,568.0,420.85,1910.8,1915.4,1909.4,1912.5,11549.0,12904.9,1.342,1.3421,1.33948,1.33992,1474.0,1652.95,0.70968,0.7123,0.70968,0.71178,826.0,744.85,7.75161,7.7517,7.75132,7.7514,240.0,192.7,2020-07-27 00:00:00,209,-0.4383067230125192,0.00885543884482276,1.109462777777778,1.1570127008057773,1.0619128547497785,0.06818228259894611,0.9966719994524625,0.9958285606824748,0.012402492647185737,0.00959501584137278,58.40130861504906,6039.756787977534,4,0,1.1853395791047432,1.1524004208952572,2020-07-30 00:00:00,2020-07-31 06:00:00,2021-11-12 17:00:00,0.0
2020-07-28 10:00:00,1595930400,1.17288,1.17814,1.1682,1.17378,7.00486,7.00658,7.00135,7.00139,9105.0,11073.95,1.744,1.749,1.743,1.749,98.0,882.25,2.8885,2.889,2.8805,2.8855,1931.0,2449.7,105.256,105.284,105.152,105.214,3417.0,2835.5,1.28727,1.28882,1.28672,1.28813,1980.0,1638.15,41.38,41.46,41.26,41.44,7723.0,11281.15,23.87,23.955,23.4,23.715,4325.0,9322.7,0.91113,0.91178,0.91064,0.91125,1060.0,789.35,0.9192,0.91935,0.91799,0.9184,435.0,325.4,1924.5,1927.9,1916.9,1922.5,7255.0,14876.5,1.3383,1.33927,1.3383,1.33857,1030.0,1031.9,0.71408,0.7148,0.71374,0.71463,483.0,517.9,7.75018,7.75028,7.75013,7.75024,111.0,173.6,2020-07-28 10:00:00,210,-0.4537030860313442,0.004200638223241127,1.1107133333333332,1.1602151376538412,1.0612115290128252,0.07981128846939511,0.9992332464345958,0.9955353353591254,0.01386006972065168,0.01044802661722856,59.887551612053066,6041.705531992315,4,0,1.1901733446488552,1.157386655351145,2020-07-31 10:00:00,2020-08-18 08:00:00,2021-10-06 14:00:00,0.0
2020-07-29 18:00:00,1596045600,1.17881,1.18066,1.17004,1.17669,7.00078,7.00241,6.99493,7.00088,21441.0,9822.85,1.917,1.937,1.903,1.906,27839.0,6107.0,2.9195,2.9435,2.9165,2.9305,2575.0,2356.05,104.968,105.086,104.772,105.04,8649.0,3799.8,1.29886,1.30134,1.29576,1.29638,6175.0,2152.55,41.26,41.34,41.21,41.24,14716.0,9224.3,24.335,25.12,24.2,24.6,23286.0,5416.3,0.9074,0.90787,0.9065,0.90762,2506.0,977.75,0.91374,0.9145,0.91169,0.91379,1641.0,440.2,1952.3,1974.9,1945.8,1959.0,22650.0,7065.1,1.33646,1.33714,1.33329,1.33642,3462.0,1171.05,0.71781,0.71968,0.7167,0.7169,1905.0,624.6,7.75007,7.75025,7.75005,7.75008,121.0,163.35,2020-07-29 18:00:00,211,-0.4689651910076318,0.0024791698614732294,1.1120565277777779,1.1633900632744527,1.060722992281103,0.08576288966267197,1.0018016639896659,0.998433079802822,0.015076233299912367,0.011373667953765322,60.63986621779216,6044.472300594937,4,0,1.1930767760739833,1.1603032239260167,2020-08-01 18:00:00,2020-09-01 08:00:00,2021-09-30 14:00:00,0.0
2020-07-31 06:00:00,1596175200,1.18882,1.19088,1.17309,1.19016,6.99382,6.99517,6.99066,6.99243,12920.0,11007.25,1.841,1.859,1.84,1.859,1098.0,5609.55,2.9165,2.9235,2.911,2.922,3449.0,3007.4,104.362,104.394,104.313,104.338,3980.0,4046.6,1.31216,1.31426,1.31209,1.31376,2369.0,2354.1,40.06,40.34,40.03,40.29,4779.0,16692.75,23.97,24.42,23.955,24.295,9291.0,6611.95,0.90602,0.90628,0.90471,0.90592,1129.0,1031.55,0.90714,0.90792,0.90566,0.9059,532.0,493.65,1992.2,1997.5,1989.5,1996.6,15059.0,11516.25,1.3433,1.3435,1.34154,1.34206,1440.0,1768.8,0.72128,0.72272,0.7211,0.72202,807.0,792.85,7.75004,7.75006,7.75002,7.75004,58.0,66.85,2020-07-31 06:00:00,213,-0.4990686026885319,0.011447365066415083,1.1134918055555554,1.1676634363335037,1.059320174777607,0.09083175081614074,0.9988741009612152,0.9982701867526536,0.01693178900104364,0.012485292163220987,61.20581218824551,6048.073685354394,4,0,1.206921399213218,1.173398600786782,2020-08-03 06:00:00,2020-12-02 14:00:00,2020-09-23 16:00:00,0.0
2020-08-03 09:00:00,1596445200,1.17792,1.19036,1.17408,1.17446,6.98118,6.98807,6.98054,6.98675,8136.0,10429.8,1.901,1.906,1.895,1.902,971.0,4110.5,2.868,2.87,2.8625,2.869,1180.0,3187.15,105.595,105.773,105.586,105.746,5402.0,4683.4,1.31016,1.31024,1.30369,1.30432,2835.0,2609.3,39.78,39.87,39.61,39.85,5986.0,10408.2,24.495,24.545,24.39,24.415,739.0,4975.35,0.89906,0.90127,0.8986,0.90046,1404.0,1143.55,0.91711,0.91768,0.91636,0.91765,493.0,597.2,1991.5,1992.8,1988.4,1988.5,4522.0,9910.5,1.3416,1.34334,1.34154,1.34324,1179.0,1634.3,0.71256,0.71257,0.71036,0.71078,664.0,803.9,7.75016,7.75048,7.75016,7.75046,413.0,193.95,2020-08-03 09:00:00,216,-0.5431052396834317,-0.013191503663373072,1.114557638888889,1.170462547035234,1.058652730742544,0.06757316603180524,1.0029460347734278,0.9895493800194899,0.016940195444937967,0.013376272819564385,58.23567289117836,6052.3885899569495,4,0,1.1912929888754542,1.157627011124546,2020-08-06 09:00:00,2020-09-01 08:00:00,2021-10-06 14:00:00,0.0
2020-08-04 18:00:00,1596564000,1.17828,1.18064,1.16959,1.17824,6.97726,6.98,6.97679,6.97695,6138.0,7747.1,2.181,2.197,2.157,2.194,22998.0,8808.85,2.896,2.899,2.887,2.893,850.0,2526.45,105.818,105.82,105.716,105.77,2537.0,3478.0,1.30601,1.30634,1.30455,1.30568,1417.0,1999.6,41.94,42.05,41.55,41.67,32476.0,14795.45,26.015,26.185,25.56,25.835,11783.0,6688.15,0.90219,0.90288,0.90212,0.90238,523.0,912.45,0.91459,0.91511,0.9141,0.91456,233.0,414.05,2023.5,2027.3,2016.8,2021.2,16819.0,12151.95,1.33516,1.3357,1.33436,1.33444,1208.0,1273.9,0.71539,0.71582,0.71452,0.71546,344.0,613.2,7.74994,7.74997,7.7499,7.74994,27.0,129.9,2020-08-04 18:00:00,217,-0.5574684374327892,0.003218500417212944,1.1156426388888887,1.173412144660574,1.0578731331172033,0.06860253485908596,1.000033948940793,0.998001084157745,0.0170552694913515,0.01411207215392181,58.359013867488436,6057.392859123477,4,0,1.1951354384167194,1.1613445615832805,2020-08-07 18:00:00,2020-09-01 08:00:00,2021-09-30 14:00:00,0.0
2020-08-06 10:00:00,1596708000,1.18606,1.19168,1.1782,1.18428,6.9452,6.94996,6.94415,6.94922,7908.0,10685.9,2.197,2.213,2.192,2.207,1253.0,4534.65,2.8975,2.8995,2.886,2.89,1725.0,2324.3,105.582,105.615,105.506,105.538,3591.0,2797.35,1.31756,1.31859,1.31686,1.31728,2738.0,1899.15,41.94,41.96,41.66,41.72,9149.0,13309.8,27.83,27.935,27.75,27.89,3318.0,7140.2,0.9002,0.90054,0.89872,0.89906,1287.0,821.25,0.90765,0.90913,0.90765,0.90854,569.0,348.7,2061.1,2062.9,2058.7,2062.3,7161.0,12100.6,1.32712,1.32993,1.32705,1.32971,1506.0,1146.45,0.71928,0.71944,0.71782,0.71804,545.0,496.85,7.75016,7.75025,7.75016,7.75024,57.0,143.75,2020-08-06 10:00:00,219,-0.5856957398073508,0.005126290059750183,1.1165704166666666,1.1765624777787738,1.0565783555545594,0.05805884473606963,1.0015030229337656,0.995283968850698,0.017432888536361046,0.014776235430409656,57.3252039652601,6063.073675193087,4,0,1.2007819335009862,1.1677780664990138,2020-08-09 10:00:00,2020-12-02 14:00:00,2020-09-25 09:00:00,0.0
2020-08-07 14:00:00,1596808800,1.17728,1.18937,1.17552,1.17886,6.97384,6.9764,6.9673,6.96772,21327.0,13367.35,2.21,2.228,2.197,2.219,11086.0,3859.85,2.8455,2.8485,2.8195,2.8345,20362.0,3469.45,105.82,106.058,105.798,105.875,9425.0,3294.85,1.30407,1.30554,1.30098,1.30518,5642.0,2374.35,41.39,41.6,41.19,41.38,31004.0,9812.8,28.085,28.12,27.43,28.035,39525.0,10476.1,0.90278,0.90403,0.90226,0.90321,2287.0,952.5,0.91468,0.91584,0.91227,0.9129,1356.0,514.7,2055.9,2056.2,2032.8,2048.1,68159.0,15022.25,1.33726,1.33984,1.33708,1.3381,3699.0,1574.05,0.71784,0.71812,0.71582,0.71792,1571.0,701.4,7.75032,7.75042,7.75023,7.75031,160.0,167.8,2020-08-07 14:00:00,220,-0.5995514915196489,-0.004576620393825781,1.11741125,1.1791736837199727,1.0556488162800273,0.05272031062489049,0.998659722104406,0.9898349546398514,0.01709771384471459,0.015240531113270644,56.57271898206453,6069.36491044144,4,0,1.1953549928546858,1.162365007145314,2020-08-10 14:00:00,2020-09-01 08:00:00,2021-09-30 14:00:00,0.0
2020-08-11 12:00:00,1597147200,1.17804,1.18081,1.17221,1.17976,6.94024,6.94126,6.93683,6.93954,16158.0,9349.35,2.193,2.203,2.161,2.164,7450.0,3968.6,2.841,2.8545,2.839,2.849,5254.0,1859.3,106.029,106.068,105.93,105.972,6272.0,2446.4,1.31156,1.3127,1.31098,1.31188,3130.0,1385.55,42.6,42.89,42.58,42.66,15015.0,7574.45,27.735,27.97,27.145,27.39,29838.0,9073.95,0.89822,0.89954,0.89801,0.89928,1484.0,636.05,0.91192,0.91202,0.91057,0.9116,851.0,331.65,1988.1,1991.8,1961.5,1972.1,54551.0,14737.2,1.32923,1.32981,1.3271,1.32956,2260.0,900.6,0.71782,0.71896,0.71782,0.71863,957.0,408.65,7.75015,7.75024,7.75014,7.75024,86.0,101.8,2020-08-11 12:00:00,224,-0.65316012232693,0.0007634494341990372,1.1180340277777776,1.181396167507236,1.0546718880483192,0.03874886409283499,0.9985420763545129,0.9976541526579213,0.01671206172055051,0.01553483723472662,55.04001438719539,6076.233054340337,4,0,1.195782602358584,1.1637373976414158,2020-08-14 12:00:00,2020-09-01 08:00:00,2021-09-30 14:00:00,0.0
2020-08-12 17:00:00,1597251600,1.17915,1.18172,1.17112,1.17914,6.93446,6.93554,6.9327,6.93296,6377.0,12659.1,2.105,2.124,2.099,2.117,5039.0,3212.1,2.8895,2.894,2.888,2.892,1682.0,3772.2,106.827,106.839,106.78,106.818,2675.0,3894.4,1.30438,1.30456,1.30328,1.30366,1340.0,2197.75,42.37,42.56,42.31,42.55,12612.0,9939.25,26.175,26.25,25.78,25.945,12612.0,10205.7,0.90398,0.90449,0.90396,0.90448,580.0,903.1,0.91114,0.91164,0.91082,0.91134,242.0,482.8,1958.0,1959.8,1943.0,1948.6,18510.0,20623.0,1.32353,1.32523,1.32325,1.32398,1044.0,1526.2,0.7171,0.71743,0.71646,0.71692,282.0,691.55,7.75076,7.7511,7.75076,7.75103,121.0,211.95,2020-08-12 17:00:00,225,-0.6660888558609771,-0.0005255306163963747,1.1185440277777778,1.1832786062695224,1.0538094492860333,0.031636539751799385,1.0000084807571619,0.9978252039400195,0.016170003085145046,0.015661870404810305,54.19216366791488,6083.638879051061,4,0,1.1950656582755126,1.1632143417244876,2020-08-15 17:00:00,2020-09-01 08:00:00,2021-09-30 14:00:00,0.0
2020-08-14 11:00:00,1597402800,1.1809,1.18642,1.17817,1.18084,6.94864,6.94931,6.94647,6.94696,6015.0,7561.25,2.176,2.212,2.176,2.2,3745.0,2128.4,2.83,2.8415,2.829,2.836,2068.0,2515.2,106.693,106.718,106.626,106.675,2636.0,2162.9,1.31048,1.31138,1.30974,1.31042,2088.0,1255.05,42.09,42.32,42.09,42.22,6977.0,6543.4,26.78,26.935,26.635,26.785,4255.0,8456.9,0.90116,0.9017,0.90099,0.90112,1061.0,515.45,0.91016,0.91068,0.90992,0.91051,425.0,292.0,1955.6,1957.7,1950.8,1956.8,7212.0,10907.8,1.32348,1.32435,1.32312,1.32388,937.0,920.6,0.71461,0.7157,0.71453,0.71509,329.0,340.05,7.75044,7.75044,7.75034,7.75034,31.0,104.6,2020-08-14 11:00:00,227,-0.6913512362094071,0.0014417287175396698,1.1191934722222223,1.1854799159457916,1.052907028498653,0.04040430007459834,1.0000508112868807,0.9953473474823419,0.01569665226726169,0.015668826777300582,55.42056941481961,6091.55570286683,4,0,1.1966392772411378,1.1650407227588622,2020-08-17 11:00:00,2020-09-01 08:00:00,2020-09-25 09:00:00,0.0
2020-08-18 08:00:00,1597737600,1.18933,1.19152,1.18064,1.19105,6.92202,6.92256,6.91787,6.91881,11507.0,8961.85,2.324,2.339,2.319,2.335,492.0,4074.3,2.897,2.913,2.897,2.912,1906.0,2276.35,105.527,105.66,105.508,105.562,3839.0,2774.2,1.31568,1.3175,1.31515,1.3169,2983.0,1255.75,43.19,43.29,43.16,43.18,7394.0,6423.6,28.325,28.41,28.25,28.32,3199.0,6790.95,0.90394,0.90452,0.90324,0.90444,1378.0,585.7,0.90525,0.90657,0.90462,0.90502,687.0,275.65,2013.5,2017.5,2012.8,2015.4,8040.0,13689.75,1.31771,1.31779,1.31598,1.31624,1302.0,838.95,0.72256,0.72381,0.72244,0.72364,548.0,325.35,7.75017,7.7502,7.75012,7.75016,133.0,115.3,2020-08-18 08:00:00,231,-0.739392263595924,0.00864638731750289,1.1200188888888887,1.1883805952897266,1.0516571824880507,0.05118503664121632,0.9985558960581,0.9981620115482746,0.015961387070717592,0.015727338835983984,56.76771357642288,6099.997626943957,4,0,1.2071252232265777,1.174974776773422,2020-08-21 08:00:00,2020-12-02 14:00:00,2020-09-23 16:00:00,0.0
2020-08-19 17:00:00,1597856400,1.18778,1.19657,1.18654,1.18824,6.9126,6.91494,6.91166,6.9127,7585.0,10658.45,2.43,2.439,2.417,2.429,6119.0,2798.35,3.0215,3.0215,3.0145,3.017,1609.0,3646.95,105.732,105.756,105.677,105.701,2807.0,3680.95,1.31648,1.3165,1.3149,1.31614,1475.0,1875.3,43.04,43.13,42.97,43.08,12515.0,9097.8,27.53,27.585,27.205,27.485,8778.0,8165.45,0.90224,0.90296,0.90222,0.90265,619.0,817.15,0.91244,0.91314,0.9124,0.91266,311.0,454.95,1971.4,1976.6,1965.8,1973.3,18047.0,17420.55,1.31824,1.31852,1.31762,1.31795,749.0,1026.25,0.7229,0.72341,0.72249,0.72298,288.0,462.95,7.75015,7.75016,7.75007,7.75012,45.0,139.4,2020-08-19 17:00:00,232,-0.7508642533989489,-0.0023592628353134026,1.1208552777777778,1.191062703409056,1.0506478521464997,0.05200933732400263,0.9996128728203058,0.9926540026910253,0.015762744685154928,0.01573442000581817,56.87003741900154,6108.916819218434,4,0,1.204262981834864,1.1722170181651361,2020-08-22 17:00:00,2020-12-02 14:00:00,2020-09-23 16:00:00,0.0
2020-08-21 05:00:00,1597986000,1.18772,1.1894,1.18022,1.18812,6.90044,6.90044,6.8971,6.89726,6442.0,9659.0,2.355,2.369,2.354,2.361,457.0,3890.55,3.0005,3.0045,2.9945,2.996,1228.0,2365.75,105.626,105.639,105.556,105.602,1809.0,3243.95,1.32416,1.3251,1.324,1.32428,828.0,1959.1,42.93,42.95,42.83,42.87,2256.0,13993.8,27.485,27.555,27.375,27.445,2007.0,5563.9,0.89698,0.89723,0.89674,0.8972,260.0,794.85,0.90718,0.90736,0.90625,0.90636,143.0,423.6,1955.5,1957.9,1953.0,1955.3,3557.0,14378.0,1.31646,1.3169,1.31592,1.31659,427.0,1087.0,0.72002,0.72072,0.7199,0.72015,322.0,487.5,7.75014,7.7502,7.75013,7.75016,54.0,87.0,2020-08-21 05:00:00,234,-0.7731383255706026,-0.00010098969905059096,1.1217469444444446,1.1937207744801983,1.0497731144086908,0.05554965137902769,0.9996633336699997,0.9985875231209014,0.015417908118857904,0.01567111762842612,57.391204236702755,6118.280231260058,4,0,1.2040950337559846,1.1721449662440155,2020-08-24 05:00:00,2020-12-02 14:00:00,2020-09-23 16:00:00,0.0
2020-08-24 14:00:00,1598277600,1.18259,1.18826,1.17541,1.18134,6.90988,6.91456,6.90779,6.91353,12402.0,7553.25,2.487,2.545,2.483,2.541,9357.0,2516.9,2.926,2.935,2.916,2.916,6173.0,1840.3,105.796,105.869,105.757,105.852,5722.0,2497.05,1.30858,1.30892,1.30658,1.30708,3848.0,1503.8,42.43,42.77,42.41,42.57,23869.0,8236.65,26.74,26.95,26.495,26.53,13730.0,4138.0,0.90371,0.90442,0.90328,0.90381,1493.0,668.55,0.90922,0.91076,0.90922,0.91045,837.0,348.1,1945.9,1954.4,1935.6,1937.3,40808.0,11154.25,1.31929,1.32118,1.31914,1.32076,2730.0,879.7,0.71764,0.7184,0.71698,0.7172,881.0,369.7,7.75024,7.75027,7.75006,7.75012,223.0,132.3,2020-08-24 14:00:00,237,-0.8048257371083452,-0.005706494293505671,1.1225883333333335,1.1959189597195652,1.0492577069471019,0.052642360789577826,1.0010581204395008,0.9952283170349923,0.014431179662427018,0.0154231300352263,56.91678845451225,6128.025178576892,4,0,1.1972958304456585,1.1653841695543417,2020-08-27 14:00:00,2020-09-01 08:00:00,2020-09-25 09:00:00,0.0
2020-08-26 11:00:00,1598439600,1.18133,1.18437,1.17842,1.1796,6.88485,6.88918,6.8844,6.88914,5328.0,7553.65,2.513,2.557,2.513,2.531,950.0,585.95,2.958,2.963,2.953,2.9545,1915.0,1157.7,106.262,106.322,106.22,106.315,3117.0,2271.8,1.31532,1.31594,1.31427,1.31437,1975.0,1111.8,43.17,43.23,43.11,43.12,4528.0,6834.0,26.51,26.535,26.395,26.425,1909.0,2222.45,0.89813,0.89874,0.89744,0.89744,912.0,490.8,0.90888,0.91046,0.9083,0.91036,481.0,279.35,1924.8,1926.0,1920.3,1923.2,10316.0,7868.25,1.31822,1.31878,1.31713,1.31846,1027.0,747.5,0.72033,0.7211,0.72,0.72006,300.0,282.3,7.75023,7.75026,7.7502,7.75023,65.0,124.85,2020-08-26 11:00:00,239,-0.8247650844733614,-0.0014729036517853178,1.1234993055555555,1.1980176652425354,1.0489809458685757,0.05720927983349973,1.0014665988470668,0.9974332345466367,0.013354840505252819,0.015009472129231604,57.57547758194545,6137.6748584178795,4,0,1.19543051912241,1.16376948087759,2020-08-29 11:00:00,2020-09-01 08:00:00,2021-09-30 14:00:00,0.0
2020-08-27 14:00:00,1598536800,1.18042,1.19021,1.17625,1.17888,6.88178,6.88972,6.8816,6.8886,37573.0,12968.0,2.673,2.711,2.673,2.702,29269.0,4413.95,2.962,2.962,2.934,2.9555,6652.0,1477.7,106.228,106.49,106.222,106.441,16607.0,4213.4,1.32035,1.32035,1.31616,1.3189,11625.0,2717.3,43.03,43.03,42.47,42.57,39739.0,8211.15,27.2,27.2,26.565,26.93,21717.0,3909.6,0.89406,0.8948,0.89298,0.89384,3838.0,1102.6,0.90911,0.91238,0.90911,0.90976,3201.0,765.9,1947.8,1947.8,1914.7,1925.0,90917.0,17837.2,1.31162,1.31614,1.31158,1.31476,6816.0,1450.4,0.72448,0.72448,0.72169,0.72324,2797.0,684.05,7.75005,7.75006,7.75,7.75003,99.0,111.0,2020-08-27 14:00:00,240,-0.8343701235229537,-0.0006103763987792554,1.1243737500000002,1.200000714670091,1.0487467853299093,0.054885658402852824,1.0013063246471228,0.991774560791793,0.012301927028774085,0.014467963109140102,57.291763179838775,6147.224089805262,4,0,1.1947037200255044,1.1630562799744955,2020-08-30 14:00:00,2020-09-01 08:00:00,2021-09-30 14:00:00,0.0
2020-08-28 16:00:00,1598630400,1.19005,1.19198,1.17796,1.18884,6.86303,6.8634,6.86094,6.86148,8766.0,12873.9,2.663,2.677,2.649,2.654,8421.0,4205.6,3.015,3.0215,3.0145,3.018,3340.0,2584.9,105.3,105.431,105.272,105.402,3327.0,5582.1,1.33404,1.33514,1.33274,1.33274,1627.0,2619.85,42.99,43.11,42.97,43.02,8447.0,8476.45,27.82,27.935,27.805,27.875,4751.0,4302.1,0.89206,0.89234,0.89162,0.89203,694.0,1026.4,0.90402,0.90508,0.90356,0.9049,400.0,644.8,1977.1,1983.0,1976.1,1978.2,16246.0,14746.95,1.31076,1.31108,1.30993,1.31052,1433.0,1604.3,0.73518,0.73542,0.73423,0.73446,340.0,686.35,7.75028,7.75034,7.7502,7.7503,224.0,87.9,2020-08-28 16:00:00,241,-0.8437282590292712,0.008448697068403899,1.1256479166666666,1.2024924344959982,1.048803398837335,0.08030770694949388,1.001017798862757,0.9983808453161966,0.012131331831774839,0.01400063685366705,60.84756184079837,6157.38621285064,4,0,1.2041306045448803,1.1735493954551195,2020-08-31 16:00:00,2020-12-02 14:00:00,2020-09-23 16:00:00,0.0
2020-09-01 08:00:00,1598947200,1.19907,1.19974,1.18837,1.19734,6.81946,6.82893,6.81946,6.82661,17906.0,13079.25,2.651,2.657,2.643,2.646,785.0,7468.4,3.0805,3.0815,3.062,3.064,2844.0,2553.25,105.654,105.795,105.608,105.74,5461.0,3576.45,1.34338,1.3437,1.34092,1.34208,3766.0,1951.7,43.17,43.2,42.98,43.02,9712.0,8618.65,29.165,29.2,29.07,29.11,2323.0,4234.75,0.89261,0.89273,0.89176,0.89213,1765.0,854.5,0.90072,0.90316,0.90072,0.90262,803.0,458.15,2000.3,2000.3,1995.1,1997.3,9732.0,11961.8,1.29964,1.30041,1.29944,1.29976,1783.0,1479.6,0.7408,0.7408,0.73788,0.73852,884.0,662.5,7.75004,7.75005,7.75002,7.75002,66.0,66.25,2020-09-01 08:00:00,245,-0.8786374941610001,0.007149826721846608,1.1270965277777778,1.205366755611737,1.0488262999438187,0.0911396246369779,1.0014448694606377,0.9994415456682282,0.012537488508407968,0.013708007184615236,62.204540135736025,6168.161745679487,4,0,1.212769085559971,1.181910914440029,2020-09-04 08:00:00,2020-12-04 10:00:00,2020-09-09 01:00:00,0.0
2020-09-02 13:00:00,1599051600,1.18592,1.20114,1.1824,1.18352,6.82548,6.8345,6.82532,6.83346,18711.0,10257.8,2.456,2.487,2.438,2.481,21396.0,5817.35,3.0175,3.024,2.999,3.0085,9018.0,2019.1,106.146,106.299,106.127,106.208,6586.0,2942.35,1.3354,1.33557,1.33,1.33136,5166.0,2062.75,42.99,42.99,42.38,42.42,43057.0,7445.5,28.01,28.04,27.51,27.62,21113.0,4584.5,0.88806,0.88914,0.88766,0.88894,1926.0,822.6,0.91136,0.91329,0.91111,0.91217,1288.0,440.25,1972.2,1973.0,1952.8,1955.3,46079.0,11579.95,1.30624,1.30956,1.30618,1.30874,2872.0,1096.4,0.73352,0.73355,0.73028,0.73068,1028.0,509.8,7.75016,7.75024,7.75012,7.75022,62.0,64.5,2020-09-02 13:00:00,246,-0.886721063082993,-0.011542251991915498,1.1284822222222222,1.2071711240452203,1.049793320399224,0.0880657997448059,1.002027849128025,0.9873287043974891,0.011610374924477584,0.013288480732587708,61.5519996294838,6179.442350504945,4,0,1.1989476918183253,1.1680923081816745,2020-09-05 13:00:00,2020-12-02 14:00:00,2020-09-25 09:00:00,0.0
2020-09-03 18:00:00,1599156000,1.18475,1.18595,1.1789,1.18568,6.84717,6.84802,6.8453,6.84669,11079.0,13274.1,2.477,2.493,2.468,2.478,9183.0,5251.95,2.974,2.981,2.972,2.975,741.0,3555.15,106.038,106.108,106.004,106.065,3162.0,3904.8,1.32748,1.32851,1.32671,1.32714,2176.0,2678.1,41.33,41.46,41.19,41.27,21370.0,16024.0,26.85,27.04,26.825,26.915,2847.0,5680.5,0.89246,0.89343,0.8924,0.8934,734.0,1001.55,0.90958,0.90962,0.90872,0.9089,394.0,506.2,1936.8,1945.6,1935.6,1938.9,11349.0,14158.55,1.31338,1.3137,1.31186,1.3135,2934.0,1983.55,0.72738,0.7281,0.72725,0.72738,609.0,709.55,7.75026,7.75032,7.75026,7.75032,40.0,105.0,2020-09-03 18:00:00,247,-0.8945422369764496,0.0018250642152224383,1.1301108333333332,1.2086109050476623,1.051610761619004,0.10413552800738159,0.9992156399703123,0.9989881529575445,0.010923999610292778,0.012815584508128723,64.00420388859696,6191.7910552145695,4,0,1.200508005547596,1.170851994452404,2020-09-06 18:00:00,2020-12-02 14:00:00,2020-09-23 16:00:00,0.0
2020-09-07 08:00:00,1599465600,1.1838,1.18654,1.1781,1.18326,6.83498,6.83528,6.82961,6.83288,10595.0,10442.55,2.552,2.558,2.53,2.536,965.0,5967.0,3.054,3.0585,3.0515,3.0535,782.0,3940.15,106.192,106.21,106.133,106.199,3364.0,2673.95,1.32296,1.32386,1.3187,1.31915,2845.0,2273.0,39.21,39.42,39.0,39.15,10137.0,17380.1,27.045,27.115,27.005,27.03,661.0,4986.3,0.89484,0.89762,0.89464,0.89698,1211.0,864.4,0.91306,0.9132,0.91216,0.91304,329.0,304.35,1937.3,1939.8,1936.0,1937.5,4070.0,13037.85,1.31074,1.31103,1.30974,1.31068,1366.0,1926.35,0.72772,0.7289,0.72738,0.72814,469.0,731.55,7.7503,7.75036,7.75027,7.7503,125.0,305.55,2020-09-07 08:00:00,251,-0.923157872964704,-0.002041022872950604,1.1316931944444444,1.2098156635447321,1.0535707253441566,0.10124105694357834,1.0004563663100248,0.9976907647445514,0.010068702716156341,0.012266208149734248,63.557607635004885,6205.127910135246,4,0,1.1980891828366869,1.1684308171633129,2020-09-10 08:00:00,2020-12-02 14:00:00,2020-09-23 16:00:00,0.0
2020-09-09 01:00:00,1599613200,1.17757,1.18372,1.1757,1.17764,6.85414,6.85666,6.84997,6.8553,17919.0,11475.8,2.381,2.385,2.374,2.381,587.0,6449.75,3.0265,3.0265,3.0115,3.0225,2605.0,3542.75,105.984,105.988,105.9,105.944,3233.0,3633.5,1.29673,1.29702,1.29522,1.29624,1439.0,2810.85,36.6,36.68,36.38,36.46,4980.0,21104.5,26.88,26.92,26.675,26.845,2634.0,5227.7,0.90808,0.90874,0.90802,0.9085,489.0,1143.05,0.91798,0.91858,0.91773,0.91796,148.0,438.75,1936.1,1937.0,1929.2,1934.8,8923.0,14900.15,1.32334,1.32422,1.32323,1.32366,1210.0,1954.8,0.72156,0.72218,0.72077,0.72191,667.0,763.85,7.75038,7.75038,7.75034,7.75036,42.0,90.8,2020-09-09 01:00:00,253,-0.935834897334994,-0.004749590115443736,1.1331995833333333,1.2106120362703008,1.0557871303963657,0.09662043627348595,0.9999405590842703,0.9948045145811508,0.008835536172703051,0.01158007375432801,62.74081383328633,6219.359412349258,4,0,1.1924921412836917,1.1627878587163083,2020-09-12 01:00:00,2020-11-30 20:00:00,2021-09-30 14:00:00,0.0
2020-09-10 12:00:00,1599739200,1.18465,1.19028,1.17526,1.18877,6.8376,6.8386,6.8301,6.83114,22393.0,6769.0,2.349,2.367,2.335,2.346,6604.0,3059.45,3.0185,3.034,3.0105,3.032,5367.0,2063.6,106.12,106.14,105.984,106.034,9272.0,2245.7,1.29646,1.29942,1.29228,1.29696,12106.0,2133.85,37.52,37.69,37.17,37.39,12128.0,6951.55,27.33,27.635,27.245,27.595,11358.0,2049.9,0.91378,0.91788,0.91358,0.91658,5160.0,955.85,0.90848,0.9089,0.90604,0.90642,2357.0,302.85,1955.6,1967.6,1952.9,1964.0,37085.0,7088.85,1.31488,1.31586,1.31314,1.31444,4455.0,1073.55,0.72734,0.72998,0.72721,0.72922,2362.0,425.6,7.75037,7.75042,7.75032,7.75038,54.0,104.1,2020-09-10 12:00:00,254,-0.9417589340994617,0.009451105601032683,1.1346681944444446,1.2122317995532863,1.0571045893356028,0.09315649066509038,0.9965342328625385,0.9952700204993783,0.008656553425864022,0.010995369688635213,62.50118225669157,6234.749585676201,4,0,1.2035778889403252,1.1739621110596752,2020-09-13 12:00:00,2020-12-02 14:00:00,2020-09-23 16:00:00,0.0
2020-09-11 19:00:00,1599850800,1.18308,1.19174,1.18099,1.18416,6.83458,6.83766,6.83188,6.8357,8778.0,8271.35,2.258,2.262,2.246,2.249,2938.0,3869.8,3.0385,3.046,3.035,3.043,1043.0,3145.9,106.11,106.118,106.07,106.083,1908.0,2574.15,1.27907,1.2805,1.27883,1.27983,2036.0,2663.15,37.4,37.63,37.3,37.5,7197.0,11091.8,26.91,26.98,26.865,26.955,1401.0,2834.9,0.92495,0.92534,0.92424,0.92525,908.0,1260.1,0.9096,0.90968,0.90892,0.90908,237.0,276.3,1949.3,1950.9,1948.2,1950.4,4701.0,9734.55,1.3193,1.32031,1.31796,1.31855,2026.0,1289.75,0.72742,0.72832,0.7269,0.72794,553.0,461.4,7.75028,7.7504,7.75025,7.75028,117.0,103.5,2020-09-11 19:00:00,255,-0.9474042892438844,-0.0038779578892468303,1.1360680555555556,1.2135142094722895,1.0586219016388216,0.08895710921240484,0.9990879610863396,0.9927333143135246,0.008049925308815098,0.01040628081267119,61.79685854069618,6251.198550872699,4,0,1.1989791539347041,1.169340846065296,2020-09-14 19:00:00,2020-12-02 14:00:00,2020-09-23 16:00:00,0.0
2020-09-16 00:00:00,1600214400,1.18421,1.19006,1.1829,1.18346,6.78076,6.78449,6.78005,6.78412,12846.0,8822.5,2.363,2.379,2.361,2.375,539.0,3521.55,3.0515,3.054,3.044,3.0495,839.0,2550.45,105.402,105.404,105.262,105.349,3922.0,2663.55,1.28832,1.28874,1.28753,1.28836,1019.0,2001.45,38.52,38.55,38.39,38.44,2468.0,10267.65,27.31,27.335,27.23,27.315,644.0,2556.65,0.91918,0.91928,0.91837,0.91856,345.0,883.45,0.90864,0.90934,0.90838,0.90918,306.0,302.0,1961.5,1962.5,1959.4,1960.5,2527.0,10234.6,1.31944,1.32004,1.31901,1.31954,927.0,1049.6,0.72953,0.72994,0.72888,0.72971,428.0,344.8,7.75004,7.75006,7.75003,7.75004,28.0,51.45,2020-09-16 00:00:00,260,-0.97139528468375,-0.0005911363329280661,1.1372831944444444,1.214922546585357,1.0596438423035317,0.07680253545569964,1.000633734980481,0.9950842814648002,0.007427069373134643,0.00981043852476388,60.53360302439256,6268.632836312439,4,0,1.1979844639316584,1.1689355360683418,2020-09-19 00:00:00,2020-12-02 14:00:00,2020-09-23 16:00:00,0.0
2020-09-17 09:00:00,1600333200,1.18038,1.18825,1.17372,1.17994,6.76867,6.77252,6.76744,6.76854,10273.0,14328.65,2.268,2.275,2.261,2.27,886.0,3503.6,3.046,3.0485,3.0405,3.0445,1076.0,2796.1,104.74,104.832,104.678,104.76,3347.0,3806.55,1.29602,1.29776,1.2949,1.2975,3541.0,3188.2,39.86,40.12,39.85,40.11,4169.0,9979.85,27.035,27.06,26.875,26.98,1927.0,3528.2,0.91078,0.91078,0.90906,0.90938,1447.0,1150.35,0.91064,0.91229,0.90988,0.91028,629.0,684.3,1951.7,1952.4,1943.5,1947.6,11430.0,14068.2,1.321,1.32144,1.32038,1.32052,1425.0,1916.4,0.72975,0.73042,0.72896,0.72999,604.0,1032.0,7.75003,7.75006,7.75002,7.75006,61.0,66.95,2020-09-17 09:00:00,261,-0.9753363880767836,-0.002974329508390605,1.1383850000000002,1.2161647353672713,1.060605264632729,0.06959901817180945,1.0003729003169652,0.9933768146433831,0.006573640142922166,0.009163078848395536,59.57698529589297,6286.966475470271,4,0,1.1944371099315636,1.1654428900684366,2020-09-20 09:00:00,2020-12-02 14:00:00,2020-09-25 09:00:00,0.0
2020-09-21 01:00:00,1600650000,1.18594,1.18704,1.17886,1.18562,6.76204,6.76428,6.75554,6.76272,19350.0,10885.8,2.026,2.03,2.021,2.021,269.0,5140.3,3.1165,3.121,3.103,3.104,4916.0,3260.75,104.448,104.454,104.358,104.368,1897.0,2566.65,1.29536,1.2958,1.29464,1.29473,1188.0,2386.15,41.04,41.39,40.97,41.22,5628.0,10414.3,27.04,27.13,26.99,27.01,2048.0,2483.5,0.91553,0.91576,0.91532,0.91573,297.0,1033.45,0.91032,0.91067,0.91012,0.91048,146.0,321.6,1957.9,1962.9,1957.4,1957.7,6543.0,8205.05,1.31825,1.31877,1.31752,1.31864,1147.0,1324.85,0.7309,0.73104,0.73004,0.7303,719.0,504.15,7.75005,7.75006,7.75004,7.75004,37.0,42.55,2020-09-21 01:00:00,265,-0.9882042449941422,0.004813804091733376,1.1395330555555556,1.217631319671366,1.0614347914397453,0.07226836963198362,1.000269900980078,0.9990733252459899,0.0062831911432637,0.008587101307369168,59.89940119760477,6306.218018005567,4,0,1.2002228236641466,1.1710171763358534,2020-09-24 01:00:00,2020-12-02 14:00:00,2020-09-23 16:00:00,-1.0
2020-09-22 10:00:00,1600768800,1.17373,1.1872,1.17202,1.17614,6.78442,6.78587,6.77346,6.77434,11968.0,10990.5,1.883,1.897,1.861,1.875,1587.0,6094.55,3.0555,3.0755,3.0555,3.072,2240.0,3481.45,104.562,104.564,104.406,104.442,3551.0,2429.7,1.27876,1.28676,1.27873,1.28584,4979.0,2376.4,40.09,40.17,39.8,39.88,7695.0,12114.35,24.315,24.49,24.23,24.445,1821.0,7489.55,0.91786,0.91795,0.91441,0.91468,2705.0,1058.05,0.9165,0.9166,0.91368,0.91456,746.0,354.95,1908.3,1913.6,1907.0,1912.4,6614.0,14837.1,1.33126,1.33128,1.32898,1.32978,1611.0,1489.7,0.72113,0.72345,0.7211,0.72282,671.0,579.65,7.75026,7.75026,7.75014,7.75015,172.0,98.75,2020-09-22 10:00:00,266,-0.9906923101615608,-0.007995816534808742,1.140587222222222,1.2185830247977787,1.0625914196466653,0.06670955218556185,0.9979509242097029,0.9886539757412398,0.0052277887515852495,0.007915238796212386,58.94498656484228,6326.270144594217,4,0,1.1908098017149422,1.1614701982850577,2020-09-25 10:00:00,2020-11-30 20:00:00,2021-09-30 14:00:00,0.0
2020-09-23 16:00:00,1600876800,1.16779,1.17616,1.1664,1.16814,6.81798,6.81878,6.81275,6.81389,11618.0,11714.25,2.113,2.127,2.082,2.109,5249.0,2845.95,2.987,2.999,2.9855,2.993,6560.0,4819.7,105.349,105.43,105.318,105.419,2943.0,3272.75,1.27524,1.27742,1.27476,1.27572,2546.0,2751.6,39.76,40.75,39.7,40.13,36780.0,10788.15,23.15,23.28,23.065,23.145,7862.0,6111.55,0.91578,0.91588,0.91488,0.91564,902.0,1127.9,0.92328,0.92356,0.9222,0.9227,352.0,455.2,1867.5,1872.4,1865.0,1869.8,23146.0,16918.6,1.33719,1.33744,1.334,1.33495,2247.0,1472.7,0.70945,0.71052,0.7092,0.7101,644.0,653.7,7.75004,7.75008,7.75002,7.75006,66.0,140.7,2020-09-23 16:00:00,267,-0.9928872135356962,-0.006801911337085742,1.141623888888889,1.2190631699322536,1.0641846078455244,0.06602917910205153,0.999700378379304,0.9928836212760169,0.0037031539575171912,0.007072821828473347,58.77044557247602,6347.019590520176,4,0,1.1827364075646858,1.1535435924353141,2020-09-26 16:00:00,2020-10-22 14:00:00,2021-11-12 17:00:00,0.0
2020-09-25 09:00:00,1601024400,1.16557,1.16869,1.16265,1.16438,6.828,6.83626,6.82726,6.83421,10457.0,12232.7,2.229,2.234,2.205,2.205,156.0,1519.05,2.9765,2.979,2.961,2.9635,2094.0,3949.95,105.438,105.476,105.388,105.459,3124.0,2588.25,1.27648,1.2765,1.27248,1.27288,3259.0,2095.1,40.55,40.62,40.33,40.38,5784.0,9457.35,23.315,23.33,23.03,23.14,2147.0,5601.0,0.9131,0.9149,0.91303,0.91476,1404.0,768.0,0.92689,0.92814,0.92686,0.92778,517.0,324.95,1874.6,1876.1,1867.0,1869.2,8891.0,11848.3,1.33568,1.33738,1.33555,1.33696,1295.0,1514.4,0.70694,0.70705,0.70497,0.70522,512.0,604.7,7.75024,7.75024,7.75015,7.75018,892.0,120.25,2020-09-25 09:00:00,269,-0.9963950238187232,-0.003218792268049997,1.1427987499999999,1.2189893853298863,1.0666081146701134,0.0754221787288057,1.0010220031261272,0.9973303442315755,0.002166495313076222,0.0060915565253939225,60.17758741006326,6368.3919702320945,4,0,1.1784883172861573,1.1502716827138426,2020-09-28 09:00:00,2020-10-06 00:00:00,2021-11-12 17:00:00,0.0
2020-09-29 07:00:00,1601362800,1.16802,1.16842,1.16124,1.16814,6.8216,6.82759,6.81948,6.8246,15001.0,8469.4,2.763,2.78,2.757,2.776,910.0,4215.6,2.9865,2.9915,2.962,2.965,5129.0,2537.4,105.657,105.708,105.55,105.562,4385.0,2609.05,1.28588,1.28848,1.28348,1.28824,3866.0,1753.4,40.32,40.37,40.13,40.35,6901.0,8372.1,23.705,23.815,23.665,23.795,2236.0,3444.5,0.90835,0.90924,0.90672,0.90676,1395.0,736.65,0.92358,0.92474,0.92348,0.92358,588.0,260.95,1888.9,1889.9,1883.7,1888.2,9543.0,9758.75,1.3379,1.33919,1.33718,1.33737,1869.0,991.7,0.70892,0.71016,0.70742,0.70998,893.0,411.8,7.75013,7.75016,7.75004,7.75008,257.0,61.5,2020-09-29 07:00:00,273,-0.9998699583618592,0.003229186348099322,1.1438769444444445,1.2192589180537023,1.0684949708351867,0.068767263513779,0.99989727258719,0.999657657349241,0.001237814092353906,0.00512080803878592,59.49927804018498,6390.358700581369,4,0,1.1820901586046637,1.1541898413953364,2020-10-02 07:00:00,2020-10-09 19:00:00,2021-11-12 17:00:00,0.0
2020-09-30 17:00:00,1601485200,1.17215,1.17552,1.16656,1.17242,6.7813,6.785,6.78124,6.7832,6754.0,10246.85,2.528,2.548,2.516,2.528,6108.0,4994.2,3.031,3.0355,3.0275,3.0345,2498.0,3595.2,105.53,105.572,105.488,105.514,3187.0,3889.7,1.2911,1.29116,1.28992,1.29076,1900.0,2753.5,40.0,40.01,39.72,39.91,12921.0,10226.3,23.94,23.94,23.38,23.65,13311.0,3807.55,0.90787,0.90843,0.90755,0.90829,592.0,1070.65,0.92138,0.9223,0.92074,0.92084,402.0,552.9,1903.1,1903.1,1892.2,1898.1,21267.0,11598.1,1.3311,1.33226,1.33045,1.33068,1529.0,1667.7,0.71709,0.71721,0.71632,0.71714,359.0,612.4,7.75004,7.75009,7.75002,7.75004,29.0,56.35,2020-09-30 17:00:00,274,-0.9999994220246924,0.003663944390227325,1.1450772222222223,1.2194665982032176,1.070687846241227,0.07656876722157681,0.9997697071015507,0.9971331836123589,0.000837533203270846,0.004264153071682905,60.580831578431834,6412.8952185744965,4,0,1.1863666723259694,1.1584733276740307,2020-10-03 17:00:00,2020-11-09 10:00:00,2021-10-06 14:00:00,0.0
2020-10-02 07:00:00,1601622000,1.17376,1.17698,1.16959,1.17232,6.76607,6.76741,6.7518,6.76144,16492.0,12245.05,2.473,2.494,2.466,2.477,793.0,4789.1,2.856,2.886,2.853,2.879,5108.0,5865.55,105.074,105.271,105.036,105.172,6703.0,3953.25,1.28778,1.2941,1.28613,1.29154,9368.0,2869.8,37.63,37.84,37.48,37.58,10159.0,17724.35,24.115,24.23,24.01,24.1,2080.0,3521.8,0.91142,0.91236,0.90651,0.90766,4848.0,1262.65,0.91874,0.92026,0.91826,0.92003,979.0,429.6,1918.7,1921.5,1913.1,1915.4,10947.0,13804.3,1.3309,1.33125,1.32928,1.33023,2527.0,1591.4,0.71604,0.71751,0.71534,0.71554,1332.0,735.65,7.75019,7.75032,7.75018,7.75024,207.0,79.45,2020-10-02 07:00:00,276,-0.9993706508539968,-8.529366609233424e-05,1.146136388888889,1.2198634419095054,1.0724093358682725,0.0672627598765722,1.0012283335608023,0.9972641846080647,0.0005064010741799851,0.003512602672182321,59.57030269564779,6435.953252692359,4,0,1.1860788035580052,1.1585611964419946,2020-10-05 07:00:00,2020-11-09 10:00:00,2021-10-06 14:00:00,0.0
2020-10-06 00:00:00,1601942400,1.1789,1.17976,1.16988,1.17908,6.72158,6.72554,6.7183,6.71874,13613.0,8701.45,2.645,2.645,2.619,2.636,886.0,7415.9,2.9655,2.9715,2.962,2.9705,656.0,2420.0,105.71,105.732,105.616,105.686,3286.0,2599.9,1.29932,1.29958,1.29888,1.29921,660.0,1714.8,39.22,39.32,39.1,39.27,4080.0,13700.0,24.515,24.595,24.465,24.595,789.0,2172.6,0.90738,0.90764,0.90728,0.90755,284.0,772.9,0.91514,0.91524,0.91468,0.9148,100.0,289.05,1918.2,1919.9,1916.9,1919.9,2498.0,7918.0,1.32588,1.32622,1.32526,1.32526,651.0,915.75,0.71932,0.71944,0.71839,0.71924,369.0,341.65,7.75016,7.75016,7.75005,7.75006,132.0,66.9,2020-10-06 00:00:00,280,-0.9945667569706336,0.005766343660433826,1.1474030555555557,1.2201980582194232,1.0746080528916881,0.08050362513364293,0.9998473386029787,0.9992710381772565,0.0007804553767536415,0.0029661732130965854,61.486146095717864,6459.525290536603,4,0,1.192775750212233,1.165384249787767,2020-10-09 00:00:00,2020-12-02 14:00:00,2021-09-30 14:00:00,0.0
2020-10-07 14:00:00,1602079200,1.17618,1.18078,1.17251,1.17614,6.73416,6.73519,6.72972,6.73105,15777.0,11061.55,2.64,2.641,2.581,2.592,13698.0,4523.5,3.0365,3.055,3.034,3.036,16109.0,3416.9,105.989,106.039,105.956,106.025,4962.0,3067.4,1.28748,1.29029,1.28642,1.28987,4325.0,2359.25,39.59,39.76,39.28,39.32,41217.0,11342.8,23.785,24.015,23.73,23.99,7505.0,3020.95,0.91354,0.91444,0.91164,0.91184,1557.0,1003.05,0.91717,0.91766,0.91637,0.91699,606.0,304.0,1886.3,1888.7,1881.8,1886.8,24080.0,9519.1,1.32798,1.3287,1.32712,1.32864,2096.0,1178.7,0.7141,0.71478,0.71361,0.71368,722.0,582.35,7.75005,7.75014,7.75003,7.75003,93.0,68.85,2020-10-07 14:00:00,281,-0.9926289059345096,-0.0024934694846828753,1.148648611111111,1.2202733372929673,1.0770238849292546,0.07931318543573007,1.0000340095566855,0.9961042700587748,0.0007517462932797869,0.002523287829133226,61.25163103482885,6483.54934201966,4,0,1.1898220984020695,1.1624579015979306,2020-10-10 14:00:00,2020-11-26 10:00:00,2021-09-30 14:00:00,0.0
2020-10-09 19:00:00,1602270000,1.18251,1.18281,1.17327,1.18258,6.68736,6.68816,6.68684,6.68728,3492.0,12713.35,2.746,2.759,2.742,2.758,3876.0,5726.95,3.0775,3.08,3.0765,3.0795,445.0,3297.8,105.628,105.632,105.58,105.591,1717.0,2900.9,1.30376,1.30452,1.30371,1.30424,806.0,1916.45,40.48,40.55,40.43,40.54,3892.0,10438.15,25.18,25.295,25.155,25.295,1800.0,3423.25,0.90704,0.90709,0.90646,0.9067,386.0,945.85,0.90992,0.9101,0.90978,0.91006,76.0,260.2,1934.3,1934.8,1932.1,1934.5,4651.0,10708.15,1.3133,1.31346,1.31231,1.31274,614.0,936.55,0.72326,0.7238,0.72322,0.7238,82.0,344.35,7.75006,7.75009,7.75006,7.75006,24.0,45.0,2020-10-09 19:00:00,283,-0.9878726596350428,0.005475538626354082,1.1500480555555557,1.2203005449516875,1.0797955661594238,0.08905368438255709,0.999940807387238,0.9997463667030208,0.001234418706019591,0.0022655140045104993,62.58493205435649,6508.019127959195,4,0,1.196304370022925,1.168855629977075,2020-10-12 19:00:00,2020-12-02 14:00:00,2020-10-30 13:00:00,0.0
2020-10-14 09:00:00,1602666000,1.17404,1.18312,1.17198,1.17298,6.72924,6.73152,6.72551,6.72586,12135.0,9408.9,2.691,2.695,2.657,2.666,3869.0,4448.25,3.0595,3.0635,3.055,3.057,962.0,2186.1,105.37,105.476,105.35,105.442,3691.0,2121.0,1.29054,1.29814,1.28996,1.29371,6131.0,1915.75,40.31,40.36,40.09,40.13,5390.0,7458.55,24.32,24.39,24.225,24.305,1373.0,3846.1,0.90976,0.90991,0.90482,0.90671,3213.0,985.9,0.91433,0.91626,0.91419,0.91518,564.0,223.4,1902.5,1904.0,1898.7,1901.6,6508.0,10407.8,1.31214,1.31386,1.31162,1.3134,1110.0,821.0,0.71762,0.71808,0.71699,0.71782,587.0,337.1,7.75008,7.7501,7.74994,7.74994,172.0,51.25,2020-10-14 09:00:00,288,-0.9708824104813836,-0.008117844035921529,1.1513425000000002,1.2197535196007694,1.082931480399231,0.08279020254559298,1.0009036812221863,0.9923253769693692,0.0008327014372997432,0.0019789514910683484,61.42492890065704,6532.838255820601,4,0,1.186811670704332,1.1591483292956681,2020-10-17 09:00:00,2020-11-09 10:00:00,2021-09-30 14:00:00,0.0
2020-10-16 11:00:00,1602846000,1.1718,1.17711,1.16886,1.17316,6.69493,6.6954,6.69054,6.69158,8736.0,7696.65,2.8,2.81,2.772,2.8,2035.0,2484.35,3.0685,3.077,3.066,3.0755,1809.0,1896.6,105.297,105.317,105.225,105.256,4861.0,2256.65,1.28918,1.29274,1.28673,1.29132,10350.0,2206.7,40.8,40.97,40.72,40.84,5413.0,6467.65,24.51,24.58,24.45,24.51,1788.0,1606.25,0.90894,0.91098,0.90724,0.90848,6202.0,1224.6,0.91417,0.9145,0.91306,0.91365,681.0,217.2,1912.8,1915.3,1912.0,1913.3,4821.0,5058.3,1.32084,1.32146,1.31915,1.32022,1462.0,739.15,0.70861,0.7092,0.70836,0.70876,700.0,325.55,7.75002,7.75004,7.74998,7.75002,40.0,756.4,2020-10-16 11:00:00,290,-0.9620675724981452,0.00015345530188071166,1.1525658333333333,1.219300005651041,1.0858316610156256,0.07804724576322683,0.9988407378362713,0.9954889517547212,0.0005228351847437196,0.0016877282298034227,60.93455159400137,6557.970227618629,4,0,1.1869565301627032,1.1593634698372965,2020-10-19 11:00:00,2020-11-09 10:00:00,2021-09-30 14:00:00,0.0
2020-10-20 15:00:00,1603206000,1.18306,1.18408,1.17033,1.18233,6.66744,6.66897,6.6612,6.66196,12027.0,10079.55,2.934,2.942,2.913,2.939,5820.0,3038.6,3.1555,3.1565,3.125,3.1465,10811.0,3226.95,105.569,105.585,105.535,105.563,2439.0,2488.35,1.2962,1.29644,1.29472,1.29502,2217.0,1790.85,40.77,41.09,40.7,41.03,21289.0,9010.3,24.89,24.93,24.785,24.9,4639.0,2229.5,0.9127,0.91326,0.9122,0.91295,1207.0,947.5,0.90667,0.90748,0.9065,0.90714,329.0,247.2,1912.3,1915.4,1908.9,1914.1,13959.0,6723.1,1.31322,1.31416,1.31132,1.31204,1704.0,782.4,0.70542,0.70582,0.70474,0.7057,454.0,350.6,7.75002,7.75005,7.75002,7.75004,44.0,71.9,2020-10-20 15:00:00,294,-0.9410336347451196,0.007816495618671038,1.1537583333333332,1.2194874008843544,1.088029265782312,0.07539113911510054,1.0006174249152098,0.9991385717181271,0.0010056142155359105,0.0015513054269499203,60.718030658610864,6583.4307918909535,4,0,1.1961112500485689,1.1685487499514313,2020-10-23 15:00:00,2020-12-02 14:00:00,2021-08-20 14:00:00,0.0
2020-10-22 14:00:00,1603375200,1.1823,1.18808,1.18114,1.18288,6.67192,6.6772,6.66986,6.67134,25075.0,12666.95,2.998,3.034,2.996,3.02,7760.0,2009.2,3.154,3.1585,3.1445,3.1575,8016.0,2628.8,104.721,104.867,104.72,104.792,5315.0,2380.15,1.31027,1.31041,1.30707,1.30951,4662.0,1927.85,40.62,40.89,40.49,40.84,32762.0,9106.75,24.77,24.815,24.46,24.66,15595.0,2999.3,0.90233,0.90436,0.90228,0.90329,2180.0,927.9,0.90722,0.9077,0.90671,0.90692,606.0,262.4,1903.0,1905.6,1894.2,1900.9,38781.0,8424.3,1.3154,1.31591,1.31252,1.31277,2958.0,931.3,0.7106,0.71106,0.70924,0.7109,1016.0,417.15,7.75002,7.75004,7.74998,7.75,71.0,57.7,2020-10-22 14:00:00,296,-0.9288394302558068,0.0004651831552948682,1.155077638888889,1.2192383620323193,1.0909169157454588,0.08371210244532522,0.9995096713106993,0.9951350077435862,0.0014162745477459548,0.0015242992511091272,62.100328654047004,6609.379752409819,4,0,1.1964381470546648,1.169321852945335,2020-10-25 14:00:00,2020-12-02 14:00:00,2020-10-30 13:00:00,0.0
2020-10-26 18:00:00,1603735200,1.18158,1.1865,1.17868,1.1813,6.70477,6.70524,6.7002,6.7017,9292.0,13722.6,2.998,3.041,2.996,3.04,3630.0,990.15,3.0835,3.0905,3.083,3.088,1756.0,3302.35,104.864,104.876,104.835,104.86,1527.0,2649.6,1.30232,1.3028,1.30188,1.30192,1218.0,2037.85,38.46,38.64,38.39,38.6,20822.0,13088.35,24.41,24.445,24.385,24.42,1182.0,3020.0,0.90728,0.90744,0.90688,0.90735,578.0,1048.25,0.90714,0.90762,0.90714,0.9074,164.0,279.05,1904.4,1906.0,1904.1,1905.4,2710.0,7337.05,1.32127,1.3215,1.31982,1.31987,1063.0,1005.85,0.71212,0.71311,0.71199,0.71248,320.0,455.9,7.75004,7.75006,7.75003,7.75006,20.0,45.0,2020-10-26 18:00:00,300,-0.9011686968561567,-0.0013357229811983284,1.1564484722222224,1.2185111049805757,1.094385839463869,0.08724997159159666,1.000237027004148,0.9958533501896334,0.0015958372063407111,0.001538606842155444,62.69290123456789,6635.762099932621,4,0,1.1947516257058282,1.1678483742941719,2020-10-29 18:00:00,2020-12-02 14:00:00,2021-09-28 14:00:00,0.0
2020-10-28 19:00:00,1603911600,1.17508,1.18388,1.17178,1.17468,6.72514,6.72811,6.72165,6.72702,10364.0,16268.8,3.274,3.292,3.274,3.286,3285.0,3994.5,3.07,3.0725,3.0625,3.0645,805.0,4058.15,104.342,104.36,104.316,104.358,1516.0,3175.05,1.29923,1.2995,1.29794,1.29812,1811.0,2697.75,37.51,37.54,37.27,37.32,8384.0,17698.1,23.435,23.48,23.38,23.43,2151.0,6006.1,0.90444,0.90518,0.90444,0.90491,924.0,1474.55,0.91001,0.91054,0.90978,0.9103,217.0,368.85,1877.4,1879.9,1876.6,1877.9,6119.0,13752.85,1.32982,1.33162,1.32917,1.33142,1944.0,1596.3,0.70586,0.7059,0.704,0.70429,584.0,580.2,7.75005,7.75008,7.75003,7.75007,38.0,58.6,2020-10-28 19:00:00,302,-0.8857249183835637,-0.005603995598070011,1.1576808333333333,1.2175501421486865,1.09781152451798,0.07854059014300943,1.000340518268805,0.9925668142041422,0.0011902428538854704,0.0014689340445014493,61.31558140128037,6662.496327420411,4,0,1.18817817279699,1.1611818272030097,2020-10-31 19:00:00,2020-11-26 10:00:00,2021-09-30 14:00:00,0.0
2020-10-30 13:00:00,1604062800,1.16994,1.17589,1.16502,1.1687,6.68156,6.68698,6.68128,6.68346,20124.0,13995.25,3.284,3.299,3.256,3.276,23628.0,3981.0,3.0535,3.0675,3.0445,3.051,7583.0,2417.7,104.47,104.666,104.433,104.51,6276.0,2636.85,1.29731,1.29882,1.29612,1.2967,3988.0,1827.3,36.12,36.12,35.53,35.71,32812.0,11754.15,23.755,23.91,23.615,23.72,13770.0,2717.45,0.90183,0.90266,0.89996,0.9013,2056.0,873.6,0.91446,0.91558,0.91409,0.91508,579.0,270.65,1888.6,1890.9,1884.2,1886.2,21049.0,7061.15,1.32874,1.33092,1.32874,1.33032,2600.0,1253.4,0.70674,0.70698,0.70534,0.70558,956.0,506.5,7.75393,7.75395,7.75364,7.75366,227.0,386.95,2020-10-30 13:00:00,304,-0.8692328164574792,-0.005090748118636412,1.1588969444444444,1.2159505990176305,1.1018432898712582,0.0778759799723336,1.0010610079575597,0.9949400028914268,0.0003818684426581953,0.0012515209241327986,61.13315023903977,6689.508769672784,4,0,1.1821516602340068,1.1552483397659934,2020-11-02 13:00:00,2020-11-09 10:00:00,2021-10-06 14:00:00,0.0
2020-11-03 16:00:00,1604419200,1.17297,1.17399,1.16222,1.17237,6.68013,6.68272,6.67692,6.68069,15636.0,10316.7,3.074,3.089,3.059,3.065,15887.0,5188.4,3.1145,3.1165,3.0985,3.1025,3785.0,2441.85,104.562,104.588,104.478,104.506,6546.0,3167.4,1.30684,1.30787,1.30418,1.30488,3250.0,1688.4,38.15,38.2,37.44,37.78,40310.0,12726.75,24.31,24.345,24.25,24.275,2333.0,2296.05,0.89758,0.89878,0.89684,0.89848,1586.0,829.95,0.91242,0.91288,0.9118,0.91264,360.0,242.9,1908.7,1909.4,1905.6,1907.9,8724.0,6572.55,1.31071,1.31344,1.31069,1.31337,1931.0,1064.65,0.71661,0.71748,0.7158,0.71592,634.0,501.65,7.75114,7.75163,7.75054,7.75054,803.0,390.5,2020-11-03 16:00:00,308,-0.8331829385891785,0.0031402412937451274,1.1600254166666666,1.2148102669358245,1.1052405663975087,0.07182264935438956,1.0005117838225135,0.9991311680678711,3.693842311958129e-05,0.0010086044239301553,60.49931512159821,6716.785338014793,4,0,1.185683415484901,1.1590565845150986,2020-11-06 16:00:00,2020-11-09 10:00:00,2021-09-30 14:00:00,0.0
2020-11-04 15:00:00,1604502000,1.17086,1.17706,1.16027,1.17082,6.65558,6.65584,6.64346,6.6436,18982.0,28698.2,3.022,3.03,3.005,3.012,9816.0,3162.15,3.0935,3.1145,3.089,3.1145,7934.0,4379.35,104.386,104.547,104.248,104.486,8120.0,7582.1,1.29902,1.30182,1.29834,1.29906,6254.0,5341.55,38.03,38.83,37.96,38.78,37220.0,13917.8,23.995,24.26,23.98,24.135,7366.0,4205.05,0.90137,0.90168,0.89994,0.90128,2751.0,2601.9,0.91252,0.91298,0.91171,0.91187,1094.0,955.85,1903.0,1910.8,1900.5,1903.0,22378.0,11459.95,1.31767,1.318,1.31299,1.31339,3809.0,4022.65,0.71534,0.71734,0.71491,0.71594,1733.0,2545.7,7.75454,7.75561,7.7545,7.75561,478.0,689.95,2020-11-04 15:00:00,309,-0.8235472349556008,-0.0013221082081594782,1.1610176388888889,1.2139019206925925,1.1081333570851852,0.06295797348855424,1.000034164090125,0.9947326389478871,-0.0003573735685205026,0.0007354088254400237,59.39456104360632,6744.282320609186,4,0,1.1840031568944964,1.1576368431055035,2020-11-07 15:00:00,2020-11-09 10:00:00,2021-10-06 14:00:00,0.0
2020-11-05 23:00:00,1604617200,1.18227,1.18598,1.16978,1.1817,6.60906,6.61636,6.60691,6.61144,5229.0,23184.25,2.934,2.948,2.931,2.944,753.0,6425.95,3.115,3.1155,3.1025,3.1055,538.0,2872.4,103.616,103.709,103.549,103.604,2876.0,4935.65,1.31439,1.3151,1.31303,1.31386,1658.0,3611.55,38.54,38.61,38.34,38.43,1721.0,10397.75,25.45,25.495,25.195,25.265,2015.0,4617.65,0.89932,0.9013,0.89892,0.8994,1920.0,1684.45,0.90486,0.90494,0.90298,0.9044,564.0,552.45,1950.0,1950.7,1945.5,1947.3,3155.0,12409.05,1.30608,1.30856,1.30578,1.30835,1436.0,2196.35,0.7259,0.72699,0.72548,0.72622,1107.0,1030.75,7.75232,7.7544,7.75228,7.75419,594.0,491.1,2020-11-05 23:00:00,310,-0.8136678304455991,0.009292632513964616,1.1621806944444444,1.2130859441060875,1.1112754447828013,0.07350016711157319,1.0004823559279004,0.9968717853589436,0.0002056853960754612,0.0006294641395671113,60.74471361116813,6772.03008296898,4,0,1.1951943553417108,1.168205644658289,2020-11-08 23:00:00,2020-12-02 14:00:00,2021-08-20 14:00:00,0.0
2020-11-09 10:00:00,1604916000,1.18738,1.18984,1.17954,1.18801,6.56276,6.56669,6.55842,6.55926,11807.0,19367.45,2.858,2.863,2.854,2.857,736.0,6319.4,3.161,3.1655,3.1605,3.1645,1449.0,2562.45,103.727,103.732,103.662,103.679,2632.0,3218.7,1.3128,1.31498,1.31251,1.31468,2582.0,2294.35,37.95,38.15,37.89,38.11,9603.0,10952.05,25.88,25.945,25.87,25.925,778.0,3489.45,0.90447,0.90464,0.90305,0.90364,1169.0,1092.75,0.90028,0.90067,0.89966,0.8997,432.0,358.55,1959.0,1961.0,1958.2,1959.8,4293.0,7851.7,1.3026,1.30277,1.30125,1.30134,1005.0,1200.8,0.72689,0.72812,0.72668,0.72808,408.0,607.4,7.75314,7.75432,7.75294,7.75382,616.0,679.3,2020-11-09 10:00:00,314,-0.7717727365467837,0.005339764745705411,1.1633897222222223,1.2125002888224932,1.1142791556219513,0.07609711194141103,0.9994697014334897,0.9979324951253951,0.001147846289749177,0.0007331405696035245,61.07534542863686,6800.030733816778,4,0,1.201621884808311,1.1743981151916891,2020-11-12 10:00:00,2020-12-02 14:00:00,2021-03-31 06:00:00,0.0
2020-11-10 08:00:00,1604995200,1.18168,1.19202,1.17955,1.18347,6.6052,6.60563,6.58608,6.58904,28130.0,30059.85,2.892,2.904,2.891,2.896,570.0,4416.45,3.134,3.1495,3.133,3.1475,5262.0,3810.65,105.048,105.101,104.966,105.077,4717.0,5861.1,1.31723,1.32247,1.31698,1.32134,6311.0,3141.2,40.19,40.79,40.19,40.67,15905.0,18389.85,24.33,24.49,24.32,24.39,2205.0,6488.5,0.8971,0.89721,0.89498,0.89568,2525.0,1269.3,0.91256,0.91342,0.9124,0.91284,948.0,658.8,1884.0,1888.5,1883.5,1885.9,7416.0,18012.65,1.3021,1.30215,1.30062,1.3017,2426.0,2200.55,0.72757,0.72894,0.72746,0.72838,1200.0,1156.8,7.7534,7.75344,7.75322,7.75344,157.0,411.05,2020-11-10 08:00:00,315,-0.7607200913564104,-0.003821516653900181,1.1644108333333334,1.212049519914251,1.1167721467524159,0.06413583184352392,0.9984874986269192,0.9913256488985084,0.0015107604225161886,0.0008886645401860573,59.46105935038864,6828.223334507802,4,0,1.1969471898333581,1.169992810166642,2020-11-13 08:00:00,2020-12-02 14:00:00,2021-08-18 16:00:00,0.0
2020-11-11 16:00:00,1605110400,1.17578,1.18405,1.17456,1.1766,6.62092,6.62186,6.61746,6.61814,14356.0,16649.9,2.96,2.964,2.932,2.958,8802.0,2486.2,3.126,3.1305,3.1215,3.129,2157.0,2238.65,105.622,105.642,105.542,105.55,3041.0,2938.7,1.31968,1.32076,1.31926,1.32034,2164.0,2500.15,42.2,42.35,42.01,42.21,24369.0,12286.9,24.23,24.305,24.2,24.28,4007.0,2828.95,0.89096,0.89143,0.89047,0.89115,1155.0,1143.35,0.91827,0.91851,0.91764,0.91814,406.0,371.75,1860.5,1864.8,1859.6,1862.3,9495.0,7975.5,1.30673,1.30709,1.3055,1.30596,1119.0,1215.85,0.72643,0.7268,0.72619,0.72676,408.0,628.7,7.75304,7.75452,7.7528,7.75449,752.0,527.05,2020-11-11 16:00:00,316,-0.7494423368521954,-0.005804963370427574,1.1652122222222223,1.2116721027459445,1.1187523416985001,0.050282863616680086,0.9993030766615671,0.993015497656349,0.0012298440259945753,0.000956900437347761,57.46519691559283,6856.536621712877,4,0,1.189973229337309,1.163226770662691,2020-11-14 16:00:00,2020-11-26 10:00:00,2021-09-30 14:00:00,0.0
2020-11-16 00:00:00,1605484800,1.18448,1.1849,1.17587,1.18398,6.59238,6.59356,6.58552,6.58806,13749.0,11717.9,2.886,2.887,2.875,2.877,822.0,4469.0,3.1865,3.2055,3.1835,3.2015,1648.0,2522.0,104.678,104.722,104.643,104.686,3445.0,2771.3,1.32198,1.32222,1.32082,1.32118,1016.0,1619.65,40.48,40.56,40.41,40.55,2421.0,9423.3,24.77,24.83,24.735,24.815,778.0,2484.05,0.896,0.89642,0.89582,0.89614,440.0,873.7,0.91216,0.91257,0.91207,0.9125,122.0,251.3,1888.9,1889.5,1887.1,1888.0,2229.0,6434.1,1.31244,1.31286,1.31148,1.31157,587.0,933.25,0.729,0.72938,0.72836,0.7289,635.0,400.0,7.75348,7.754,7.75332,7.75338,654.0,295.15,2020-11-16 00:00:00,321,-0.6897960046655887,0.006272310045894791,1.1660843055555554,1.21153866537079,1.1206299457403208,0.05449102317387178,1.000422304430818,0.9996455397079922,0.0015844554643211772,0.0010824114427424444,58.01813306091177,6884.985498030163,4,0,1.197521548386391,1.170438451613609,2020-11-19 00:00:00,2020-12-02 14:00:00,2021-08-18 16:00:00,0.0
2020-11-18 01:00:00,1605661200,1.1859,1.18938,1.18142,1.18548,6.55497,6.56187,6.55134,6.55772,22540.0,12038.1,2.695,2.698,2.695,2.696,229.0,3310.0,3.195,3.202,3.1925,3.1935,1982.0,2646.4,104.074,104.152,104.056,104.102,2658.0,2899.75,1.32492,1.32528,1.32438,1.32476,886.0,1664.9,41.44,41.51,41.31,41.33,4972.0,6928.5,24.555,24.58,24.385,24.42,3440.0,2523.35,0.89506,0.89512,0.89441,0.89484,365.0,906.65,0.9114,0.91192,0.9114,0.91142,126.0,292.75,1879.4,1880.4,1874.7,1877.0,6859.0,6788.45,1.31139,1.31171,1.31098,1.31142,666.0,998.15,0.72808,0.72834,0.72753,0.72782,497.0,447.6,7.75262,7.75274,7.75204,7.75236,695.0,307.35,2020-11-18 01:00:00,323,-0.6644834655228552,0.0012669132924543192,1.1668054166666666,1.2118119430087457,1.1217988903245875,0.04478463290557368,1.0003542868711406,0.9970741058366542,0.0019638865859239463,0.0012587064713787447,56.81937585373545,6913.651284417441,4,0,1.1987245760481888,1.1722354239518114,2020-11-21 01:00:00,2020-12-02 14:00:00,2021-08-18 16:00:00,0.0
2020-11-20 07:00:00,1605855600,1.18837,1.18912,1.18163,1.18698,6.56612,6.57386,6.5626,6.57088,23286.0,11693.15,2.601,2.639,2.601,2.62,1894.0,5135.8,3.236,3.238,3.2295,3.2335,1234.0,2186.75,103.764,103.88,103.746,103.871,2699.0,2563.15,1.32804,1.32874,1.32508,1.3257,2322.0,1405.15,41.91,41.95,41.68,41.72,3815.0,8264.15,24.185,24.265,24.08,24.17,1837.0,3277.25,0.89484,0.89574,0.89374,0.89536,923.0,646.2,0.9098,0.91091,0.90963,0.9102,385.0,210.95,1865.8,1867.2,1859.1,1864.3,9426.0,7521.6,1.30684,1.30762,1.30628,1.30748,1126.0,841.9,0.72976,0.73028,0.72816,0.72834,674.0,410.0,7.75294,7.75294,7.75254,7.75273,654.0,332.0,2020-11-20 07:00:00,325,-0.6383844591746642,0.001265310254074059,1.1676141666666666,1.2119343093864752,1.123294023946858,0.050301440536860434,1.0011710391076514,0.9993692814854682,0.0023584393269409087,0.0014786530424911776,57.715239685189594,6942.509544470885,4,0,1.2001697632999135,1.1737902367000865,2020-11-23 07:00:00,2020-12-02 14:00:00,2021-03-31 06:00:00,0.0
2020-11-24 10:00:00,1606212000,1.18836,1.1906,1.18001,1.18806,6.5714,6.57854,6.5704,6.57733,9327.0,12419.65,2.73,2.739,2.724,2.728,219.0,850.25,3.31,3.316,3.3045,3.308,1055.0,2569.85,104.213,104.308,104.194,104.279,2947.0,3328.95,1.33629,1.33688,1.33456,1.33582,2745.0,1627.0,43.4,43.6,43.39,43.58,5934.0,9237.05,23.445,23.46,23.125,23.165,3669.0,4176.95,0.88928,0.8909,0.8891,0.88937,1337.0,780.1,0.91114,0.91316,0.91086,0.91261,707.0,319.8,1822.5,1822.9,1809.2,1810.4,19208.0,12910.35,1.30292,1.30392,1.30278,1.3032,1082.0,1047.05,0.73592,0.73613,0.73444,0.73484,398.0,419.15,7.7515,7.75152,7.75132,7.75135,110.0,173.1,2020-11-24 10:00:00,329,-0.5839514998576998,0.0009098721124196629,1.1683293055555555,1.2122776436422114,1.1243809674688996,0.04430676969302004,1.0002525124993689,0.9981185956660508,0.0027268388895391737,0.0017282902119007768,56.94628065725924,6971.53455308855,4,0,1.201143544314264,1.1749764556857358,2020-11-27 10:00:00,2020-12-02 14:00:00,2021-03-31 06:00:00,0.0
2020-11-26 10:00:00,1606384800,1.19036,1.1941,1.18414,1.19078,6.56862,6.569,6.56538,6.56802,8173.0,8949.75,2.933,2.943,2.932,2.934,565.0,3459.7,3.3515,3.3545,3.3465,3.3495,1126.0,1542.25,104.265,104.302,104.237,104.278,2018.0,2091.7,1.33613,1.33648,1.3342,1.33522,1817.0,1096.2,45.04,45.26,44.98,45.21,6004.0,12163.5,23.46,23.515,23.44,23.495,278.0,1408.8,0.8909,0.89236,0.89085,0.89185,871.0,569.25,0.90889,0.90919,0.90826,0.90848,443.0,252.4,1817.9,1819.1,1815.5,1818.8,3313.0,4602.0,1.30096,1.30136,1.30046,1.30081,693.0,668.55,0.73605,0.7369,0.73582,0.73646,332.0,271.25,7.75084,7.75086,7.7508,7.75084,69.0,264.1,2020-11-26 10:00:00,331,-0.5556819724760489,0.0022894466609431063,1.169064027777778,1.2127152434212372,1.1254128121343188,0.045441672597362454,0.9996472900115891,0.9968679340088771,0.003201375995397493,0.00202290736860012,57.10945059671002,7000.711474998752,4,0,1.2039009938193603,1.1776590061806396,2020-11-29 10:00:00,2020-12-02 14:00:00,2021-03-31 06:00:00,0.0
2020-11-30 20:00:00,1606766400,1.19473,1.20033,1.18854,1.19276,6.57941,6.58375,6.57932,6.5836,3819.0,12464.3,2.945,2.953,2.93,2.933,2992.0,4971.4,3.453,3.453,3.442,3.443,671.0,4595.7,104.334,104.4,104.315,104.399,1971.0,3211.0,1.33426,1.33492,1.33283,1.33286,1238.0,2294.55,45.5,45.61,44.86,45.15,22104.0,14012.85,22.75,22.76,22.66,22.71,1485.0,4367.7,0.8954,0.8954,0.89473,0.89491,787.0,1144.45,0.9064,0.90895,0.90636,0.90882,279.0,364.0,1784.4,1784.8,1779.4,1780.0,7632.0,11155.15,1.29604,1.29894,1.29604,1.29878,1558.0,1186.15,0.7354,0.7354,0.73392,0.73392,311.0,435.75,7.75217,7.75218,7.75105,7.75105,271.0,310.65,2020-11-30 20:00:00,335,-0.4972040784469378,0.0016627756596516718,1.170031388888889,1.2126259120183471,1.1274368657594307,0.06016832649167414,1.001651631510111,0.9953346163138471,0.003694630126820586,0.0023572519202442136,59.693806541405706,7030.021819802122,4,0,1.2053176625006694,1.180202337499331,2020-12-03 20:00:00,2020-12-02 14:00:00,2021-03-26 16:00:00,1.0
2020-12-02 14:00:00,1606917600,1.20661,1.20876,1.19232,1.20826,6.55923,6.56248,6.55697,6.55712,15068.0,12338.85,2.929,2.934,2.845,2.867,15493.0,2966.3,3.464,3.465,3.439,3.4535,6571.0,2710.1,104.618,104.618,104.463,104.503,5754.0,2713.6,1.33046,1.33164,1.32878,1.33072,4438.0,2247.4,44.38,44.97,44.38,44.84,29318.0,8054.45,23.845,23.96,23.76,23.915,7831.0,3214.75,0.90688,0.90822,0.90648,0.90796,2639.0,1216.8,0.89664,0.89678,0.8956,0.89567,726.0,326.5,1818.3,1823.5,1816.8,1821.3,18551.0,7321.9,1.29478,1.29498,1.29332,1.29342,2135.0,887.95,0.73568,0.73654,0.73522,0.73653,733.0,412.2,7.75182,7.75211,7.75174,7.75208,290.0,320.0,2020-12-02 14:00:00,337,-0.4670649248774303,0.012995070257218355,1.171086388888889,1.2136528830595166,1.1285198947182613,0.06493034580380738,0.9986343998808204,0.9982213177140209,0.005275445983327964,0.0029408907328609636,60.38953933690774,7059.527341400214,4,0,1.2212793433782059,1.195240656621794,2020-12-05 14:00:00,2020-12-17 12:00:00,2021-03-05 12:00:00,0.0
2020-12-04 10:00:00,1607076000,1.2167,1.21775,1.20752,1.21752,6.5153,6.52158,6.51382,6.518,11709.0,12397.5,2.479,2.507,2.476,2.499,2396.0,8386.8,3.5295,3.5305,3.5215,3.5285,1277.0,2729.65,103.958,104.074,103.93,103.998,3759.0,2649.4,1.34821,1.34879,1.34354,1.3465,4605.0,2023.65,46.44,46.44,45.97,46.29,13471.0,12399.8,24.425,24.48,24.31,24.325,1093.0,2498.8,0.90245,0.90548,0.90228,0.90422,2332.0,1044.85,0.89152,0.89152,0.89031,0.89034,472.0,254.2,1845.8,1848.2,1842.4,1843.4,5331.0,6416.5,1.28559,1.28688,1.28544,1.28607,874.0,778.1,0.74266,0.74266,0.7416,0.74248,428.0,344.3,7.75064,7.75068,7.75052,7.75058,133.0,204.45,2020-12-04 10:00:00,339,-0.4363729641045924,0.0076639133961233785,1.1724127777777777,1.2147283185879008,1.1300972369676547,0.0816853706908286,0.9993264997700243,0.9991377540546087,0.007192547341180466,0.003791222054524864,63.09869973116804,7089.249688929397,4,0,1.2304523139107537,1.204587686089246,2020-12-07 10:00:00,,2021-02-03 17:00:00,0.0
2020-12-08 03:00:00,1607396400,1.21116,1.21759,1.20786,1.21144,6.52288,6.52396,6.51999,6.52071,8581.0,11565.8,2.452,2.455,2.448,2.448,233.0,6034.8,3.4945,3.496,3.491,3.4935,954.0,2368.9,104.046,104.05,104.02,104.032,1362.0,3092.15,1.33487,1.33608,1.33474,1.33602,912.0,3224.15,45.39,45.47,45.37,45.42,1862.0,11657.4,24.81,24.875,24.79,24.855,1021.0,3976.1,0.90732,0.90738,0.90676,0.90676,411.0,1729.5,0.89102,0.89114,0.89081,0.89098,65.0,339.75,1871.3,1874.6,1871.1,1873.8,3631.0,9242.65,1.27938,1.27938,1.27896,1.2791,323.0,886.7,0.74262,0.74283,0.74214,0.74254,187.0,389.75,7.751,7.75128,7.751,7.75124,230.0,164.3,2020-12-08 03:00:00,343,-0.3734765374130707,-0.004993757802746468,1.1736604166666667,1.2151898836106074,1.1321309497227259,0.07704458157329826,0.9997688701049989,0.994719076207919,0.008127569233045806,0.0046584914902290525,62.13230328732343,7119.119152535697,4,0,1.2244201471412572,1.198459852858743,2020-12-11 03:00:00,2020-12-17 12:00:00,2021-03-05 12:00:00,0.0
2020-12-09 18:00:00,1607536800,1.20724,1.21474,1.20588,1.20618,6.53052,6.54033,6.53048,6.54032,14029.0,14281.9,2.463,2.498,2.451,2.496,10286.0,3535.6,3.512,3.5125,3.4905,3.492,2701.0,2608.2,104.344,104.357,104.232,104.3,2753.0,2538.15,1.33713,1.33784,1.33632,1.33632,2378.0,2207.5,45.65,45.8,45.44,45.46,14692.0,13932.7,24.13,24.13,23.695,23.695,8375.0,3743.1,0.90282,0.90305,0.9019,0.90261,1015.0,1103.75,0.8905,0.89116,0.89023,0.89108,273.0,299.75,1845.2,1845.5,1828.2,1828.7,20428.0,9715.9,1.28127,1.28334,1.28116,1.28298,1438.0,879.3,0.7442,0.74428,0.74236,0.74236,418.0,399.55,7.7517,7.75176,7.75162,7.75166,53.0,155.15,2020-12-09 18:00:00,344,-0.3574644155648613,-0.004341940170375813,1.1747754166666666,1.2154044972027955,1.1341463361305377,0.06887562507215936,1.000878807474838,0.9938258392742482,0.008347913231139037,0.00539637583841105,60.814160245702915,7149.074491685616,4,0,1.21917025711974,1.19318974288026,2020-12-12 18:00:00,2020-12-17 12:00:00,2021-03-08 13:00:00,0.0
2020-12-11 11:00:00,1607684400,1.21194,1.2163,1.20616,1.2122,6.54007,6.54062,6.53733,6.53866,12984.0,11518.45,2.547,2.584,2.531,2.582,3016.0,5029.55,3.5285,3.535,3.525,3.5335,1470.0,3201.9,104.09,104.14,104.071,104.096,2928.0,2449.4,1.31988,1.32046,1.31725,1.31834,4327.0,2158.3,46.61,46.7,46.37,46.64,10297.0,11919.65,23.905,23.94,23.69,23.925,4433.0,1778.2,0.91824,0.91991,0.9177,0.91944,2294.0,1095.7,0.88902,0.88984,0.88871,0.88892,451.0,248.35,1835.5,1837.2,1826.8,1836.5,15655.0,5775.1,1.27709,1.27811,1.27709,1.27736,1587.0,888.45,0.7528,0.75297,0.7523,0.75297,550.0,398.3,7.75116,7.75118,7.75113,7.75116,58.0,1815.15,2020-12-11 11:00:00,346,-0.3251276029999093,0.004990963206154886,1.1759481944444445,1.2159421654445048,1.1359542234443842,0.07220352605451448,0.9997855139415939,0.996415358053112,0.008905642423592264,0.006098229155447293,61.24846805562955,7179.123910277523,4,0,1.2253042665949008,1.1990957334050993,2020-12-14 11:00:00,2020-12-30 14:00:00,2021-03-05 12:00:00,0.0
2020-12-15 13:00:00,1608037200,1.2125,1.21768,1.21054,1.21395,6.53474,6.53479,6.53058,6.53092,16026.0,10103.3,2.642,2.65,2.596,2.608,8622.0,2864.3,3.531,3.556,3.529,3.5315,7408.0,1770.6,103.926,103.943,103.766,103.772,5354.0,2010.35,1.33656,1.33937,1.3365,1.33874,3579.0,1633.8,47.13,47.52,47.12,47.36,14731.0,6820.1,24.375,24.7,24.36,24.62,11302.0,1756.55,0.90718,0.9081,0.90608,0.90679,1968.0,916.15,0.88792,0.88793,0.88662,0.8873,638.0,217.4,1846.6,1859.3,1846.6,1856.6,27603.0,6013.0,1.27542,1.27558,1.27367,1.2739,1513.0,644.9,0.75239,0.75394,0.75238,0.75365,597.0,311.55,7.75218,7.75218,7.7519,7.75191,252.0,198.05,2020-12-15 13:00:00,350,-0.2593382659754055,0.001443656162349649,1.177216388888889,1.2161298097687039,1.138302968009074,0.07819645116694024,0.998805552123234,0.9957460088036264,0.009380722076669956,0.0067547277396918255,62.273839288114644,7209.250038768229,4,0,1.2269741047385077,1.2009258952614925,2020-12-18 13:00:00,2020-12-30 14:00:00,2021-03-05 12:00:00,0.0
2020-12-17 12:00:00,1608206400,1.22379,1.22491,1.21252,1.22484,6.50983,6.50984,6.50604,6.50626,12949.0,10630.45,2.673,2.684,2.668,2.668,1781.0,2717.1,3.6005,3.6045,3.5955,3.6035,2218.0,1429.7,103.043,103.065,102.981,103.013,3584.0,2715.65,1.36206,1.36228,1.35862,1.35888,3531.0,1699.95,48.21,48.36,48.04,48.33,8730.0,6104.7,25.97,26.1,25.88,26.075,4598.0,2768.95,0.8985,0.90142,0.89837,0.90134,1864.0,860.6,0.88342,0.8842,0.8833,0.88336,406.0,327.8,1884.1,1888.2,1881.4,1887.7,11036.0,7229.85,1.2702,1.27092,1.27008,1.27041,740.0,737.45,0.76351,0.76354,0.76274,0.76288,296.0,390.05,7.75254,7.75276,7.75245,7.75276,152.0,234.65,2020-12-17 12:00:00,352,-0.225963608248019,0.008970715433090248,1.1786597222222222,1.2168045522261037,1.1405148922183406,0.0886604465306497,0.99914274517488,0.9990856471087671,0.010514750613108026,0.007506732314375066,63.632785852967444,7239.49002889581,4,0,1.2381517862996194,1.2115282137003804,2020-12-20 12:00:00,,2021-01-28 10:00:00,0.0
2020-12-21 10:00:00,1608544800,1.21754,1.22728,1.21294,1.21478,6.5448,6.55314,6.54276,6.55131,30775.0,14312.8,2.701,2.703,2.662,2.675,2016.0,3038.3,3.5695,3.5695,3.5465,3.5555,8137.0,3248.55,103.738,103.892,103.724,103.831,7781.0,2926.7,1.322,1.32434,1.31879,1.32354,7500.0,2429.6,46.73,46.73,46.25,46.5,24951.0,14249.85,26.615,26.615,25.12,25.935,11894.0,4998.65,0.92099,0.92174,0.9175,0.91782,4142.0,1342.8,0.8885,0.89194,0.8884,0.89064,1487.0,368.6,1890.3,1890.4,1859.0,1874.3,32037.0,9017.95,1.29104,1.2957,1.29092,1.29284,4312.0,1304.75,0.74974,0.74978,0.7462,0.74856,1922.0,629.7,7.75397,7.75397,7.75312,7.75315,253.0,280.4,2020-12-21 10:00:00,356,-0.1584517749608363,-0.008213317657816521,1.1798566666666668,1.2170257087600653,1.1426876245732682,0.07358506388561717,1.0022720163321754,0.9920637507333291,0.010480901168857137,0.00810156608527148,61.23539841468504,7269.7559893280395,4,0,1.2281542726700252,1.2014057273299747,2020-12-24 10:00:00,2020-12-30 14:00:00,2021-03-05 12:00:00,0.0
2020-12-22 21:00:00,1608670800,1.21571,1.22571,1.21478,1.2163,6.54118,6.54148,6.53908,6.53999,1975.0,12897.65,2.759,2.771,2.758,2.771,430.0,2838.6,3.5175,3.519,3.509,3.513,518.0,2849.4,103.674,103.687,103.578,103.647,1917.0,2926.6,1.33629,1.33783,1.33554,1.33621,864.0,2962.75,46.94,46.96,46.71,46.8,4309.0,11941.55,25.35,25.4,25.28,25.315,611.0,4965.0,0.90976,0.91068,0.90932,0.91038,628.0,1597.95,0.88993,0.89,0.88902,0.88946,156.0,359.45,1866.0,1866.9,1864.0,1864.8,1824.0,8002.1,1.29118,1.29152,1.29046,1.29086,519.0,1264.65,0.75246,0.75318,0.75218,0.75218,182.0,563.0,7.75288,7.7529,7.75269,7.75273,125.0,188.2,2020-12-22 21:00:00,357,-0.141444067687942,0.001251255371342852,1.1810458333333331,1.2173002159144501,1.144791450752216,0.07299424199740698,0.9995149223053524,0.9918414633151398,0.010456194041095435,0.008572491676436271,61.17871318153335,7300.032719060775,4,0,1.2296891150093587,1.2029108849906414,2020-12-25 21:00:00,2021-01-04 13:00:00,2021-02-03 17:00:00,0.0
2020-12-28 10:00:00,1609149600,1.22488,1.22505,1.21542,1.22135,6.5279,6.53611,6.52788,6.53394,11124.0,7472.35,2.295,2.297,2.279,2.28,151.0,1285.3,3.597,3.5985,3.5835,3.586,860.0,1574.3,103.462,103.591,103.448,103.576,3579.0,1672.2,1.3554,1.35544,1.34858,1.3497,3658.0,1359.1,48.84,48.93,48.65,48.67,6108.0,6960.65,26.61,26.68,26.475,26.525,1391.0,2690.35,0.9037,0.90554,0.90346,0.90489,2353.0,813.9,0.8888,0.89081,0.8884,0.89061,622.0,236.2,1889.2,1889.8,1881.1,1883.6,7143.0,5563.9,1.28164,1.28394,1.28163,1.28372,1409.0,717.3,0.7612,0.76121,0.75906,0.75944,578.0,329.35,7.7527,7.75274,7.7526,7.75268,115.0,372.35,2020-12-28 10:00:00,363,-0.0386957901765268,0.00415193619995069,1.1822645833333332,1.217944398108558,1.1465847685581083,0.07455839494454038,1.0028902444016867,0.9998612301538713,0.010720526701212485,0.009002098681391514,61.393440494429896,7330.326547125717,4,0,1.2348175150299308,1.2078824849700691,2020-12-31 10:00:00,,2021-02-03 17:00:00,0.0
2020-12-30 14:00:00,1609336800,1.22912,1.23102,1.21915,1.22968,6.50884,6.51463,6.5068,6.50964,20931.0,10485.0,2.448,2.465,2.428,2.46,8188.0,2806.35,3.558,3.5655,3.553,3.563,3126.0,1435.75,103.045,103.172,102.962,103.024,5499.0,2347.6,1.36006,1.36149,1.35728,1.36042,3958.0,1723.75,48.14,48.28,47.61,48.28,35535.0,6614.2,26.445,26.555,26.345,26.54,7373.0,1801.5,0.90375,0.90451,0.90346,0.90392,2269.0,968.7,0.88274,0.88374,0.8819,0.88278,1009.0,302.4,1887.7,1892.0,1883.1,1891.7,20440.0,4751.8,1.27924,1.28,1.27738,1.27748,2162.0,784.9,0.76632,0.76796,0.76632,0.76737,882.0,361.4,7.75286,7.75305,7.7528,7.75286,159.0,218.7,2020-12-30 14:00:00,365,-0.0043005927029819,0.00682032177508507,1.1836219444444445,1.218971811490255,1.148272077398634,0.08281216374036188,0.9995445969683169,0.9984565644749882,0.011469955119239206,0.009495669968961054,62.472879495622465,7360.662697091306,4,0,1.2433209552185691,1.216039044781431,2021-01-02 14:00:00,,2021-01-15 13:00:00,0.0
2021-01-04 13:00:00,1609765200,1.23035,1.23094,1.22094,1.2299,6.45071,6.45414,6.4499,6.45338,14327.0,15553.85,2.607,2.67,2.606,2.658,9790.0,2810.2,3.5935,3.6055,3.59,3.592,6163.0,2324.85,102.912,103.057,102.898,103.027,5303.0,2454.15,1.36543,1.36572,1.36142,1.36262,4671.0,1928.15,48.27,48.98,48.2,48.95,26861.0,10898.85,27.425,27.76,27.37,27.645,12128.0,2721.8,0.90107,0.90289,0.90079,0.90256,2350.0,995.95,0.87854,0.8797,0.87848,0.87949,544.0,302.55,1935.8,1946.4,1933.6,1944.3,26262.0,7735.1,1.26976,1.2714,1.26934,1.26998,1599.0,1016.85,0.77157,0.77267,0.77134,0.77182,655.0,587.65,7.75298,7.75316,7.75286,7.75316,164.0,231.7,2021-01-04 13:00:00,4,0.0687554084811394,0.00017890833387546046,1.1848716666666668,1.2203165105476386,1.149426822785695,0.07597478076083138,1.000365883405155,0.9995206915040539,0.011943952254510837,0.009985326426071011,61.71553564918495,7391.017402222326,4,0,1.2434361802015952,1.2163638197984048,2021-01-07 13:00:00,,2021-01-12 06:00:00,0.0
2021-01-06 02:00:00,1609898400,1.22894,1.23264,1.22414,1.22788,6.43819,6.44769,6.43806,6.44512,28777.0,15417.35,2.685,2.693,2.684,2.687,258.0,4771.7,3.659,3.668,3.64,3.6445,3808.0,3105.05,102.776,102.871,102.744,102.833,3989.0,3430.45,1.36065,1.36104,1.3592,1.35955,1751.0,2487.75,50.02,50.24,49.98,50.05,8921.0,24427.15,27.505,27.585,27.345,27.385,2910.0,3141.4,0.9032,0.90338,0.90292,0.90316,646.0,1229.2,0.87908,0.87986,0.87891,0.87966,314.0,428.65,1951.1,1953.4,1945.3,1947.4,8610.0,9088.65,1.26781,1.26954,1.26732,1.26946,1874.0,1714.2,0.77543,0.77578,0.77344,0.77344,1215.0,854.75,7.75266,7.75318,7.75264,7.75296,333.0,182.7,2021-01-06 02:00:00,6,0.1030313790431787,-0.0016424099520285784,1.1860775000000001,1.2213834426430663,1.150771557356934,0.07333145013161584,1.0008632765416814,0.9969983125649013,0.012018064514287552,0.01039187404371432,61.278254091971974,7421.355020360187,4,0,1.2414167415935573,1.214343258406443,2021-01-09 02:00:00,,2021-01-15 13:00:00,0.0
2021-01-07 08:00:00,1610006400,1.23113,1.23496,1.22656,1.22944,6.44112,6.45158,6.44102,6.45062,27323.0,17470.55,2.689,2.69,2.673,2.685,1280.0,4515.8,3.674,3.675,3.6585,3.6615,2046.0,2979.85,103.364,103.46,103.33,103.392,5553.0,3871.8,1.3581,1.3627,1.357,1.36082,5038.0,2660.35,51.02,51.19,50.76,51.03,17759.0,15560.8,27.33,27.335,27.175,27.265,1921.0,5383.25,0.9065,0.9065,0.90301,0.90348,2370.0,1194.05,0.87994,0.88164,0.8795,0.88156,880.0,437.65,1921.8,1923.8,1917.1,1919.2,7996.0,14252.8,1.26786,1.26962,1.26784,1.26896,2222.0,1775.65,0.77883,0.7789,0.77694,0.77757,1051.0,884.45,7.75296,7.75297,7.75254,7.75266,462.0,195.8,2021-01-07 08:00:00,7,0.1201261651823505,0.001270482457569111,1.1872556944444446,1.2226101186473626,1.1519012702415266,0.07149481352673161,1.0013746095783447,0.9968986849776511,0.012063616119363019,0.01072622245884406,61.077015486667925,7451.662858447504,4,0,1.2429804071909885,1.2158995928090117,2021-01-10 08:00:00,,2021-01-15 13:00:00,0.0
2021-01-08 14:00:00,1610114400,1.2271,1.22958,1.22134,1.22498,6.45332,6.46394,6.45276,6.46132,32961.0,16799.65,2.659,2.671,2.644,2.655,9266.0,2895.95,3.6895,3.6945,3.629,3.653,18526.0,3135.25,103.637,103.922,103.63,103.888,9839.0,3542.05,1.36198,1.36358,1.35804,1.35846,7095.0,2165.5,51.57,51.77,51.3,51.45,38476.0,9976.15,26.715,26.84,25.91,26.1,24611.0,3882.75,0.90102,0.90201,0.90069,0.90175,2896.0,960.3,0.88279,0.88512,0.8825,0.88476,1469.0,480.15,1891.2,1893.3,1857.2,1864.6,56395.0,11028.05,1.2678,1.2711,1.26588,1.27024,3917.0,1222.95,0.77919,0.77986,0.77632,0.77678,1991.0,705.4,7.75357,7.75376,7.75356,7.75374,164.0,191.7,2021-01-08 14:00:00,8,0.1371854040566005,-0.003627667881311969,1.1882531944444445,1.2237578604066257,1.1527485284822634,0.0604185172431426,1.001730640500253,0.9979830511231479,0.011606044116281078,0.010902186790331465,59.479436143815015,7481.893602040732,4,0,1.238402287299032,1.211557712700968,2021-01-11 14:00:00,,2021-01-28 10:00:00,0.0
2021-01-12 06:00:00,1610431200,1.21534,1.22635,1.21322,1.2161,6.45882,6.46268,6.45515,6.4574,22781.0,15324.35,2.823,2.835,2.815,2.832,3584.0,5566.95,3.6105,3.62,3.6035,3.612,3994.0,3720.6,104.237,104.253,104.146,104.162,2197.0,2752.2,1.35438,1.35584,1.35384,1.35548,1280.0,1763.2,52.39,52.53,52.34,52.49,5352.0,10224.65,25.51,25.63,25.445,25.565,2113.0,3866.2,0.89736,0.8976,0.89694,0.8972,513.0,793.3,0.89068,0.89084,0.89031,0.89037,158.0,345.5,1858.7,1860.5,1855.7,1859.8,4741.0,7778.25,1.27645,1.27693,1.27522,1.27534,731.0,1155.55,0.7707,0.77188,0.77035,0.77187,518.0,636.95,7.75448,7.7545,7.75441,7.75448,120.0,216.15,2021-01-12 06:00:00,12,0.2049661139694953,-0.007249097944456273,1.1890516666666666,1.224437778050559,1.1536655552827741,0.04842800625517013,0.9993750513938,0.9910221388673707,0.010406908853282326,0.010803131202921638,57.51994767822107,7511.976611859245,4,0,1.229576327182233,1.2026236728177668,2021-01-15 06:00:00,,2021-02-05 15:00:00,0.0
2021-01-13 17:00:00,1610557200,1.21578,1.22229,1.21372,1.21654,6.46512,6.46762,6.46361,6.46392,11613.0,13569.7,2.774,2.783,2.728,2.738,12056.0,4431.45,3.6265,3.6275,3.616,3.6165,7253.0,2679.55,103.905,103.98,103.84,103.878,3154.0,2956.15,1.36296,1.36409,1.36118,1.36394,2140.0,1868.2,53.05,53.07,52.74,52.86,16604.0,10941.1,25.565,25.57,25.48,25.545,2653.0,2447.55,0.89201,0.89256,0.89164,0.89194,1251.0,931.1,0.88749,0.88844,0.88703,0.88722,476.0,353.2,1857.3,1858.0,1852.8,1855.6,6438.0,6576.0,1.27106,1.27236,1.26896,1.26918,1558.0,999.15,0.77395,0.77464,0.77266,0.77454,603.0,575.75,7.75384,7.75387,7.75376,7.75386,46.0,157.05,2021-01-13 17:00:00,13,0.2217721575564818,0.00036181235095789077,1.1897137500000001,1.225351115173072,1.1540763848269282,0.039973293770512244,0.9993752774261431,0.994673931718332,0.009383917876821357,0.010519288537701583,56.399860376446576,7541.899873648668,4,0,1.2298105004541955,1.2032694995458044,2021-01-16 17:00:00,,2021-02-03 17:00:00,0.0
2021-01-15 13:00:00,1610715600,1.21217,1.21786,1.2111,1.2116,6.47804,6.479,6.4743,6.47891,14483.0,12646.4,2.732,2.776,2.732,2.775,6244.0,3238.1,3.6215,3.6305,3.5885,3.593,9065.0,2563.8,103.712,103.758,103.641,103.758,4155.0,2372.25,1.36235,1.36348,1.36056,1.36059,3168.0,1477.35,53.05,53.18,52.8,52.9,13735.0,7735.9,25.325,25.405,24.685,24.855,18289.0,3381.35,0.88977,0.8905,0.88951,0.89049,1410.0,701.0,0.8883,0.88901,0.88708,0.88814,599.0,299.95,1847.4,1850.3,1835.5,1837.9,26102.0,5961.3,1.27119,1.27248,1.27094,1.27236,1579.0,863.2,0.77319,0.7738,0.77206,0.77206,809.0,499.4,7.75406,7.75434,7.75404,7.7543,311.0,188.5,2021-01-15 13:00:00,15,0.2551824131233728,-0.004060696730070479,1.1902390277777777,1.2260382680183148,1.1544397875372405,0.03171248985180654,1.0004704522944865,0.995327870198545,0.008081415910912604,0.010031714012343786,55.0770552542555,7571.62056862226,4,0,1.2248394766341237,1.1983605233658763,2021-01-18 13:00:00,,2021-03-05 12:00:00,0.0
2021-01-19 16:00:00,1611072000,1.21282,1.2145,1.20536,1.21248,6.47798,6.48276,6.47556,6.47839,15183.0,11867.5,2.559,2.566,2.538,2.552,9053.0,3438.65,3.631,3.634,3.605,3.616,6386.0,2609.7,103.908,103.93,103.838,103.862,3341.0,2802.45,1.36186,1.36279,1.36098,1.36262,1706.0,1255.05,53.02,53.18,52.94,53.02,24910.0,10645.0,25.255,25.355,25.24,25.32,3636.0,3008.0,0.89058,0.89097,0.88974,0.88984,878.0,696.9,0.88834,0.88924,0.88783,0.88878,389.0,305.1,1838.6,1842.2,1837.8,1840.7,11074.0,6414.75,1.27358,1.27426,1.27156,1.27218,2001.0,864.1,0.77042,0.77086,0.76946,0.77022,682.0,519.7,7.75156,7.75228,7.75156,7.75224,451.0,183.35,2021-01-19 16:00:00,19,0.321057654185271,0.0007263123142950967,1.190736111111111,1.2267653938113479,1.1547068284108741,0.029962436739287047,1.000280416996569,0.9986167146974064,0.007039040685075992,0.009433179346890228,54.83087222957104,7601.132500113523,4,0,1.2257163796412291,1.1992436203587706,2021-01-22 16:00:00,,2021-03-05 12:00:00,0.0
2021-01-21 14:00:00,1611237600,1.21516,1.21732,1.20766,1.215,6.46626,6.46837,6.46506,6.4657,12104.0,10144.95,2.482,2.515,2.476,2.504,6043.0,2265.8,3.6585,3.6615,3.6335,3.6395,8684.0,1968.15,103.578,103.662,103.552,103.573,6313.0,2634.0,1.37116,1.37314,1.37072,1.37271,4218.0,1385.85,52.91,53.32,52.79,52.86,35397.0,9214.1,25.725,25.915,25.7,25.81,7449.0,2477.5,0.88622,0.88636,0.8844,0.88514,2185.0,723.8,0.88692,0.88748,0.88556,0.88579,1076.0,329.55,1860.2,1867.6,1857.5,1863.9,21899.0,6805.55,1.26158,1.26289,1.26062,1.26152,3102.0,952.2,0.77598,0.7769,0.77546,0.77606,1280.0,469.7,7.7518,7.75187,7.75174,7.75182,112.0,127.15,2021-01-21 14:00:00,21,0.3534446712740877,0.0020783847980998527,1.191081111111111,1.227560913055773,1.154601309166449,0.020656324925660653,1.0001316872427983,0.9982256103571782,0.006343173591499607,0.008815178195812104,53.45499054189386,7630.43958775625,4,0,1.2278826128336293,1.2021173871663708,2021-01-24 14:00:00,,2021-03-05 12:00:00,0.0
2021-01-25 12:00:00,1611576000,1.21568,1.21896,1.21358,1.21534,6.48815,6.49213,6.48743,6.49102,6823.0,9706.9,2.528,2.531,2.504,2.516,760.0,946.7,3.626,3.626,3.6105,3.615,3268.0,1731.2,103.818,103.829,103.756,103.771,2021.0,1689.4,1.369,1.3691,1.3672,1.36824,1708.0,1100.3,52.48,52.5,52.16,52.23,15157.0,9586.2,25.715,25.73,25.635,25.665,2392.0,1847.55,0.88802,0.88878,0.88786,0.88826,988.0,660.65,0.88634,0.88678,0.88616,0.88658,335.0,245.55,1862.6,1864.4,1859.8,1862.5,6650.0,4793.6,1.27058,1.27294,1.27056,1.27244,1488.0,839.75,0.7729,0.77304,0.77198,0.77242,579.0,461.5,7.75154,7.75173,7.7515,7.75166,108.0,128.35,2021-01-25 12:00:00,25,0.4169258813287287,0.00027983539094655896,1.1916488888888888,1.2283511893203878,1.1549465884573897,0.03421540554551337,1.0002797571050077,0.9973091815974273,0.005752814203751511,0.008202705397399986,55.93978844589099,7659.233285966299,4,0,1.2276158474705974,1.2030641525294028,2021-01-28 12:00:00,,2021-02-03 17:00:00,0.0
2021-01-27 08:00:00,1611734400,1.21552,1.2176,1.21078,1.21482,6.47524,6.48012,6.4752,6.47803,15183.0,11061.05,2.678,2.687,2.675,2.682,1892.0,1110.0,3.616,3.6165,3.6065,3.6075,1317.0,2210.95,103.679,103.754,103.652,103.75,2721.0,1747.4,1.37536,1.3758,1.3726,1.37362,2820.0,1102.65,52.97,53.12,52.86,52.94,11515.0,9973.15,25.465,25.51,25.345,25.37,1205.0,2165.15,0.88378,0.88492,0.88355,0.88436,1542.0,757.45,0.88662,0.88737,0.88623,0.88728,483.0,216.05,1849.5,1851.5,1843.9,1845.7,5786.0,4631.65,1.27184,1.27324,1.27184,1.27303,1431.0,852.8,0.77398,0.77412,0.77252,0.7726,780.0,434.0,7.7516,7.75172,7.75148,7.75172,239.0,180.65,2021-01-27 08:00:00,27,0.4479449394078911,-0.0004278638076588015,1.1921569444444444,1.2291181438394843,1.1551957450494046,0.030574118046821502,1.000576217052732,0.9982917214191852,0.005183241302196828,0.007598812578359354,55.365839347532734,7687.516805946803,4,0,1.2270675280163374,1.2025724719836628,2021-01-30 08:00:00,,2021-02-05 15:00:00,0.0
2021-01-28 10:00:00,1611828000,1.21088,1.21489,1.20585,1.21089,6.49058,6.49183,6.48517,6.48686,12120.0,17072.65,2.643,2.647,2.631,2.639,878.0,5046.1,3.509,3.511,3.5,3.5055,3197.0,4692.6,104.294,104.334,104.218,104.242,2767.0,2618.25,1.36502,1.36748,1.36378,1.36679,2384.0,2026.7,52.69,52.81,52.59,52.69,9742.0,16122.15,25.3,25.465,25.26,25.335,3091.0,3867.3,0.88708,0.88767,0.88589,0.88594,1556.0,1270.05,0.88965,0.89028,0.88927,0.88966,522.0,405.15,1842.6,1845.3,1841.7,1843.7,5331.0,5851.8,1.28638,1.28704,1.28478,1.28571,1980.0,2024.85,0.7607,0.76196,0.76008,0.76148,880.0,1057.0,7.75281,7.75306,7.75281,7.75295,175.0,307.2,2021-01-28 10:00:00,28,0.4632579225674917,-0.003235047167481575,1.192526527777778,1.2296997868564772,1.1553532686990786,0.022220631434046772,0.9999917416115419,0.9966992896476223,0.004364422176452054,0.006951934497977895,53.92767527675278,7715.274409769357,4,0,1.223065816774373,1.198714183225627,2021-01-31 10:00:00,2021-05-25 14:00:00,2021-03-05 12:00:00,0.0
2021-01-29 14:00:00,1611928800,1.21464,1.2156,1.20881,1.21466,6.4427,6.4463,6.43999,6.44098,25693.0,15784.2,2.658,2.695,2.644,2.676,10529.0,3217.05,3.601,3.609,3.5865,3.592,9260.0,3215.8,104.674,104.842,104.653,104.765,5506.0,2725.85,1.37393,1.37516,1.3717,1.37242,3733.0,1788.1,52.85,53.25,52.83,52.94,51277.0,12086.95,27.565,27.77,27.05,27.405,29476.0,6477.6,0.8839,0.88537,0.88381,0.88505,2457.0,1103.75,0.88831,0.88878,0.88746,0.8887,777.0,334.95,1875.2,1878.9,1854.6,1867.7,53210.0,10814.0,1.27673,1.27786,1.27483,1.2755,4421.0,1705.45,0.7692,0.77038,0.76752,0.76876,1867.0,812.5,7.75304,7.75336,7.75304,7.75329,105.0,188.55,2021-01-29 14:00:00,29,0.4784338202547012,0.0031134124486948966,1.19302375,1.2304125897052791,1.155634910294721,0.02991633243470973,0.9999835344870168,0.9992102665350444,0.003973900956265375,0.006356327789635391,55.30999703352123,7742.534866000237,4,0,1.2268156982918956,1.2025043017081045,2021-02-01 14:00:00,,2021-02-05 15:00:00,0.0
2021-02-02 02:00:00,1612231200,1.20841,1.21552,1.20561,1.20836,6.46416,6.46632,6.46368,6.4656,14134.0,13879.25,2.849,2.851,2.841,2.847,308.0,7570.4,3.567,3.569,3.555,3.5555,2082.0,2826.85,104.876,104.935,104.86,104.899,992.0,1812.7,1.3693,1.36959,1.36872,1.36929,874.0,1939.7,53.99,54.32,53.98,54.23,6787.0,15038.3,28.785,28.845,28.535,28.56,3601.0,11860.65,0.88252,0.88278,0.8824,0.8825,496.0,1194.95,0.89587,0.8961,0.8957,0.89596,152.0,408.55,1864.9,1865.7,1860.9,1861.0,3988.0,9880.0,1.28284,1.2836,1.28243,1.28268,722.0,1745.3,0.76523,0.76588,0.76466,0.7658,477.0,658.55,7.75306,7.75319,7.75303,7.75306,119.0,198.4,2021-02-02 02:00:00,33,0.5376773767406141,-0.005186636589662896,1.1934209722222222,1.2308458924669046,1.1559960519775399,0.02395304039998139,1.0000413783971662,0.9941506515729894,0.0031200863141673807,0.00570907949454179,54.17518248175186,7769.269184946631,4,0,1.220557362080101,1.196162637919899,2021-02-05 02:00:00,2021-02-25 11:00:00,2021-03-05 12:00:00,0.0
2021-02-03 17:00:00,1612371600,1.20238,1.20874,1.20042,1.20268,6.46041,6.46129,6.45873,6.45921,9035.0,11540.65,2.827,2.839,2.795,2.795,10456.0,4174.3,3.563,3.567,3.5595,3.5665,2287.0,2964.7,105.052,105.076,105.008,105.01,1114.0,1483.25,1.36502,1.3662,1.36422,1.36578,1359.0,1547.85,56.21,56.22,55.86,55.87,19390.0,13820.45,27.015,27.07,26.945,26.99,2858.0,3893.95,0.88086,0.88148,0.88048,0.88059,1036.0,948.45,0.89938,0.89947,0.89898,0.89928,236.0,301.7,1836.9,1838.3,1834.6,1837.2,4788.0,5924.25,1.2767,1.27765,1.27662,1.27718,1060.0,1161.75,0.76216,0.7626,0.76157,0.76239,301.0,487.3,7.75162,7.75168,7.75141,7.75142,74.0,109.65,2021-02-03 17:00:00,34,0.5521013427459208,-0.004700585918103961,1.1937479166666667,1.231077944445168,1.1564178888881653,0.019767040740776582,0.9997505570891676,0.9947383225507554,0.001962481266208238,0.00495975984887508,53.386465646219335,7795.453821925089,4,0,1.214901846422023,1.1904581535779772,2021-02-06 17:00:00,2021-02-25 11:00:00,2021-03-08 13:00:00,0.0
2021-02-05 15:00:00,1612537200,1.20215,1.20429,1.19524,1.20238,6.465,6.46548,6.46118,6.46247,12170.0,10532.45,2.991,3.004,2.967,2.976,15186.0,5301.35,3.5835,3.5905,3.5775,3.5845,5602.0,2285.8,105.502,105.549,105.408,105.472,3844.0,2193.5,1.37202,1.374,1.37166,1.37239,2837.0,1405.65,56.95,57.06,56.55,56.99,35973.0,10530.85,26.71,26.805,26.665,26.78,7996.0,2734.95,0.87619,0.87634,0.87512,0.87614,1908.0,835.4,0.90056,0.90127,0.89985,0.90046,697.0,315.35,1802.8,1808.7,1802.3,1806.1,19382.0,8368.0,1.27902,1.27938,1.27722,1.2775,2232.0,1056.05,0.76475,0.7659,0.76436,0.76574,744.0,416.4,7.75248,7.75248,7.75212,7.75216,244.0,138.7,2021-02-05 15:00:00,36,0.580454927809098,-0.0002494429108323981,1.1940470833333334,1.2313026750584524,1.1567914916082145,0.01807687628935616,0.9998087127197725,0.9982230193724103,0.0010092296614971907,0.004169653811399502,53.111278021724075,7821.097143950609,4,0,1.2145951831977364,1.1901648168022636,2021-02-08 15:00:00,2021-02-24 04:00:00,2021-03-08 13:00:00,0.0
2021-02-09 17:00:00,1612890000,1.21048,1.21166,1.20198,1.21056,6.42316,6.42406,6.42249,6.42304,3988.0,12661.75,2.83,2.836,2.802,2.813,8256.0,3526.1,3.714,3.7255,3.714,3.719,4566.0,3680.2,104.623,104.63,104.552,104.564,1990.0,2503.3,1.37943,1.37984,1.37928,1.3798,819.0,1393.9,58.14,58.43,58.11,58.3,25025.0,13070.1,27.385,27.455,27.35,27.45,2616.0,2976.0,0.87754,0.87782,0.87726,0.87734,571.0,823.4,0.89304,0.89309,0.89264,0.89276,236.0,317.9,1837.1,1840.2,1836.6,1839.0,6370.0,6850.9,1.27138,1.27148,1.27026,1.27052,1018.0,975.75,0.77235,0.77306,0.77232,0.77299,222.0,390.25,7.75166,7.75172,7.75155,7.75166,98.0,140.7,2021-02-09 17:00:00,40,0.6350683134867438,0.006803173705484111,1.1943180555555557,1.231768519760564,1.1568675913505475,0.016247791442436457,0.9999339148823684,0.9990261294422528,0.0009034145334587684,0.003516405955811355,52.83468456687881,7846.25511566909,4,0,1.222765455429779,1.198354544570221,2021-02-12 17:00:00,2021-02-25 11:00:00,2021-03-05 12:00:00,0.0
2021-02-12 02:00:00,1613095200,1.21272,1.21496,1.21021,1.21199,6.42354,6.43028,6.42338,6.42933,5102.0,7326.55,2.86,2.864,2.853,2.856,275.0,7404.3,3.776,3.776,3.765,3.7665,905.0,2240.95,104.811,104.843,104.805,104.827,910.0,2058.95,1.38024,1.38024,1.37874,1.37891,702.0,1153.45,57.78,57.79,57.71,57.73,1562.0,10145.95,26.965,26.975,26.925,26.945,526.0,2141.65,0.87864,0.87898,0.87853,0.87894,228.0,589.15,0.8903,0.8908,0.8903,0.89076,74.0,197.9,1823.6,1823.6,1819.5,1819.9,3046.0,6686.4,1.27187,1.2729,1.27187,1.27274,494.0,979.25,0.77482,0.77482,0.77354,0.77366,261.0,341.95,7.75294,7.75313,7.75294,7.75312,119.0,65.4,2021-02-12 02:00:00,43,0.6740694616546161,0.001181271477663115,1.1946479166666668,1.2322990634703674,1.1569967698629662,0.019790416048861562,1.0006023152006205,0.99815631790347,0.0009242896948706836,0.002997982703623221,53.46462436177972,7870.641218420188,4,0,1.224189432533598,1.1997905674664018,2021-02-15 02:00:00,2021-05-25 14:00:00,2021-03-05 12:00:00,0.0
2021-02-16 14:00:00,1613484000,1.21084,1.21696,1.20816,1.20975,6.42696,6.42984,6.42476,6.42727,25629.0,6641.85,3.128,3.214,3.103,3.117,41629.0,4426.65,3.824,3.8245,3.807,3.8155,7049.0,2325.3,105.727,105.814,105.664,105.808,5384.0,2131.1,1.3885,1.38928,1.38694,1.38694,3486.0,1195.45,59.83,60.18,59.33,60.06,39019.0,9639.7,26.965,27.29,26.875,27.09,12938.0,3181.15,0.87204,0.87274,0.87148,0.87222,1553.0,570.3,0.89184,0.89304,0.89142,0.8928,916.0,227.5,1796.2,1797.9,1788.1,1790.6,48618.0,9043.9,1.2682,1.26984,1.26774,1.26953,3409.0,708.15,0.77552,0.77592,0.7745,0.7749,1361.0,369.6,7.75266,7.75295,7.75264,7.75295,159.0,109.85,2021-02-16 14:00:00,47,0.7232617254437388,-0.0018482000676571797,1.1949483333333335,1.232733134212322,1.157163532454345,0.018041500751004427,1.0009010126059101,0.9949710754667367,0.000751422203727703,0.0025486706036441176,53.13596427639401,7894.266844229545,4,0,1.2219416628285857,1.1975583371714145,2021-02-19 14:00:00,2021-02-25 11:00:00,2021-03-05 12:00:00,0.0
2021-02-18 13:00:00,1613653200,1.20777,1.21239,1.20233,1.20848,6.45294,6.45922,6.452,6.45793,12420.0,9613.7,3.229,3.242,3.16,3.201,11796.0,5455.7,3.92,3.9205,3.897,3.8975,11379.0,3963.05,105.709,105.737,105.598,105.624,2901.0,1809.45,1.39528,1.3986,1.39489,1.39775,3033.0,1063.4,61.59,61.69,61.41,61.46,18977.0,9018.8,27.245,27.37,27.22,27.305,3956.0,2145.45,0.86564,0.86592,0.86412,0.86457,1438.0,476.05,0.89667,0.89679,0.89576,0.89592,497.0,194.15,1783.1,1788.8,1780.6,1785.0,19378.0,7127.65,1.2679,1.2689,1.26654,1.26836,1791.0,741.6,0.77828,0.77892,0.77746,0.77777,792.0,391.5,7.75252,7.7527,7.75246,7.7527,43.0,163.4,2021-02-18 13:00:00,49,0.7465881145324129,-0.001049803678446093,1.1953252777777776,1.233100899542178,1.1575496560133773,0.02271398418334171,0.9994124851052562,0.9961893450127434,0.0005061109533595065,0.002140158673587195,53.99870344177274,7917.148544646197,4,0,1.2205427407885163,1.1964172592114837,2021-02-21 13:00:00,2021-02-25 11:00:00,2021-03-05 12:00:00,0.0
2021-02-22 12:00:00,1613995200,1.21368,1.21446,1.20622,1.21366,6.46408,6.4685,6.46298,6.4668,9238.0,11577.3,2.955,2.955,2.923,2.942,1345.0,1142.35,4.1165,4.1185,4.098,4.112,4836.0,4835.05,105.557,105.622,105.524,105.55,2558.0,2217.85,1.40236,1.40368,1.40157,1.40286,1457.0,1259.75,59.69,59.97,59.69,59.76,9996.0,12611.2,27.495,27.54,27.43,27.45,2073.0,2382.45,0.86544,0.86585,0.86488,0.86514,641.0,516.9,0.89796,0.89798,0.89702,0.89722,371.0,262.8,1794.2,1796.5,1791.8,1793.1,5947.0,6361.75,1.26287,1.26332,1.26228,1.2626,937.0,932.1,0.78866,0.78926,0.78804,0.78872,437.0,493.3,7.75353,7.7536,7.75344,7.75353,68.0,123.85,2021-02-22 12:00:00,53,0.7905633969115482,0.004286376274328152,1.1957983333333333,1.233628176832282,1.1579684898343845,0.02846518955468635,1.0000164790798083,0.9993577392421323,0.0007213672563088913,0.0018564003901315345,54.967911318553085,7939.337141494363,4,0,1.2258153648871368,1.201504635112863,2021-02-25 12:00:00,,2021-03-05 12:00:00,0.0
2021-02-24 04:00:00,1614139200,1.2152,1.218,1.21292,1.21487,6.46108,6.46339,6.46082,6.46182,6657.0,12191.6,2.843,2.845,2.828,2.833,917.0,1130.2,4.176,4.1765,4.161,4.1675,578.0,4507.85,105.512,105.53,105.482,105.508,1847.0,2570.0,1.41586,1.41688,1.41567,1.41604,855.0,1608.5,61.16,61.22,61.1,61.14,1934.0,19941.65,27.815,27.815,27.75,27.76,499.0,2896.9,0.8583,0.85837,0.85754,0.85794,288.0,720.7,0.90636,0.90674,0.90617,0.90669,156.0,349.3,1808.3,1808.9,1806.6,1808.6,2011.0,8297.2,1.25774,1.25822,1.25764,1.25802,628.0,1411.2,0.79208,0.79211,0.79104,0.79122,346.0,655.35,7.7544,7.75448,7.75414,7.75422,215.0,161.25,2021-02-24 04:00:00,55,0.8111602420785621,0.000996984328395012,1.1962981944444442,1.2341723234608066,1.1584240654280817,0.030072239978574396,1.0002716340019921,0.9977011494252874,0.0009783188639607143,0.0016807840848973707,55.24192373794751,7960.859929872645,4,0,1.2270350048201004,1.2027049951798994,2021-02-27 04:00:00,,2021-03-05 12:00:00,0.0
2021-02-25 11:00:00,1614250800,1.22281,1.22379,1.21092,1.22296,6.44627,6.45413,6.44482,6.45169,11762.0,10520.6,2.838,2.855,2.831,2.845,2131.0,3254.35,4.344,4.351,4.3235,4.3355,3329.0,3864.7,106.062,106.168,106.044,106.139,3188.0,2786.9,1.41648,1.41745,1.41266,1.41344,2809.0,1357.85,63.37,63.43,63.21,63.37,9058.0,14562.85,28.29,28.305,27.935,28.045,3801.0,2341.15,0.86326,0.86544,0.86306,0.86524,1237.0,664.6,0.90544,0.90608,0.9046,0.90595,549.0,300.65,1793.5,1794.1,1779.7,1785.2,17904.0,8041.85,1.24802,1.24956,1.2472,1.24859,1810.0,985.5,0.80001,0.80072,0.79778,0.79792,907.0,527.6,7.75374,7.75428,7.75372,7.75428,102.0,166.7,2021-02-25 11:00:00,56,0.8211001178128892,0.006659148715500551,1.1967720833333333,1.2351185684817725,1.158425598184894,0.028296107919839594,0.9998773467652253,0.9991992090146186,0.0018138414185147056,0.0017073955516208378,54.99677816179488,7981.780142988588,4,0,1.2351178250817951,1.210802174918205,2021-02-28 11:00:00,,2021-03-01 07:00:00,0.0
2021-02-26 07:00:00,1614322800,1.21548,1.22431,1.2129,1.21348,6.47526,6.48373,6.4752,6.47666,29781.0,19445.1,2.729,2.744,2.726,2.727,783.0,4718.3,4.196,4.217,4.191,4.1925,4102.0,7141.95,106.155,106.216,106.021,106.081,8139.0,5783.0,1.3944,1.3944,1.39114,1.39134,4357.0,2771.7,62.67,62.92,62.54,62.7,9934.0,17321.9,26.94,26.995,26.775,26.89,3640.0,4994.2,0.87166,0.8723,0.87028,0.87217,1881.0,1259.65,0.90535,0.90584,0.90404,0.90448,820.0,736.25,1760.7,1761.9,1753.5,1757.5,13101.0,15180.4,1.26204,1.26433,1.26178,1.26303,2990.0,2432.9,0.78259,0.78335,0.78052,0.78246,1488.0,1336.2,7.75588,7.75676,7.75588,7.75641,415.0,284.35,2021-02-26 07:00:00,57,0.8307970168121247,-0.007751684437757644,1.19699625,1.2355443748790413,1.1584481251209586,0.01338983511105314,1.0016481524211358,0.9927877743381985,0.0016915432328401536,0.001704225087864701,52.356892523364465,8002.063780105195,4,0,1.2256051861745307,1.201354813825469,2021-03-01 07:00:00,,2021-03-05 12:00:00,0.0
2021-03-01 07:00:00,1614582000,1.20906,1.21596,1.20622,1.20763,6.46944,6.46973,6.46474,6.46864,18122.0,16001.35,2.782,2.804,2.78,2.787,974.0,4405.5,4.157,4.1605,4.145,4.1515,2716.0,6998.0,106.548,106.61,106.526,106.606,3063.0,3864.9,1.39932,1.39987,1.39604,1.39635,1848.0,2786.15,62.58,62.74,62.58,62.69,5777.0,17436.5,27.02,27.175,26.975,26.995,2544.0,4563.25,0.86402,0.86504,0.86352,0.86487,783.0,1319.55,0.90822,0.90984,0.90802,0.9098,448.0,444.8,1751.5,1757.4,1750.8,1751.6,10098.0,15012.6,1.26945,1.26972,1.26754,1.26942,1442.0,2309.45,0.77605,0.77734,0.77522,0.77536,849.0,1206.9,7.75725,7.75797,7.75722,7.75794,230.0,352.6,2021-03-01 07:00:00,60,0.8584015232918916,-0.004820845831822407,1.197331111111111,1.2358232153763606,1.1588390068458612,0.020166712347685845,1.0011841375255666,0.9943254712326064,0.001109782053376307,0.0015853364809670224,53.60464073199176,8022.743898379181,4,0,1.2193047197932225,1.1959552802067774,2021-03-04 07:00:00,2021-05-18 08:00:00,2021-03-05 12:00:00,0.0
2021-03-02 16:00:00,1614700800,1.20624,1.20808,1.19918,1.20786,6.47731,6.4789,6.47486,6.47516,13395.0,13873.05,2.85,2.855,2.833,2.849,7963.0,2801.1,4.1665,4.186,4.1615,4.183,8115.0,5174.1,106.726,106.792,106.676,106.746,3426.0,2489.75,1.3948,1.39632,1.39418,1.39614,2689.0,1802.55,60.62,61.05,60.38,60.76,36075.0,13992.05,26.465,26.78,26.455,26.685,6379.0,3469.95,0.86482,0.86583,0.86424,0.86514,1584.0,912.1,0.9148,0.91509,0.91406,0.91416,462.0,361.35,1723.8,1733.2,1722.6,1730.0,16289.0,10074.9,1.26226,1.2633,1.26104,1.26126,2442.0,1449.9,0.7813,0.78229,0.78028,0.78216,1234.0,812.65,7.75846,7.75848,7.75766,7.75766,286.0,217.4,2021-03-02 16:00:00,61,0.8670985522812081,0.00019045568593023532,1.1976391666666668,1.236108048218999,1.1591702851143346,0.018533749090132272,0.9986587849585217,0.9984769220581418,0.0006596867469206291,0.0014002065341577438,53.33533834586464,8043.784981606678,4,0,1.2195285701211052,1.1961914298788947,2021-03-05 16:00:00,2021-05-18 08:00:00,2021-03-05 12:00:00,-1.0
2021-03-04 10:00:00,1614852000,1.20325,1.21134,1.20266,1.20491,6.47554,6.47564,6.47208,6.47382,8754.0,12387.5,2.802,2.811,2.795,2.806,584.0,2681.5,3.977,3.9785,3.9335,3.961,7887.0,4957.45,107.339,107.354,107.298,107.302,2314.0,2540.5,1.3929,1.39452,1.39208,1.3945,2428.0,1832.45,60.99,61.1,60.52,61.04,14771.0,16056.35,26.0,26.06,25.815,26.01,2204.0,3516.85,0.86386,0.86451,0.86368,0.86405,916.0,816.25,0.92302,0.92356,0.92204,0.92336,575.0,376.1,1713.3,1714.9,1706.7,1713.6,9739.0,10548.9,1.26551,1.26658,1.26436,1.26446,1623.0,1508.6,0.77795,0.77832,0.77676,0.77798,857.0,766.75,7.75822,7.75841,7.75818,7.75838,95.0,231.1,2021-03-04 10:00:00,63,0.8837203473619977,-0.0024423360323215793,1.1979398611111112,1.2362911051724002,1.1595886170498222,0.01813153428869511,0.9986223037405283,0.9933214456717353,6.420254104289036e-05,0.0011330057355347734,53.25045791670419,8065.133336996538,4,0,1.2165571413145535,1.1932628586854463,2021-03-07 10:00:00,2021-05-18 08:00:00,2021-03-08 13:00:00,0.0
2021-03-05 12:00:00,1614945600,1.19318,1.20537,1.19141,1.19354,6.50457,6.50774,6.50248,6.50278,16511.0,16638.2,2.736,2.751,2.716,2.746,3758.0,2463.6,4.0805,4.089,4.067,4.069,5283.0,4896.6,108.399,108.458,108.224,108.265,5325.0,3775.45,1.38154,1.38315,1.38106,1.3827,2247.0,2343.65,65.47,65.53,65.24,65.28,11351.0,18998.1,25.355,25.445,25.34,25.415,2792.0,3241.1,0.86368,0.86404,0.86313,0.86318,1008.0,1176.5,0.9283,0.9285,0.92642,0.92652,499.0,434.3,1692.3,1697.0,1691.5,1696.3,7300.0,9034.75,1.27048,1.2716,1.26989,1.27006,1497.0,2204.6,0.76684,0.76756,0.76628,0.76707,759.0,1136.25,7.76371,7.76497,7.76295,7.76496,276.0,469.05,2021-03-05 12:00:00,64,0.8916401947968874,-0.009436389439875126,1.1981606944444445,1.2362197895357707,1.1601015993531183,0.013411245300461247,0.99969837625886,0.9898869226876393,-0.0013100851136027547,0.0006443875657072678,52.3466556467324,8086.685450067973,4,0,1.2053135874050698,1.1817664125949305,2021-03-08 12:00:00,2021-04-26 07:00:00,2021-03-26 16:00:00,0.0
2021-03-08 13:00:00,1615208400,1.1862,1.19463,1.18568,1.18712,6.54576,6.54628,6.53736,6.53936,25571.0,18705.8,2.663,2.666,2.636,2.643,11471.0,2305.5,4.0465,4.0465,4.011,4.036,10565.0,4142.25,108.686,108.739,108.562,108.692,4932.0,2609.75,1.38241,1.38566,1.3823,1.38496,3224.0,1950.25,65.96,66.17,65.43,65.98,34246.0,14878.3,25.235,25.3,24.97,25.25,6277.0,2322.35,0.85806,0.85808,0.85679,0.85716,1414.0,924.25,0.93504,0.93526,0.93354,0.93396,601.0,340.8,1687.0,1693.3,1681.3,1691.1,19283.0,7838.7,1.26937,1.26945,1.26521,1.266,2915.0,1562.5,0.76477,0.76724,0.7643,0.767,1162.0,795.2,7.76913,7.76914,7.7675,7.76758,208.0,563.4,2021-03-08 13:00:00,67,0.9138076496466616,-0.005378956716993177,1.1981377777777777,1.236221788133273,1.1600537674222824,-0.0013889534155738896,0.9992250151627468,0.9929434218126113,-0.0028840132177996303,-6.129259099411184e-05,49.75304576885082,8108.374107516212,4,0,1.1986334641852914,1.1756065358147085,2021-03-11 13:00:00,2021-04-19 15:00:00,2021-03-31 06:00:00,0.0
2021-03-09 18:00:00,1615312800,1.18864,1.19158,1.18356,1.18942,6.52382,6.52444,6.51553,6.51759,15274.0,22096.1,2.653,2.671,2.648,2.669,5612.0,2416.5,4.0095,4.019,4.0045,4.007,2303.0,4874.35,108.527,108.554,108.43,108.458,4084.0,4230.05,1.389,1.39028,1.38886,1.38925,1655.0,2295.65,64.15,64.25,63.86,64.03,17573.0,15648.6,26.085,26.22,26.06,26.095,5010.0,3041.15,0.85574,0.85623,0.85554,0.85616,667.0,993.65,0.92856,0.92884,0.9278,0.9285,409.0,409.95,1714.9,1718.0,1714.1,1714.2,9351.0,9562.9,1.26478,1.26508,1.26392,1.26432,1474.0,1744.2,0.77028,0.7717,0.77018,0.77106,560.0,856.25,7.76152,7.76154,7.76104,7.76112,125.0,748.75,2021-03-09 18:00:00,68,0.9206588168102428,0.0019374620931329467,1.1982108333333332,1.2362061572487397,1.1602155094179267,0.004432130882904559,0.9993442181903786,0.9975326876919719,-0.003900805741397839,-0.0008291952210748573,50.79274174101758,8130.189989121668,4,0,1.2009154030835352,1.177924596916465,2021-03-12 18:00:00,2021-04-19 15:00:00,2021-03-31 06:00:00,0.0
2021-03-11 12:00:00,1615464000,1.19644,1.1969,1.1869,1.19544,6.48456,6.48754,6.48358,6.48408,12453.0,12183.25,2.7,2.714,2.677,2.69,2552.0,1786.7,4.109,4.125,4.104,4.1245,3477.0,2642.05,108.473,108.602,108.463,108.51,4110.0,2926.65,1.3959,1.39622,1.39481,1.39592,2028.0,1257.75,65.15,65.35,64.95,65.34,9111.0,10485.9,26.325,26.4,26.245,26.375,2223.0,1695.55,0.85712,0.8576,0.85607,0.85637,1410.0,581.4,0.9251,0.92574,0.92476,0.92506,563.0,353.25,1731.7,1735.5,1728.5,1734.0,8764.0,5479.45,1.25734,1.25846,1.25696,1.25764,1400.0,937.6,0.77751,0.77812,0.77679,0.77805,452.0,447.4,7.75883,7.75943,7.7586,7.75939,355.0,1030.2,2021-03-11 12:00:00,70,0.9335418911179212,0.005061290376822347,1.1983772222222222,1.2362151191983277,1.1605393252461167,0.01007196710687798,1.0008365120792344,0.9996156738240454,-0.004172756513545428,-0.0014979074795689715,51.777026225228454,8152.147374470813,4,0,1.2070768976794763,1.1838031023205238,2021-03-14 12:00:00,2021-04-26 07:00:00,2021-03-24 14:00:00,0.0
2021-03-12 19:00:00,1615575600,1.19524,1.199,1.19099,1.19489,6.49812,6.49951,6.49796,6.4995,7810.0,19078.2,2.613,2.617,2.584,2.591,13867.0,3329.65,4.144,4.1465,4.138,4.146,870.0,3163.75,109.057,109.083,109.034,109.067,1960.0,3781.1,1.39192,1.39273,1.39144,1.39229,856.0,1718.65,65.61,65.72,65.44,65.49,22770.0,10503.7,25.945,25.99,25.905,25.95,1267.0,2586.35,0.85872,0.85904,0.85818,0.85821,485.0,775.55,0.92874,0.9297,0.92857,0.92967,164.0,350.8,1722.9,1724.0,1721.0,1721.0,4660.0,9176.0,1.24777,1.24777,1.24643,1.24678,884.0,1349.05,0.77614,0.77633,0.77574,0.77574,202.0,652.9,7.76322,7.76432,7.76308,7.76399,3029.0,598.5,2021-03-12 19:00:00,71,0.9395699859530622,-0.0004600816435790245,1.198584861111111,1.236175626233106,1.1609940959891158,0.012590541210218083,1.000292913992083,0.9968640533778148,-0.004382145220914291,-0.0020747550278380354,52.23728712100805,8174.218705852099,4,0,1.2064887011098944,1.1832912988901056,2021-03-15 19:00:00,2021-04-26 07:00:00,2021-03-24 14:00:00,0.0
2021-03-16 19:00:00,1615921200,1.19038,1.19674,1.18822,1.19052,6.50334,6.50368,6.5011,6.50132,5834.0,11722.5,2.558,2.56,2.55,2.556,2230.0,2734.15,4.051,4.0555,4.0465,4.0545,896.0,3341.35,108.996,109.012,108.956,108.985,2022.0,3097.5,1.38952,1.3904,1.38934,1.38983,893.0,1531.6,64.72,64.77,64.64,64.67,3691.0,11759.35,25.945,26.025,25.925,26.015,838.0,2187.85,0.85668,0.85684,0.85642,0.8566,392.0,743.75,0.92519,0.92519,0.92426,0.92478,187.0,348.7,1728.8,1731.5,1728.7,1731.1,3621.0,7755.05,1.24421,1.24442,1.2436,1.2442,819.0,1000.65,0.77452,0.77508,0.77435,0.77476,262.0,490.15,7.7653,7.76543,7.76482,7.76486,153.0,262.3,2021-03-16 19:00:00,75,0.9608854255574976,-0.003657240415435692,1.1986529166666666,1.2361661336332657,1.1611396997000676,0.004124341954454148,0.9998824043275207,0.9946855624446413,-0.004844861214198692,-0.002628776265110167,50.7361778846154,8196.354014320692,4,0,1.2020498761787333,1.1789901238212668,2021-03-19 19:00:00,2021-04-19 15:00:00,2021-03-31 06:00:00,0.0
2021-03-18 14:00:00,1616076000,1.19166,1.1989,1.18863,1.192,6.50852,6.5106,6.50536,6.50807,20959.0,11853.45,2.434,2.492,2.422,2.488,22115.0,3193.7,4.124,4.128,4.098,4.1105,6504.0,2703.3,109.178,109.206,109.018,109.058,5463.0,3980.75,1.39022,1.39387,1.38976,1.39268,3128.0,1903.45,63.33,63.38,61.66,61.84,77804.0,14776.8,26.095,26.185,26.045,26.16,6127.0,3797.7,0.85717,0.85717,0.85506,0.8559,1322.0,873.3,0.92964,0.93054,0.92872,0.92932,896.0,450.6,1720.9,1727.6,1719.3,1726.6,22191.0,13339.15,1.24484,1.24604,1.24405,1.24465,3113.0,1345.55,0.77751,0.77913,0.77685,0.77811,1479.0,824.45,7.76536,7.76572,7.76528,7.76566,143.0,459.4,2021-03-18 14:00:00,77,0.969843196967294,0.0012431542519235617,1.1988731944444444,1.2360347920429335,1.1617115968459553,0.01339467863328058,0.9997147651006711,0.9939611310367836,-0.0050341132178921555,-0.003109843655666565,52.44150246305419,8218.542454089424,4,0,1.203317155314316,1.1806828446856839,2021-03-21 14:00:00,2021-04-22 06:00:00,2021-03-26 16:00:00,0.0
2021-03-22 12:00:00,1616414400,1.19276,1.19388,1.18739,1.19232,6.50407,6.5063,6.50352,6.50565,8823.0,8607.1,2.487,2.517,2.478,2.517,3021.0,1407.5,4.139,4.1405,4.1135,4.115,4343.0,2128.2,108.702,108.862,108.69,108.825,4111.0,2135.05,1.38706,1.38732,1.38406,1.38457,1566.0,1002.8,61.6,61.74,61.04,61.19,23310.0,13447.0,25.805,25.805,25.53,25.595,4906.0,2178.75,0.85992,0.86116,0.85986,0.86115,920.0,572.95,0.92492,0.92562,0.92448,0.92517,503.0,271.65,1735.7,1736.4,1729.1,1730.8,16279.0,6531.85,1.24772,1.25064,1.24744,1.25045,1199.0,755.25,0.77452,0.77469,0.77355,0.77384,699.0,454.85,7.76594,7.76594,7.7656,7.76564,72.0,394.9,2021-03-22 12:00:00,81,0.984305844499033,0.0002684563758390546,1.1992090277777776,1.2356745365686501,1.162743518986905,0.020488248754295137,1.0003690284487385,0.9990618822662244,-0.005099491702633019,-0.003507773265059856,53.81243693239154,8240.766493849555,4,0,1.203463075514144,1.181176924485856,2021-03-25 12:00:00,2021-04-22 06:00:00,2021-03-26 16:00:00,0.0
2021-03-24 14:00:00,1616594400,1.18228,1.1947,1.18124,1.18288,6.52829,6.52904,6.52572,6.52647,15491.0,11815.25,2.534,2.541,2.529,2.529,2627.0,1079.25,4.0675,4.087,4.063,4.0835,5666.0,2948.6,108.882,108.944,108.841,108.908,3454.0,2248.5,1.3709,1.37234,1.36962,1.37202,2352.0,1309.45,59.71,60.27,59.29,60.07,62199.0,18359.45,25.255,25.345,25.2,25.325,3135.0,1636.6,0.86241,0.86304,0.862,0.86214,1083.0,713.1,0.93636,0.93658,0.93587,0.93614,501.0,256.75,1729.0,1731.0,1727.0,1730.4,9115.0,4967.15,1.2572,1.25752,1.25462,1.25531,2385.0,1043.55,0.76096,0.76248,0.76042,0.76206,900.0,562.85,7.7685,7.76854,7.76824,7.76832,144.0,322.4,2021-03-24 14:00:00,83,0.9897936029670716,-0.007917337627482701,1.1994659722222223,1.2351891561031205,1.163742788341324,0.01576338631293523,0.9994927634248614,0.9896040847074579,-0.005845648729679409,-0.003975348357983767,52.86555142503097,8262.94867625092,4,0,1.1941285092736724,1.1716314907263274,2021-03-27 14:00:00,2021-04-15 10:00:00,2021-08-18 16:00:00,0.0
2021-03-26 16:00:00,1616774400,1.17966,1.18391,1.17618,1.17988,6.54194,6.54302,6.54095,6.54196,10131.0,9733.85,2.559,2.569,2.55,2.561,922.0,342.4,4.062,4.071,4.0585,4.0685,4028.0,2586.85,109.557,109.648,109.53,109.634,2919.0,2596.95,1.37917,1.37958,1.37848,1.37888,1471.0,1096.6,60.97,61.33,60.7,61.0,38445.0,15456.3,25.115,25.14,25.045,25.08,1869.0,1682.9,0.85532,0.85573,0.85517,0.85568,781.0,615.4,0.93992,0.94004,0.93911,0.93933,291.0,250.85,1732.8,1733.3,1730.8,1730.9,4029.0,5213.5,1.25796,1.2583,1.25737,1.25815,1170.0,854.45,0.76269,0.76326,0.76246,0.76296,458.0,439.15,7.76866,7.76893,7.76862,7.76866,157.0,192.75,2021-03-26 16:00:00,85,0.9941098647022418,-0.002536182875693127,1.1996290277777777,1.2348762181618176,1.1643818373937378,0.009999998154303798,0.9998135403600366,0.9964102000996696,-0.00660294385081639,-0.004500867456550291,51.82275493727489,8285.055910360072,4,0,1.1910936746065124,1.1686663253934877,2021-03-29 16:00:00,2021-04-15 10:00:00,2021-08-20 14:00:00,0.0
2021-03-31 06:00:00,1617170400,1.17083,1.18002,1.17042,1.17272,6.56974,6.57388,6.56812,6.56828,19476.0,11246.0,2.628,2.63,2.621,2.628,423.0,3494.85,3.9845,3.994,3.977,3.9865,3296.0,2650.35,110.845,110.945,110.638,110.704,4686.0,2914.7,1.37286,1.37538,1.37166,1.3753,1837.0,1156.15,60.9,61.11,60.78,61.0,6649.0,13471.9,23.99,24.185,23.915,24.15,2881.0,3307.1,0.85284,0.85334,0.85244,0.85272,993.0,581.9,0.9439,0.94473,0.94264,0.94273,389.0,264.5,1683.6,1688.6,1681.6,1686.3,7423.0,8967.8,1.26192,1.2628,1.26074,1.2608,1103.0,952.55,0.75988,0.76107,0.75884,0.76107,634.0,469.15,7.77502,7.77519,7.77356,7.77358,560.0,428.1,2021-03-31 06:00:00,90,0.9997451236925734,-0.006068413736990297,1.1996331944444443,1.2348674063440273,1.1643989825448613,0.00025584826631801265,0.9983883620983697,0.9922119964068405,-0.007692187106968396,-0.005139131386633912,50.04616520989782,8307.031015170733,4,0,1.183952204531309,1.161487795468691,2021-04-03 06:00:00,2021-04-08 11:00:00,2021-09-30 14:00:00,0.0
2021-04-05 19:00:00,1617649200,1.1811,1.18196,1.17126,1.18134,6.55615,6.55692,6.55524,6.55604,2926.0,5922.45,2.512,2.514,2.509,2.511,1412.0,4818.45,4.1405,4.142,4.134,4.1385,904.0,2082.75,110.173,110.252,110.161,110.182,1815.0,2162.5,1.39044,1.39072,1.38999,1.3905,455.0,760.85,58.73,58.81,58.64,58.76,5453.0,17807.95,24.735,24.9,24.73,24.885,1197.0,1680.5,0.84948,0.8496,0.84922,0.84958,204.0,398.7,0.93626,0.93654,0.93622,0.93632,90.0,208.65,1726.7,1729.3,1726.7,1729.1,2999.0,4779.3,1.2524,1.25316,1.25226,1.25245,501.0,622.25,0.76537,0.7654,0.7649,0.76514,198.0,275.1,7.7759,7.77596,7.77579,7.77586,35.0,181.2,2021-04-05 19:00:00,95,0.9979887423155984,0.007350433180981053,1.1997584722222223,1.2346613413338337,1.164855603110611,0.007664695970142454,0.9997968408756158,0.9992723950049072,-0.007770287240911333,-0.005665362557489397,51.35256717850288,8328.918376413108,4,0,1.1928375452328623,1.1698424547671376,2021-04-08 19:00:00,2021-04-15 10:00:00,2021-08-20 14:00:00,0.0
2021-04-08 11:00:00,1617879600,1.18622,1.19149,1.1795,1.18798,6.55772,6.55819,6.55474,6.55548,10245.0,9224.85,2.494,2.503,2.478,2.499,2820.0,2106.65,4.079,4.0895,4.079,4.084,1685.0,1903.25,109.546,109.554,109.182,109.211,4335.0,2101.5,1.37398,1.37703,1.37353,1.37664,1687.0,882.4,59.42,59.62,59.21,59.5,10167.0,12035.55,25.38,25.515,25.38,25.455,2194.0,1424.2,0.86332,0.86402,0.86285,0.86295,1059.0,498.0,0.9288,0.92888,0.92714,0.9274,262.0,326.2,1746.4,1752.3,1746.4,1750.5,9793.0,4316.2,1.26086,1.2609,1.25844,1.2587,791.0,624.5,0.76336,0.76476,0.76318,0.76472,342.0,308.9,7.7771,7.77927,7.77691,7.77895,753.0,612.4,2021-04-08 11:00:00,98,0.9933900548258936,0.005620735774628738,1.1998820833333332,1.2345501393263951,1.1652140273402714,0.007519912415004594,0.9985184935773329,0.9955769666551966,-0.007213239912907454,-0.0059749380285730085,51.335053402136104,8350.74770298368,4,0,1.1995365848589357,1.1764234151410644,2021-04-11 11:00:00,2021-04-19 15:00:00,2021-08-09 04:00:00,0.0
2021-04-13 04:00:00,1618286400,1.18905,1.19275,1.18671,1.18874,6.55286,6.55663,6.55271,6.5555,9466.0,8829.25,2.552,2.556,2.551,2.551,151.0,3326.7,4.012,4.012,4.0065,4.0085,657.0,2175.6,109.714,109.753,109.692,109.707,1897.0,1901.05,1.37314,1.37353,1.3726,1.3727,409.0,802.85,59.96,60.02,59.92,59.93,1600.0,12980.95,24.875,24.88,24.83,24.865,464.0,2519.4,0.86592,0.86604,0.8657,0.866,208.0,448.15,0.92448,0.9248,0.92439,0.92456,133.0,226.5,1731.8,1732.3,1728.5,1729.7,3171.0,5642.0,1.25796,1.25824,1.2576,1.25813,406.0,748.0,0.75997,0.76042,0.75961,0.75988,298.0,302.35,7.77356,7.77406,7.77354,7.77403,383.0,523.1,2021-04-13 04:00:00,103,0.9798567700958664,0.0006397414097878418,1.2000570833333333,1.2343643279897545,1.165749838676912,0.010656032634516161,1.0002607803220216,0.9968979249633201,-0.006633977876290054,-0.006106745998116418,51.9025185722051,8372.510484064023,4,0,1.2002809886604147,1.1771990113395852,2021-04-16 04:00:00,2021-04-19 15:00:00,2021-07-20 13:00:00,0.0
2021-04-15 10:00:00,1618480800,1.19788,1.19934,1.1878,1.19621,6.52705,6.53016,6.52564,6.5299,10797.0,10299.4,2.596,2.598,2.587,2.589,1138.0,1789.35,4.1695,4.1755,4.167,4.169,1117.0,3014.05,108.768,108.843,108.74,108.828,1965.0,1701.9,1.37912,1.37925,1.37616,1.37649,1455.0,803.4,62.85,63.01,62.68,62.98,4064.0,10385.25,25.65,25.685,25.595,25.615,931.0,1802.45,0.86858,0.86929,0.86805,0.86903,847.0,435.2,0.92247,0.92386,0.9224,0.92366,289.0,230.1,1747.7,1747.8,1745.9,1746.9,2930.0,4898.35,1.24906,1.24986,1.24902,1.24982,638.0,737.75,0.77512,0.77518,0.77398,0.77402,433.0,386.95,7.76833,7.76844,7.76756,7.76815,704.0,594.0,2021-04-15 10:00:00,105,0.9724075561219968,0.006283964533876363,1.200246388888889,1.2343120183899283,1.1661807593878497,0.011459733026902296,1.0013960759398435,0.9987826637984224,-0.00550864177493704,-0.005987125153480543,52.051660294427556,8394.24055090472,4,0,1.2078555357242144,1.1845644642757855,2021-04-18 10:00:00,2021-04-26 07:00:00,2021-07-07 04:00:00,0.0
2021-04-19 15:00:00,1618844400,1.20214,1.2048,1.19426,1.2028,6.50764,6.51144,6.50732,6.51096,19643.0,10888.95,2.717,2.731,2.713,2.73,8438.0,2072.5,4.242,4.253,4.2385,4.2515,4045.0,3504.3,108.03,108.098,108.008,108.098,2986.0,3100.6,1.39871,1.39896,1.39764,1.39764,1587.0,1488.3,63.11,63.37,63.04,63.23,20087.0,7984.95,25.94,25.94,25.83,25.84,2837.0,2545.65,0.85948,0.86065,0.8593,0.86058,837.0,829.75,0.91526,0.91562,0.91486,0.9156,308.0,329.95,1775.8,1776.7,1771.9,1772.2,7932.0,8207.0,1.25118,1.25366,1.25098,1.25354,1932.0,890.85,0.77693,0.77706,0.77552,0.7758,458.0,424.75,7.7654,7.76634,7.76506,7.76622,427.0,574.85,2021-04-19 15:00:00,109,0.9540665500578388,0.005509066133872809,1.2006605555555554,1.234100858284978,1.1672202528261328,0.02510465290463682,0.9994512803458596,0.9977921646746347,-0.004038493641114194,-0.005597398851007273,54.52971199416701,8415.964444753798,4,0,1.2143598295316982,1.1912401704683018,2021-04-22 15:00:00,2021-05-11 08:00:00,2021-06-21 12:00:00,0.0
2021-04-22 06:00:00,1619071200,1.20339,1.20799,1.19985,1.2042,6.48402,6.4855,6.48118,6.48358,16403.0,10819.85,2.706,2.706,2.7,2.705,156.0,2197.5,4.2665,4.2775,4.2515,4.271,3704.0,2459.95,108.034,108.052,107.858,107.899,3142.0,1878.95,1.39346,1.39462,1.39258,1.39401,1392.0,853.6,61.04,61.22,60.87,61.17,7366.0,15807.1,26.535,26.585,26.42,26.565,2789.0,3723.4,0.86358,0.86404,0.86346,0.86386,588.0,448.85,0.91654,0.91654,0.91456,0.91494,330.0,204.6,1791.3,1793.0,1788.4,1792.1,6848.0,7085.9,1.2503,1.25083,1.2473,1.24792,1112.0,1283.4,0.77442,0.77586,0.77385,0.77558,554.0,385.6,7.76042,7.76134,7.76024,7.76056,937.0,413.7,2021-04-22 06:00:00,112,0.9373419384643772,0.0011639507815097705,1.2010916666666667,1.2338879831894844,1.1682953501438489,0.026114483291789968,0.9993273542600897,0.9961920214571314,-0.0027289645489041447,-0.005023711990586648,54.69762092136328,8437.674921076463,4,0,1.2157753642300044,1.1926246357699957,2021-04-25 06:00:00,2021-05-11 08:00:00,2021-06-18 08:00:00,0.0
2021-04-26 07:00:00,1619420400,1.20928,1.2117,1.19938,1.20974,6.48741,6.48765,6.48271,6.48316,19220.0,13162.2,2.713,2.721,2.712,2.72,86.0,907.35,4.3925,4.4,4.388,4.3995,1863.0,2786.05,107.836,107.845,107.692,107.718,4561.0,2927.65,1.3906,1.39293,1.39027,1.39246,2355.0,1047.7,61.52,61.56,61.41,61.55,6170.0,11688.55,25.95,26.075,25.945,26.075,1245.0,2555.8,0.86965,0.86976,0.86832,0.86875,1385.0,582.05,0.91402,0.9147,0.9132,0.91399,548.0,280.95,1775.8,1779.1,1775.4,1778.3,5560.0,7733.3,1.24712,1.24732,1.24599,1.24609,1292.0,970.5,0.77673,0.77794,0.77662,0.77788,742.0,435.3,7.76058,7.76107,7.7596,7.75962,725.0,494.5,2021-04-26 07:00:00,116,0.9111686353326632,0.004600564690250941,1.201472361111111,1.234020682630425,1.1689240395917972,0.022918392650930368,0.9996197530047778,0.9980028059750763,-0.0012299435843645679,-0.004264958309342232,54.19433817903595,8459.39094693942,4,0,1.2212342995201906,1.1982457004798095,2021-04-29 07:00:00,2021-05-18 08:00:00,2021-06-18 08:00:00,0.0
2021-04-28 15:00:00,1619622000,1.20885,1.21097,1.20561,1.20978,6.47775,6.47881,6.47329,6.47451,12464.0,10751.4,2.971,2.972,2.951,2.96,9982.0,3083.0,4.475,4.4995,4.4685,4.498,2705.0,1437.85,108.896,108.908,108.77,108.81,3078.0,2656.9,1.39064,1.39198,1.39014,1.39156,1544.0,1080.85,63.95,64.53,63.9,64.29,44320.0,11830.1,25.98,26.12,25.975,26.09,1721.0,1557.75,0.8693,0.86972,0.8691,0.86938,765.0,569.2,0.91332,0.91334,0.91202,0.9125,500.0,303.35,1771.8,1775.8,1771.2,1774.3,8173.0,7127.3,1.23719,1.2372,1.23519,1.23551,1812.0,803.6,0.77656,0.77731,0.77642,0.77676,509.0,405.55,7.76326,7.76378,7.76256,7.76378,351.0,863.6,2021-04-28 15:00:00,118,0.8964562582905575,3.306495610622129e-05,1.2018459722222221,1.2341452075787542,1.16954673686569,0.02248638206924933,0.999231265188712,0.9982493373081083,-3.82896254302878e-05,-0.003419624572559843,54.12273173124083,8481.0961715325,4,0,1.2212749193587595,1.1982850806412404,2021-05-01 15:00:00,2021-05-18 08:00:00,2021-06-18 08:00:00,0.0
2021-04-30 15:00:00,1619794800,1.20395,1.215,1.2024,1.20298,6.46824,6.47152,6.46804,6.46922,16698.0,9785.8,2.94,2.94,2.93,2.934,5588.0,2817.95,4.484,4.484,4.454,4.4585,6849.0,2986.6,109.287,109.342,109.24,109.334,5991.0,2851.35,1.38444,1.38464,1.38075,1.38366,4503.0,1405.45,63.42,63.57,63.08,63.32,35372.0,11137.0,26.15,26.175,25.955,25.98,4860.0,2040.3,0.86962,0.87116,0.86936,0.86947,2579.0,761.5,0.91208,0.91346,0.91176,0.9128,1212.0,398.35,1770.0,1772.0,1765.7,1766.4,12915.0,6255.25,1.23028,1.23226,1.22896,1.22922,3276.0,949.35,0.77246,0.77252,0.77042,0.77154,1228.0,477.1,7.76696,7.76737,7.76593,7.76646,521.0,579.55,2021-04-30 15:00:00,120,0.8806828564301475,-0.005620856684686593,1.2021470833333334,1.2340714143673879,1.170222752299279,0.018186284778099176,1.0008063309448205,0.9909053497942387,0.00035332860023506996,-0.0026650339380008604,53.27037953297531,8502.73249319424,4,0,1.214525024085481,1.1914349759145189,2021-05-03 15:00:00,2021-05-11 08:00:00,2021-06-18 08:00:00,0.0
2021-05-05 07:00:00,1620198000,1.19998,1.20763,1.1986,1.19946,6.49018,6.49306,6.48821,6.48968,18563.0,8878.5,2.968,2.979,2.967,2.976,531.0,3574.3,4.5495,4.553,4.5285,4.5395,3185.0,2949.2,109.43,109.464,109.338,109.368,4564.0,2771.05,1.39074,1.39144,1.38857,1.38964,2162.0,1345.95,66.14,66.49,66.03,66.46,12212.0,12710.95,26.405,26.53,26.385,26.49,1508.0,3186.4,0.86285,0.86369,0.86252,0.86312,1282.0,603.05,0.915,0.91628,0.91466,0.91606,568.0,330.2,1775.3,1778.1,1774.8,1777.2,6465.0,10347.85,1.23,1.23064,1.2292,1.22934,1354.0,1068.8,0.7715,0.77204,0.77042,0.77182,773.0,516.35,7.76849,7.76888,7.76826,7.76864,648.0,247.1,2021-05-05 07:00:00,125,0.8367329140344921,-0.0029260669337810574,1.2024912500000002,1.2337416183245913,1.1712408816754092,0.020875685434367283,1.000433528421123,0.9936652782723185,0.0003753277388591769,-0.002056961602628853,53.77329760019491,8524.26545053151,4,0,1.2108851713108693,1.1880348286891307,2021-05-08 07:00:00,2021-05-07 12:00:00,2021-07-01 06:00:00,1.0
2021-05-07 12:00:00,1620388800,1.20665,1.21464,1.19871,1.2129,6.44876,6.44971,6.42902,6.43605,37298.0,10218.0,2.937,2.952,2.932,2.941,4575.0,1241.95,4.708,4.718,4.68,4.717,11511.0,3703.55,109.208,109.29,108.336,108.581,18097.0,2698.5,1.39006,1.39724,1.3891,1.3954,8118.0,1155.45,64.52,64.58,63.92,64.2,33986.0,9453.65,27.435,27.8,27.285,27.59,15324.0,2463.85,0.86804,0.8701,0.86763,0.86921,5010.0,691.0,0.90856,0.90935,0.90206,0.90363,2123.0,316.95,1820.5,1844.6,1817.7,1839.8,73815.0,9398.45,1.21804,1.21936,1.21486,1.21731,4750.0,785.55,0.7773,0.78346,0.77666,0.78202,3230.0,417.9,7.76676,7.76696,7.7666,7.76682,470.0,369.15,2021-05-07 12:00:00,127,0.8174009818249189,0.011205042269021082,1.203105138888889,1.2333843583688588,1.172825919408919,0.03712216637572365,0.9948470607634594,0.9934219192517948,0.0014604230441761512,-0.0013534846732678523,56.58090643797273,8545.768255915109,4,0,1.224758120458392,1.2010418795416082,2021-05-10 12:00:00,,2021-06-17 02:00:00,0.0
2021-05-11 08:00:00,1620720000,1.21414,1.21784,1.21022,1.21624,6.42512,6.42517,6.4162,6.41746,19834.0,14164.75,2.917,2.922,2.911,2.915,598.0,2566.6,4.756,4.7765,4.752,4.7695,2864.0,6608.1,108.938,108.98,108.813,108.824,3761.0,2637.65,1.41242,1.41436,1.4104,1.41405,2127.0,1315.6,64.29,64.47,64.09,64.38,13514.0,13936.3,27.485,27.57,27.465,27.53,1218.0,2581.65,0.85964,0.86138,0.85955,0.86009,1129.0,602.65,0.90294,0.9033,0.90182,0.9019,552.0,314.0,1835.7,1837.6,1834.6,1836.6,5830.0,8527.75,1.21072,1.2109,1.20931,1.20932,1258.0,993.55,0.78302,0.7848,0.78286,0.78477,580.0,476.1,7.76634,7.76686,7.76634,7.76675,530.0,287.6,2021-05-11 08:00:00,131,0.7758587728069828,0.00275373072800722,1.2037144444444445,1.2332411315165213,1.1741877573723678,0.036736791499571125,0.9982733670985989,0.9969618340668724,0.002560364687439476,-0.0005707148011263867,56.538197859846804,8567.24722122274,4,0,1.228124211291832,1.2043557887081677,2021-05-14 08:00:00,,2021-06-17 02:00:00,0.0
2021-05-12 15:00:00,1620831600,1.20759,1.21818,1.2066,1.20734,6.45322,6.45986,6.45226,6.45898,17824.0,13801.95,2.95,2.975,2.947,2.965,4550.0,1588.55,4.7565,4.765,4.7425,4.748,6274.0,4558.85,109.372,109.544,109.368,109.526,5045.0,3543.15,1.40961,1.41058,1.40808,1.40809,3057.0,1875.05,66.4,66.57,66.02,66.16,32066.0,13266.6,27.415,27.44,27.28,27.375,4646.0,2966.2,0.85668,0.85746,0.85607,0.85744,1109.0,836.05,0.90876,0.90908,0.90823,0.90884,613.0,458.4,1827.1,1827.3,1820.5,1824.3,22522.0,11570.55,1.20947,1.21069,1.20884,1.2104,2729.0,1588.5,0.7749,0.7753,0.77326,0.77344,1023.0,770.4,7.766,7.76693,7.766,7.76683,460.0,398.5,2021-05-12 15:00:00,132,0.7648913904341226,-0.007317634677366236,1.2042216666666665,1.2326920363392904,1.1757512969940427,0.03071523456246501,1.0002070667748935,0.9913067034428409,0.002682992873045409,8.002673370797238e-05,55.32609963831526,8588.856497570438,4,0,1.2193359201802065,1.1953440798197936,2021-05-15 15:00:00,2021-05-18 08:00:00,2021-06-18 08:00:00,0.0
2021-05-14 07:00:00,1620975600,1.21074,1.2118,1.20514,1.21156,6.43462,6.43682,6.4331,6.43384,20204.0,12305.1,2.97,2.976,2.967,2.97,415.0,2802.1,4.665,4.6745,4.6525,4.66,2838.0,4818.45,109.387,109.441,109.339,109.386,3642.0,2679.45,1.40636,1.40768,1.4055,1.40634,2069.0,1410.9,63.63,63.96,63.63,63.77,12438.0,16802.45,27.355,27.365,27.28,27.295,1696.0,2613.25,0.86092,0.86179,0.8603,0.8615,1094.0,584.95,0.90377,0.90399,0.9027,0.9029,534.0,330.85,1835.0,1835.1,1831.7,1833.7,8294.0,9025.1,1.21536,1.2155,1.21406,1.21437,1488.0,1426.05,0.77436,0.77465,0.77304,0.77371,678.0,611.1,7.76648,7.76695,7.76638,7.76644,357.0,273.8,2021-05-14 07:00:00,134,0.742280907086982,0.0034952871602034197,1.204636388888889,1.2326421394664897,1.1766306383112881,0.024954705767027466,0.9993231866354122,0.999125268196072,0.00308513184612047,0.0006810477561904721,54.44107323457671,8610.599918742311,4,0,1.223356658695219,1.199763341304781,2021-05-17 07:00:00,2021-05-25 14:00:00,2021-06-18 08:00:00,0.0
2021-05-18 08:00:00,1621324800,1.22026,1.22198,1.2103,1.22186,6.42608,6.4264,6.41852,6.42278,18785.0,10346.35,3.121,3.124,3.114,3.117,505.0,5024.8,4.754,4.762,4.7495,4.76,2082.0,3231.0,108.966,108.975,108.851,108.858,3907.0,2223.25,1.4201,1.42148,1.41906,1.42114,2103.0,1059.45,66.85,66.86,66.58,66.6,11695.0,8148.2,28.65,28.685,28.59,28.655,1382.0,3908.85,0.85928,0.86053,0.85902,0.8598,1056.0,483.6,0.89802,0.89836,0.89656,0.89714,560.0,247.9,1870.4,1871.1,1867.8,1869.8,5640.0,9552.75,1.2028,1.20358,1.20154,1.2023,916.0,848.65,0.78022,0.78058,0.77958,0.78008,472.0,441.55,7.7652,7.76528,7.76424,7.76526,624.0,256.95,2021-05-18 08:00:00,138,0.6944521021088763,0.008501436164944254,1.2051065277777777,1.2331166048698028,1.1770964506857526,0.02809464948796281,0.9986905210089535,0.9985924483215763,0.004186692217092336,0.001382176648370845,54.975453449745714,8632.520050057768,4,0,1.2339022521421914,1.2098177478578085,2021-05-21 08:00:00,,2021-06-17 02:00:00,0.0
2021-05-19 19:00:00,1621450800,1.21713,1.22454,1.21597,1.21733,6.43875,6.44118,6.43706,6.43855,14351.0,14203.1,2.971,2.973,2.963,2.966,1427.0,2923.45,4.56,4.571,4.5525,4.5705,1487.0,6672.3,109.212,109.28,109.192,109.209,3514.0,3993.1,1.41052,1.41192,1.40992,1.41192,2488.0,2310.2,63.19,63.45,63.16,63.38,6386.0,24489.7,27.6,27.84,27.58,27.825,2531.0,5167.5,0.8629,0.8629,0.86212,0.8622,894.0,907.45,0.904,0.90478,0.90344,0.90384,704.0,515.55,1863.6,1872.3,1862.0,1871.1,12022.0,17187.3,1.21362,1.21432,1.21206,1.21228,2476.0,2013.5,0.7716,0.7729,0.7711,0.77252,1157.0,920.75,7.7643,7.7645,7.76428,7.7645,76.0,130.45,2021-05-19 19:00:00,139,0.6819721490904629,-0.0037074623934001405,1.2055768055555556,1.2332482875605688,1.1779053235505423,0.028209134727070498,0.9998357060123385,0.9939487481013279,0.004640658978200429,0.0020338731143367617,54.97706961429916,8654.561801007563,4,0,1.2293242978869556,1.2053357021130444,2021-05-22 19:00:00,,2021-06-17 02:00:00,0.0
2021-05-21 15:00:00,1621609200,1.21886,1.22399,1.21692,1.21774,6.43526,6.44038,6.43518,6.44014,11931.0,11392.15,2.903,2.91,2.9,2.908,1346.0,1151.95,4.4875,4.4975,4.4755,4.4775,9785.0,4658.45,108.96,108.964,108.91,108.938,2215.0,2359.1,1.41625,1.41739,1.4155,1.41559,2009.0,1503.6,63.65,64.07,63.63,63.94,39611.0,14518.15,27.54,27.6,27.455,27.485,5712.0,3044.5,0.86062,0.86072,0.85981,0.86024,901.0,724.3,0.89826,0.8989,0.89774,0.89882,530.0,338.35,1874.4,1877.3,1873.0,1875.7,10265.0,8349.6,1.20504,1.2074,1.20441,1.20732,2034.0,1008.5,0.77364,0.77408,0.773,0.77306,662.0,479.15,7.76498,7.765,7.76408,7.76408,270.0,375.85,2021-05-21 15:00:00,141,0.6564105761979381,0.0003368026747061492,1.2061481944444445,1.233081758891405,1.1792146299974842,0.034367758356432354,1.0009197365611706,0.9958087892874943,0.004976152492137675,0.0026223289898969445,56.164219358705424,8676.704686627578,4,0,1.229601542968794,1.2058784570312062,2021-05-24 15:00:00,,2021-06-17 02:00:00,0.0
2021-05-25 14:00:00,1621951200,1.22479,1.22664,1.21608,1.22462,6.4027,6.40531,6.40092,6.40395,17729.0,12106.2,2.894,2.909,2.888,2.906,1016.0,419.7,4.513,4.5365,4.513,4.517,7641.0,3262.1,108.92,108.996,108.863,108.924,6200.0,2938.5,1.4129,1.41443,1.41272,1.41334,2946.0,1454.3,65.65,66.32,65.64,66.24,40225.0,13609.0,27.745,28.16,27.73,28.015,18669.0,2720.5,0.86685,0.86688,0.86612,0.8665,1222.0,654.2,0.89586,0.89658,0.89542,0.89634,836.0,341.1,1884.4,1896.8,1884.4,1891.0,39613.0,7976.6,1.206,1.2072,1.20518,1.20688,3196.0,920.9,0.77569,0.77658,0.7749,0.77536,1118.0,415.45,7.76262,7.76268,7.7622,7.76226,228.0,297.6,2021-05-25 14:00:00,145,0.6029878670694713,0.005649810304334313,1.206712638888889,1.233464487158445,1.1799607906193328,0.03374894736456687,1.000138818572292,0.9984918150394575,0.005731127154143811,0.003244088622746318,56.0984393757503,8698.970796720212,4,0,1.2365243882830987,1.2127156117169013,2021-05-28 14:00:00,,2021-06-15 09:00:00,0.0
2021-05-27 11:00:00,1622113200,1.22052,1.2263,1.21752,1.21963,6.36913,6.37422,6.36778,6.37398,10781.0,9876.1,3.015,3.023,3.008,3.012,1073.0,3247.35,4.5545,4.5655,4.55,4.5525,2448.0,1897.15,109.149,109.256,109.083,109.231,4768.0,2321.0,1.41253,1.41836,1.41201,1.41725,4543.0,1266.05,65.71,65.73,65.47,65.59,6858.0,7736.6,27.775,27.775,27.61,27.715,2101.0,1643.65,0.86408,0.86426,0.86044,0.86054,2332.0,601.85,0.89789,0.89911,0.89736,0.89878,592.0,260.4,1898.6,1899.6,1893.8,1897.2,11408.0,4679.0,1.20966,1.20992,1.20876,1.2092,1314.0,728.6,0.77486,0.7756,0.77446,0.77472,548.0,342.15,7.76146,7.76194,7.76114,7.76187,381.0,259.25,2021-05-27 11:00:00,147,0.5751899607119775,-0.0040747333866832935,1.2071869444444445,1.2336208378900158,1.1807530509988733,0.0283997781961128,1.0007297295081297,0.9952866345918617,0.005859256850540451,0.003767122268305145,55.071430692922256,8721.304718015752,4,0,1.2315554258003532,1.2077045741996468,2021-05-30 11:00:00,,2021-06-17 02:00:00,0.0
2021-05-31 08:00:00,1622448000,1.21912,1.22117,1.21326,1.22006,6.36052,6.36992,6.35248,6.36152,29007.0,10973.0,3.033,3.033,3.025,3.025,215.0,3513.65,4.6945,4.7,4.687,4.698,1066.0,3581.2,109.715,109.749,109.641,109.658,2524.0,2479.1,1.41772,1.41786,1.4164,1.41716,2753.0,1392.9,67.16,67.31,67.01,67.06,11131.0,11454.55,28.075,28.125,28.045,28.125,754.0,3043.25,0.85992,0.86122,0.85977,0.86096,1165.0,600.6,0.90047,0.90065,0.89957,0.89978,491.0,284.5,1907.7,1909.8,1907.0,1909.3,3049.0,8709.2,1.20708,1.20769,1.20662,1.20669,819.0,851.15,0.77336,0.77394,0.77306,0.77385,439.0,349.65,7.76024,7.76056,7.76004,7.7604,596.0,266.3,2021-05-31 08:00:00,151,0.5175855102531889,0.0003525659421299565,1.2076463888888889,1.233804114014073,1.1814886637637048,0.02748777157780278,0.9992295460878974,0.9983212820491822,0.005927173201272007,0.004199132454898518,54.928192598772426,8743.68878268133,4,0,1.231987005840195,1.208132994159805,2021-06-03 08:00:00,,2021-06-17 02:00:00,0.0
2021-06-02 13:00:00,1622638800,1.21858,1.22545,1.2164,1.22044,6.38435,6.38596,6.38246,6.38251,15124.0,9049.55,3.103,3.116,3.091,3.109,16496.0,3134.25,4.62,4.6285,4.605,4.607,10064.0,2498.9,109.73,109.761,109.622,109.662,4754.0,2512.9,1.41672,1.41694,1.41544,1.41691,2641.0,1248.2,68.43,68.53,67.9,67.93,39110.0,8524.95,28.05,28.16,28.005,28.04,7317.0,2015.3,0.86018,0.86174,0.86012,0.86134,1271.0,588.1,0.9009,0.90104,0.89877,0.89888,556.0,233.15,1907.2,1911.6,1905.7,1905.9,21667.0,6468.5,1.20654,1.20699,1.20614,1.20622,1571.0,669.55,0.77371,0.77464,0.77305,0.77422,547.0,330.65,7.75932,7.75954,7.75932,7.75954,168.0,235.9,2021-06-02 13:00:00,153,0.4878471454423119,0.0003114600921265698,1.2080961111111113,1.2340000612271074,1.1821921609951151,0.026889724746601396,0.99847595949002,0.9943938961197928,0.005943151274337755,0.004547936218786366,54.83399020661652,8766.10591903691,4,0,1.2323697895584276,1.2085102104415724,2021-06-05 13:00:00,,2021-06-17 02:00:00,0.0
2021-06-04 12:00:00,1622808000,1.21132,1.22184,1.2104,1.21678,6.40969,6.41034,6.38938,6.39056,26287.0,8587.1,3.064,3.073,3.05,3.05,4916.0,2429.5,4.4775,4.5325,4.4565,4.531,12075.0,3315.6,110.102,110.14,109.724,109.759,13785.0,2356.7,1.41304,1.41859,1.41296,1.41788,8297.0,1385.75,68.98,69.31,68.96,69.2,13863.0,6676.5,27.45,27.815,27.37,27.8,13578.0,2506.85,0.85726,0.8584,0.85654,0.85818,3851.0,627.65,0.9042,0.90424,0.89882,0.89936,2120.0,269.8,1873.4,1888.2,1871.0,1886.8,48086.0,8147.05,1.21214,1.21316,1.2085,1.20882,5440.0,715.25,0.76662,0.77192,0.76604,0.77156,2649.0,378.0,7.7577,7.75809,7.75752,7.75752,396.0,257.3,2021-06-04 12:00:00,155,0.4575313760742512,-0.0029989184228639276,1.2084572222222223,1.2341056392938212,1.1828088051506234,0.0215994706861695,0.9955127467578362,0.9913900347017612,0.005595975676035092,0.004757544110236111,53.870660394211875,8788.514012532678,4,0,1.2287000682544114,1.2048599317455886,2021-06-07 12:00:00,,2021-06-17 02:00:00,0.0
2021-06-08 14:00:00,1623160800,1.21829,1.22018,1.21449,1.21861,6.39836,6.40159,6.39618,6.40048,15964.0,8687.6,3.174,3.19,3.165,3.187,15715.0,4335.05,4.4735,4.521,4.4605,4.515,13499.0,2719.8,109.446,109.514,109.37,109.438,5411.0,2551.8,1.41239,1.41588,1.41228,1.41492,3078.0,1180.8,68.85,69.7,68.82,69.58,45759.0,10954.3,27.7,27.93,27.67,27.865,7867.0,2264.75,0.86258,0.86261,0.861,0.86127,1434.0,584.2,0.89632,0.89697,0.89536,0.89607,782.0,265.7,1889.8,1898.8,1888.8,1897.1,26949.0,7854.55,1.20936,1.21014,1.20792,1.20882,2167.0,663.75,0.7737,0.77524,0.77358,0.7746,843.0,303.3,7.75962,7.75982,7.75951,7.75977,250.0,270.15,2021-06-08 14:00:00,159,0.395311788764915,0.0015039694932525993,1.20881625,1.2342965138758555,1.1833359861241444,0.021440915571258587,0.9997374057327612,0.9984510482060024,0.005406183105558071,0.004887271909300503,53.85004914956361,8810.908482495252,4,0,1.2305465792547918,1.2066734207452081,2021-06-11 14:00:00,,2021-06-17 02:00:00,0.0
2021-06-10 16:00:00,1623340800,1.2173,1.22181,1.21433,1.21768,6.38914,6.39064,6.38618,6.38618,9842.0,11241.9,3.17,3.175,3.142,3.146,9252.0,3242.1,4.4885,4.494,4.477,4.4865,5276.0,3579.8,109.496,109.498,109.414,109.43,2596.0,3121.75,1.41644,1.41703,1.41562,1.41656,1523.0,1832.65,70.29,70.32,68.68,69.91,102843.0,14114.95,28.065,28.08,27.985,28.055,2466.0,2747.2,0.85938,0.8597,0.85916,0.85959,599.0,868.0,0.89518,0.89564,0.89483,0.89487,232.0,393.85,1896.6,1897.6,1894.5,1896.5,11243.0,10765.5,1.20958,1.21144,1.20857,1.20864,1590.0,955.45,0.77516,0.77571,0.77452,0.77568,380.0,469.15,7.75991,7.7601,7.75984,7.7601,113.0,307.3,2021-06-10 16:00:00,161,0.3634816124829063,-0.0007631645891629235,1.2089470833333333,1.234512357412297,1.1833818092543698,0.007766100847610087,0.9996879311477563,0.9963087550437466,0.005121688264237978,0.004934155180287998,51.46665005916426,8833.622558557143,4,0,1.2290245419840393,1.2063354580159609,2021-06-13 16:00:00,,2021-06-17 02:00:00,0.0
2021-06-15 09:00:00,1623747600,1.21306,1.2193,1.20926,1.21232,6.40307,6.40467,6.40254,6.4027,9349.0,6345.75,3.35,3.353,3.343,3.353,649.0,2953.15,4.364,4.364,4.3435,4.35,5613.0,3574.1,110.124,110.168,110.106,110.156,2091.0,1826.4,1.40869,1.40882,1.40714,1.40754,1743.0,862.4,71.03,71.18,70.97,71.16,5005.0,9225.0,27.75,27.795,27.705,27.76,1502.0,2175.65,0.86113,0.86159,0.86066,0.86132,952.0,395.75,0.89774,0.89874,0.89774,0.89853,393.0,188.3,1865.5,1867.3,1864.1,1865.6,4916.0,7114.1,1.21634,1.21815,1.21634,1.21798,827.0,578.35,0.76921,0.76927,0.76858,0.76877,333.0,239.9,7.76247,7.76248,7.76201,7.76211,257.0,261.6,2021-06-15 09:00:00,166,0.2821076626819193,-0.004401813284278355,1.208874861111111,1.234371183517684,1.1833785387045381,-0.004280123743480869,1.0006103998944174,0.9948823095218567,0.004412848280135773,0.004829893800257553,49.1804312192662,8856.585932240116,4,0,1.2234725142055434,1.201167485794457,2021-06-18 09:00:00,,2021-06-17 02:00:00,0.0
2021-06-17 02:00:00,1623895200,1.19982,1.21348,1.19842,1.20023,6.42706,6.42754,6.42165,6.42223,11447.0,11973.45,3.25,3.25,3.244,3.248,287.0,3548.95,4.3155,4.338,4.3135,4.336,2736.0,4201.55,110.652,110.662,110.608,110.619,2542.0,3702.7,1.39902,1.40034,1.39902,1.40018,879.0,2206.45,71.4,71.55,71.39,71.51,2478.0,14237.2,27.195,27.26,27.185,27.245,1251.0,3410.7,0.85762,0.85762,0.85722,0.85722,387.0,1020.0,0.90792,0.90816,0.9076,0.90786,228.0,549.65,1822.7,1826.4,1822.3,1825.3,6708.0,11833.35,1.22792,1.22796,1.22695,1.22702,627.0,1688.95,0.76331,0.7635,0.76239,0.76309,460.0,881.15,7.76308,7.76387,7.76274,7.76378,717.0,451.15,2021-06-17 02:00:00,168,0.2489398085537665,-0.009972614491223553,1.2087191666666666,1.2342887535196276,1.1831495798137055,-0.009296529571350716,0.9996583988068956,0.988743118963642,0.002842756004498348,0.004432466241105712,48.26604795050268,8879.68672338858,4,0,1.211538852358464,1.1889211476415358,2021-06-20 02:00:00,,2021-07-01 06:00:00,0.0
2021-06-18 08:00:00,1624003200,1.19156,1.20065,1.18853,1.1913,6.44688,6.44811,6.44426,6.44712,15880.0,11640.15,3.169,3.177,3.167,3.176,494.0,4738.5,4.2025,4.2035,4.1835,4.192,2205.0,4472.1,110.004,110.178,109.978,110.137,5094.0,3492.8,1.38902,1.38994,1.38758,1.38793,2559.0,1637.8,70.44,70.61,70.19,70.23,10307.0,12172.9,26.41,26.49,26.405,26.45,2281.0,5406.85,0.85786,0.8586,0.85769,0.85831,1243.0,740.25,0.91771,0.91908,0.9173,0.91859,660.0,423.95,1793.5,1795.4,1790.6,1791.5,8959.0,14285.75,1.23668,1.23713,1.23586,1.23696,1019.0,1218.5,0.75403,0.75477,0.75356,0.75398,620.0,567.35,7.76369,7.7643,7.76364,7.76412,395.0,386.1,2021-06-18 08:00:00,169,0.2322429240090701,-0.0074402406205476,1.2085125,1.234403845826985,1.1826211541730152,-0.012413193075928627,1.0002182489717115,0.9924291009036771,0.0008678659765259944,0.0037195461881897687,47.72421387495412,8902.84021094789,4,0,1.202650932713545,1.179949067286455,2021-06-21 08:00:00,,2021-07-20 13:00:00,0.0
2021-06-21 12:00:00,1624276800,1.1895,1.19225,1.18474,1.18926,6.47306,6.4773,6.47237,6.47433,9686.0,11380.45,3.185,3.194,3.171,3.175,3361.0,1784.75,4.123,4.1345,4.109,4.126,4891.0,2658.45,110.098,110.16,110.076,110.132,4946.0,3507.75,1.3877,1.38804,1.3867,1.38744,2418.0,1692.95,71.38,71.48,71.05,71.08,13320.0,7584.5,26.09,26.095,25.865,25.96,5763.0,2311.8,0.85716,0.85736,0.85656,0.85718,1073.0,748.55,0.92087,0.92168,0.92083,0.92096,602.0,405.9,1782.8,1783.1,1773.6,1774.9,19901.0,7787.25,1.2418,1.24222,1.24056,1.24092,1866.0,1234.8,0.75186,0.7519,0.75064,0.75097,814.0,609.8,7.76442,7.76474,7.76434,7.76474,164.0,491.15,2021-06-21 12:00:00,172,0.1817597875913753,-0.0017124150088139167,1.2081938888888888,1.2344629988060019,1.1819247789717757,-0.019105625579225592,1.0002018061651783,0.997693436779199,-0.0008520377887120123,0.0028052293928094124,46.44825664210071,8926.012471481341,4,0,1.2005040949794412,1.1780159050205588,2021-06-24 12:00:00,,2021-07-20 13:00:00,0.0
2021-06-23 07:00:00,1624431600,1.19276,1.19528,1.18811,1.19382,6.48989,6.49048,6.48574,6.48666,17557.0,8161.25,3.265,3.266,3.25,3.259,538.0,2086.25,4.2685,4.27,4.2555,4.263,1596.0,2967.2,110.845,110.92,110.836,110.878,3548.0,2250.5,1.39626,1.39879,1.3959,1.39796,3296.0,1267.45,73.34,73.37,73.14,73.29,7664.0,13206.9,25.97,26.015,25.895,25.985,1996.0,1983.8,0.85425,0.8543,0.85306,0.85397,1658.0,596.65,0.91836,0.91925,0.91797,0.91802,971.0,332.85,1782.7,1783.4,1779.0,1781.9,7282.0,6875.9,1.23048,1.23174,1.22966,1.22969,1647.0,987.6,0.75516,0.75575,0.75442,0.75533,899.0,421.75,7.76556,7.76569,7.76512,7.76568,457.0,340.95,2021-06-23 07:00:00,174,0.1478271334705304,0.0038343171383887764,1.2079143055555557,1.2343627904454981,1.1814658206656132,-0.016721255790608982,0.9991120939505117,0.9978917073823708,-0.0018260702225740832,0.001878969469732713,46.910207214121264,8949.21571231127,4,0,1.205156024745015,1.1824839752549852,2021-06-26 07:00:00,,2021-07-07 04:00:00,0.0
2021-06-25 06:00:00,1624600800,1.19408,1.19702,1.19176,1.19455,6.46102,6.46234,6.45548,6.45734,14861.0,8300.45,3.428,3.428,3.415,3.419,59.0,1357.8,4.3295,4.331,4.3045,4.306,2409.0,1871.65,110.834,110.866,110.754,110.77,2456.0,2322.95,1.3929,1.39325,1.392,1.39243,1397.0,1393.5,73.52,73.55,73.27,73.29,4093.0,10858.05,26.23,26.27,26.165,26.225,2101.0,1624.05,0.85726,0.85792,0.85722,0.85789,431.0,649.35,0.91765,0.91809,0.91691,0.91738,291.0,243.6,1780.3,1781.2,1777.0,1779.9,6725.0,6372.85,1.23068,1.23133,1.23015,1.23032,698.0,786.0,0.75948,0.75985,0.75878,0.75954,383.0,356.45,7.76204,7.76237,7.76161,7.76183,437.0,333.05,2021-06-25 06:00:00,176,0.1137195145859496,0.0006114824680436559,1.207493611111111,1.2338133187822402,1.1811739034399817,-0.025040677795377924,0.9996065463982253,0.9975439006867054,-0.0025101575115247243,0.0010011440734812257,45.20105199784532,8972.435743679616,4,0,1.2055884841907993,1.1835115158092007,2021-06-28 06:00:00,,2021-07-07 04:00:00,0.0
2021-06-29 07:00:00,1624950000,1.19197,1.19754,1.19024,1.19098,6.46029,6.46344,6.45773,6.4596,14318.0,6864.9,3.594,3.602,3.571,3.583,2068.0,6056.85,4.259,4.262,4.232,4.233,2747.0,1503.95,110.578,110.696,110.571,110.696,3556.0,2367.05,1.38706,1.38706,1.38546,1.38582,1583.0,939.15,72.62,73.04,72.59,72.96,8717.0,12831.8,26.165,26.195,26.105,26.135,939.0,1016.7,0.85936,0.85976,0.85916,0.85944,796.0,461.1,0.9192,0.92057,0.9192,0.92028,481.0,236.9,1776.4,1776.6,1772.2,1773.2,7172.0,5852.4,1.23441,1.23589,1.23408,1.23566,922.0,715.0,0.75574,0.75594,0.75456,0.7547,460.0,289.45,7.76246,7.76269,7.76235,7.76242,416.0,314.55,2021-06-29 07:00:00,180,0.0451410177739719,-0.0029885731028421736,1.2071630555555557,1.2337084141618524,1.180617696949259,-0.019786492817605437,1.000831248215755,0.9953487983699918,-0.003302303877380508,0.00014045448330887896,46.150113231963765,8995.63026048478,4,0,1.2017825551295063,1.1801774448704936,2021-07-02 07:00:00,,2021-07-20 13:00:00,0.0
2021-07-01 06:00:00,1625119200,1.18436,1.19134,1.18374,1.18546,6.47114,6.47267,6.46716,6.46764,10220.0,6295.95,3.7,3.721,3.697,3.708,1098.0,6745.15,4.269,4.271,4.254,4.265,2714.0,2998.4,111.122,111.244,111.12,111.204,2971.0,2506.7,1.38142,1.38222,1.38055,1.38167,1640.0,1114.55,73.61,73.76,73.6,73.68,3367.0,12536.65,26.37,26.43,26.34,26.385,2605.0,2109.75,0.85734,0.85807,0.85694,0.85799,770.0,641.65,0.92588,0.9262,0.925,0.92518,629.0,345.05,1777.3,1779.3,1776.3,1778.0,6576.0,7256.5,1.24034,1.24097,1.23994,1.24019,832.0,923.95,0.7483,0.74864,0.74761,0.74852,370.0,305.55,7.76481,7.765,7.76438,7.76456,672.0,386.65,2021-07-01 06:00:00,182,0.0107513077635219,-0.004634838536331398,1.2067347222222222,1.2336743774731571,1.1797950669712873,-0.025682578725709025,0.9990720901590945,0.9941410512532107,-0.004325640159718924,-0.0007527644452966817,45.07505589268605,9018.746171077157,4,0,1.1962724022799576,1.1746475977200423,2021-07-04 06:00:00,,2021-08-11 13:00:00,0.0
2021-07-02 18:00:00,1625248800,1.18675,1.18842,1.18075,1.18682,6.47062,6.47239,6.46881,6.472,16720.0,10737.15,3.733,3.741,3.682,3.702,13373.0,3799.25,4.2795,4.2945,4.2795,4.288,1058.0,2414.5,111.044,111.06,110.952,111.054,2386.0,3584.3,1.38296,1.38449,1.38296,1.38362,997.0,1755.95,74.95,75.36,74.9,75.34,27272.0,13023.15,26.615,26.7,26.61,26.615,2343.0,2616.8,0.85814,0.85816,0.85756,0.85776,469.0,731.0,0.92074,0.9208,0.92004,0.92062,269.0,531.3,1788.2,1792.2,1788.2,1790.4,6718.0,9535.8,1.23304,1.23304,1.23092,1.23177,911.0,1137.45,0.75256,0.7533,0.75253,0.75299,320.0,524.65,7.76581,7.76592,7.76581,7.76586,49.0,662.8,2021-07-02 18:00:00,183,-0.0064508641981051,0.0011472339851197333,1.206255138888889,1.2333682602885825,1.1791420174891953,-0.028679343007241564,0.999941018857114,0.9985947728917386,-0.004969614282238188,-0.0015961344126849833,44.42002520926927,9041.779503466754,4,0,1.1975781499950229,1.176061850004977,2021-07-05 18:00:00,,2021-08-11 13:00:00,0.0
2021-07-07 04:00:00,1625630400,1.1825,1.18954,1.1807,1.18238,6.47378,6.47523,6.47218,6.47408,6279.0,8523.0,3.675,3.678,3.672,3.675,154.0,4525.1,4.279,4.286,4.2775,4.2795,1620.0,4412.35,110.6,110.644,110.48,110.527,2792.0,3225.7,1.38012,1.38052,1.37956,1.3802,646.0,1550.6,73.42,73.51,73.41,73.43,2085.0,21160.35,26.265,26.29,26.235,26.25,455.0,2713.45,0.85681,0.85688,0.85664,0.85666,149.0,644.2,0.92385,0.92401,0.9237,0.92374,96.0,407.5,1800.9,1801.9,1797.4,1797.9,4731.0,9184.2,1.24646,1.24723,1.24604,1.24716,291.0,1260.8,0.74917,0.74985,0.74913,0.74952,170.0,496.05,7.76788,7.768,7.76784,7.76786,92.0,319.95,2021-07-07 04:00:00,188,-0.0923313336953912,-0.003741089634485384,1.2055981944444445,1.2327011579176483,1.1784952309712406,-0.03922461661545714,1.000101490214652,0.994081745884964,-0.005771706665611109,-0.002431248863270209,42.259099240638896,9064.687621904739,4,0,1.192941453838317,1.171818546161683,2021-07-10 04:00:00,,2021-08-18 16:00:00,0.0
2021-07-08 13:00:00,1625749200,1.18516,1.18648,1.17815,1.18582,6.4966,6.49857,6.49181,6.49605,20170.0,10843.95,3.593,3.62,3.584,3.614,14157.0,2472.45,4.249,4.2725,4.2395,4.257,9384.0,2847.0,109.674,109.742,109.626,109.673,9230.0,4594.65,1.37615,1.37894,1.37546,1.37878,3934.0,2076.45,71.9,72.1,71.22,71.68,43552.0,11577.7,26.125,26.26,26.07,26.16,6449.0,2049.8,0.86122,0.86133,0.86008,0.86008,1663.0,846.75,0.9161,0.91633,0.91504,0.91532,1161.0,513.6,1814.2,1817.8,1807.2,1808.9,24967.0,8172.85,1.25834,1.25836,1.25326,1.25382,4400.0,1666.55,0.74276,0.7451,0.74276,0.74408,1414.0,690.65,7.76912,7.7695,7.7681,7.76817,564.0,514.8,2021-07-08 13:00:00,189,-0.1094457686489155,0.0029093861533517895,1.2049859722222223,1.2318526132813454,1.178119331163099,-0.036498346866698526,0.9994434231164931,0.9988874654440024,-0.006059936234742214,-0.00315698633756461,42.8613072488178,9087.483194071234,4,0,1.1964541664816117,1.1751858335183885,2021-07-11 13:00:00,,2021-08-11 13:00:00,0.0
2021-07-12 13:00:00,1626094800,1.18532,1.18812,1.1825,1.18654,6.47913,6.48246,6.47884,6.47952,12026.0,6588.5,3.7,3.763,3.699,3.76,18613.0,2840.8,4.2925,4.3115,4.288,4.304,6129.0,2077.05,110.207,110.394,110.17,110.336,4498.0,2164.45,1.38467,1.38818,1.384,1.38798,3056.0,1256.25,73.6,73.84,73.23,73.32,33809.0,8957.7,26.095,26.215,26.02,26.04,6455.0,1428.4,0.85604,0.85649,0.85463,0.85487,1311.0,635.3,0.9151,0.91566,0.91448,0.91508,649.0,241.35,1802.8,1805.3,1791.7,1792.1,27678.0,5598.6,1.24956,1.2504,1.24829,1.24873,2501.0,866.6,0.74642,0.74778,0.74606,0.74767,662.0,331.6,7.76668,7.7672,7.76667,7.76716,218.0,476.05,2021-07-12 13:00:00,193,-0.177529149187035,0.0006071747820073359,1.2044118055555557,1.2310598744444767,1.1777637366666347,-0.034247596154837925,0.9989718003607126,0.9976433356899975,-0.006159262122412246,-0.003757441494534138,43.27673692427789,9110.160025806688,4,0,1.1971800135360227,1.1758999864639772,2021-07-15 13:00:00,,2021-08-11 13:00:00,0.0
2021-07-14 13:00:00,1626267600,1.1822,1.18752,1.17719,1.18226,6.45355,6.45867,6.45208,6.45703,17662.0,8538.35,3.748,3.755,3.677,3.678,11600.0,2009.45,4.3015,4.307,4.275,4.2775,7903.0,1953.1,110.182,110.192,110.06,110.078,8630.0,2702.0,1.38853,1.38918,1.38764,1.38806,2906.0,1295.45,75.36,75.41,74.64,74.65,31277.0,9288.4,26.46,26.575,26.355,26.395,14147.0,2350.1,0.8514,0.8518,0.85106,0.85176,1216.0,566.45,0.91674,0.91748,0.91614,0.9165,1000.0,306.4,1829.8,1831.1,1821.5,1824.3,23965.0,7491.1,1.24569,1.24644,1.24496,1.24624,2391.0,882.15,0.74835,0.7486,0.74768,0.7478,904.0,408.15,7.7667,7.76744,7.7667,7.76712,853.0,350.65,2021-07-14 13:00:00,195,-0.2112757555821793,-0.003607126603401345,1.203756527777778,1.2302278765538623,1.1772851790016936,-0.039130920204049596,0.9999492497420194,0.9955200754513608,-0.006508315030160361,-0.004307616201659382,42.39424812999743,9132.678777521473,4,0,1.1928858368399002,1.1716341631601,2021-07-17 13:00:00,,2021-08-18 16:00:00,0.0
2021-07-16 15:00:00,1626447600,1.1809,1.18507,1.17922,1.18092,6.48064,6.48284,6.47954,6.48174,12217.0,8544.45,3.652,3.666,3.646,3.653,3647.0,1815.55,4.3215,4.329,4.308,4.3125,3301.0,1929.9,110.104,110.178,110.085,110.131,2958.0,2489.2,1.37902,1.37954,1.37726,1.37837,2072.0,1492.25,70.86,71.91,70.72,71.72,37812.0,10690.3,25.905,25.905,25.64,25.725,12460.0,3022.45,0.85634,0.85726,0.85606,0.85678,752.0,667.7,0.9192,0.91976,0.91906,0.91934,360.0,299.3,1813.1,1815.1,1810.1,1813.1,14495.0,7355.95,1.2596,1.26042,1.25832,1.25872,2189.0,1036.75,0.74075,0.74127,0.74016,0.7409,690.0,441.65,7.76756,7.76794,7.76748,7.7677,249.0,236.45,2021-07-16 15:00:00,197,-0.2447723008972596,-0.0011334224282307792,1.2031445833333334,1.2296628283281608,1.176626338338506,-0.03663072161604143,0.9999830640517563,0.9964812205186191,-0.006814515285174627,-0.004808996018362432,42.82503908285566,9155.022093104528,4,0,1.1914993125410351,1.170340687458965,2021-07-19 15:00:00,,2021-08-18 16:00:00,0.0
2021-07-20 13:00:00,1626786000,1.17726,1.18246,1.17556,1.17668,6.4887,6.49336,6.4874,6.4882,22945.0,10150.1,3.852,3.884,3.83,3.839,15408.0,3116.65,4.214,4.2495,4.206,4.2485,9275.0,2437.75,109.528,109.606,109.356,109.588,8957.0,3187.3,1.35936,1.36178,1.3572,1.3614,4845.0,1735.9,65.75,66.32,65.01,66.16,80208.0,18171.6,25.165,25.23,25.05,25.19,10928.0,2038.75,0.86602,0.86698,0.86427,0.86434,2064.0,796.5,0.92084,0.9225,0.92074,0.92199,1160.0,330.45,1823.7,1825.9,1820.2,1824.7,20720.0,6014.35,1.27726,1.27869,1.27416,1.27574,4886.0,1516.95,0.73181,0.73284,0.72998,0.7326,1377.0,537.4,7.77312,7.77313,7.7725,7.77258,289.0,270.15,2021-07-20 13:00:00,201,-0.3108569682435036,-0.003590421027673374,1.2025970833333333,1.2296526404543169,1.1755415262123496,-0.032952103347162184,1.0004929122616175,0.9956023882414626,-0.007314991094258039,-0.005310195033541553,43.48214285714286,9177.15421591864,4,0,1.1870865487150564,1.1662734512849435,2021-07-23 13:00:00,2021-08-02 05:00:00,2021-09-30 14:00:00,0.0
2021-07-22 13:00:00,1626958800,1.18,1.18306,1.17518,1.18158,6.47023,6.4708,6.46604,6.46976,21795.0,8800.65,3.934,3.955,3.924,3.938,6080.0,1709.95,4.318,4.343,4.306,4.317,9286.0,2057.1,110.071,110.205,110.042,110.173,7257.0,2403.45,1.37686,1.37872,1.37644,1.37672,3476.0,1409.6,70.34,70.95,70.17,70.58,57496.0,11306.7,25.185,25.285,25.06,25.08,7787.0,1460.5,0.85702,0.85886,0.8569,0.85828,1947.0,725.75,0.91754,0.91772,0.91548,0.91656,1375.0,345.1,1803.2,1804.2,1796.0,1798.9,18336.0,5507.35,1.2557,1.25938,1.25292,1.25798,3839.0,964.5,0.73829,0.73975,0.73705,0.73744,1200.0,354.4,7.77164,7.77187,7.77048,7.77166,2315.0,437.45,2021-07-22 13:00:00,203,-0.343366873996388,0.004164258761940376,1.2021115277777779,1.2294058486357053,1.1748172069198504,-0.029158238027446964,0.9986628074273429,0.9974134870589826,-0.007232856858135239,-0.005694727398460291,44.30359121423453,9199.10284498524,4,0,1.192106437492695,1.171053562507305,2021-07-25 13:00:00,,2021-08-18 16:00:00,0.0
2021-07-27 00:00:00,1627344000,1.18049,1.18174,1.17544,1.18085,6.48146,6.48392,6.47822,6.47848,9904.0,8794.75,4.103,4.104,4.091,4.092,48.0,1333.65,4.5915,4.595,4.5815,4.5875,932.0,3913.35,110.308,110.331,110.216,110.224,2189.0,2444.65,1.38264,1.38318,1.38227,1.38248,461.0,1317.5,72.09,72.14,71.89,71.95,2484.0,13025.7,25.22,25.225,25.155,25.185,689.0,1743.6,0.85378,0.8543,0.85378,0.85416,203.0,647.1,0.91559,0.91566,0.91484,0.91516,83.0,326.15,1797.2,1798.2,1796.3,1798.1,1166.0,6149.45,1.25436,1.25472,1.25383,1.25419,474.0,1029.25,0.73838,0.7389,0.7379,0.73825,301.0,356.45,7.77888,7.77973,7.77676,7.77786,930.0,1547.6,2021-07-27 00:00:00,208,-0.4227806579826773,-0.0006178168215441593,1.2016844444444446,1.2293364904709558,1.1740323984179333,-0.025707282029921726,0.9996951348604819,0.9989422377172644,-0.007144314572191446,-0.005984644833206522,44.91987444242524,9220.856521046506,4,0,1.191319213352039,1.170380786647961,2021-07-30 00:00:00,,2021-08-18 16:00:00,0.0
2021-07-28 18:00:00,1627495200,1.18118,1.18433,1.17701,1.18382,6.50227,6.51174,6.48624,6.48864,49632.0,15181.6,3.997,4.025,3.95,3.954,28695.0,4978.3,4.4585,4.4865,4.4295,4.475,3632.0,3554.7,110.095,110.29,109.928,109.982,16847.0,3544.35,1.38796,1.39106,1.38428,1.3905,10730.0,1703.75,72.3,72.53,72.19,72.35,21974.0,11329.05,24.78,25.03,24.655,24.905,8234.0,2404.0,0.85095,0.85165,0.84999,0.85133,5197.0,843.6,0.91292,0.91584,0.91082,0.91104,4773.0,505.8,1797.5,1803.8,1790.7,1800.8,19044.0,4573.6,1.25651,1.26034,1.25232,1.25315,11085.0,1793.0,0.73446,0.73818,0.73172,0.7366,5351.0,687.75,7.78012,7.78072,7.77872,7.78045,1543.0,1056.2,2021-07-28 18:00:00,209,-0.4383067230125192,0.002515137401024825,1.201286388888889,1.229132514227985,1.173440263549793,-0.023921350970591723,0.9977699312395464,0.997340268337372,-0.006756604068136385,-0.006139036680192495,45.297630767211416,9242.429391774038,4,0,1.194341827645016,1.1732981723549842,2021-07-31 18:00:00,,2021-08-18 16:00:00,0.0
2021-08-02 05:00:00,1627880400,1.18706,1.19088,1.18308,1.18721,6.46754,6.46899,6.464,6.46642,8610.0,9562.0,3.968,3.98,3.966,3.976,322.0,5444.55,4.491,4.5165,4.486,4.5055,2228.0,2700.1,109.703,109.708,109.649,109.676,1838.0,2310.55,1.38991,1.39116,1.38962,1.39084,466.0,1061.6,73.28,73.35,73.06,73.13,4211.0,10651.0,25.52,25.675,25.505,25.605,1553.0,1975.5,0.85405,0.8541,0.85357,0.85357,232.0,573.0,0.90585,0.90622,0.90556,0.90582,97.0,271.3,1813.3,1817.0,1811.9,1814.4,5461.0,7068.3,1.24778,1.24814,1.24704,1.2474,411.0,1102.25,0.734,0.735,0.73373,0.7345,186.0,398.45,7.77464,7.77493,7.77463,7.77471,163.0,1073.8,2021-08-02 05:00:00,214,-0.5139010013093104,0.0028636110219459887,1.2009004166666668,1.2287458899503871,1.1730549433829465,-0.023138060216414586,0.9998736533553456,0.9967922880558915,-0.0061054165898237756,-0.006132312662118751,45.45335558391415,9263.83779578062,4,0,1.1977784196448449,1.1766415803551553,2021-08-05 05:00:00,,2021-08-09 04:00:00,0.0
2021-08-04 14:00:00,1628085600,1.18927,1.18998,1.18364,1.18432,6.45404,6.4639,6.45382,6.46341,24978.0,8493.75,4.144,4.205,4.14,4.202,22074.0,3899.55,4.3555,4.362,4.328,4.333,6453.0,2096.55,108.832,109.628,108.832,109.566,16208.0,2662.15,1.3949,1.39504,1.39013,1.3909,4288.0,902.7,68.78,69.38,68.33,68.93,69317.0,14887.85,25.98,26.01,25.435,25.495,20914.0,2764.95,0.85258,0.85258,0.85097,0.85148,2837.0,552.4,0.90254,0.90708,0.90254,0.90658,1718.0,244.15,1832.8,1833.7,1811.3,1813.9,72060.0,9375.25,1.25326,1.25628,1.25284,1.25406,3828.0,849.95,0.74224,0.74224,0.73778,0.738,1712.0,350.6,7.77574,7.77614,7.77496,7.77513,1188.0,631.55,2021-08-04 14:00:00,216,-0.5431052396834317,-0.002434278687005742,1.2004695833333334,1.228368665540965,1.172570501125702,-0.025855102821184126,1.004179613617941,0.9994033513168289,-0.005756190883569712,-0.006057088306408944,44.96690031152649,9285.055149067932,4,0,1.1948778750806934,1.1737621249193066,2021-08-07 14:00:00,,2021-08-11 13:00:00,0.0
2021-08-09 04:00:00,1628481600,1.17592,1.18574,1.17425,1.17633,6.47546,6.4765,6.47516,6.47575,1466.0,8414.95,4.175,4.176,4.172,4.176,128.0,3774.8,4.3335,4.3345,4.3265,4.329,550.0,2725.8,110.22,110.23,110.206,110.214,441.0,2449.25,1.38686,1.38708,1.38673,1.38704,160.0,1389.15,66.94,67.04,66.89,66.94,2200.0,16141.05,23.88,23.91,23.865,23.89,481.0,5661.35,0.84792,0.84813,0.84778,0.84812,72.0,2283.15,0.91514,0.91515,0.9148,0.91486,41.0,358.55,1739.3,1742.0,1738.4,1739.8,3701.0,18052.65,1.25629,1.25652,1.25604,1.25604,248.0,1162.0,0.73546,0.7355,0.73519,0.7355,70.0,424.6,7.7823,7.78236,7.78214,7.78219,218.0,1091.75,2021-08-09 04:00:00,221,-0.6132298262997502,-0.0067464874358280635,1.199935,1.2281914487466956,1.1716785512533043,-0.0321964953122617,0.9996514583492727,0.9917182518933325,-0.00605436230022427,-0.006056543105172009,43.902670848778655,9306.022207044727,4,0,1.1869656219830844,1.1656943780169158,2021-08-12 04:00:00,2021-09-06 06:00:00,2021-09-30 14:00:00,0.0
2021-08-11 13:00:00,1628686800,1.17368,1.1769,1.1706,1.17342,6.47737,6.48322,6.47558,6.48294,24409.0,7370.25,4.048,4.05,3.979,4.009,20078.0,2611.8,4.3545,4.3715,4.351,4.3575,5141.0,1433.5,110.477,110.58,110.382,110.518,8611.0,2133.95,1.38604,1.38724,1.38494,1.38553,3537.0,896.85,67.56,67.87,67.0,67.38,39238.0,10897.6,23.43,23.555,23.305,23.325,9274.0,2064.75,0.8468,0.84732,0.84626,0.84694,1378.0,426.35,0.9214,0.92262,0.9205,0.92176,1108.0,237.4,1746.2,1748.1,1739.9,1741.1,24066.0,6666.9,1.25042,1.25151,1.24942,1.25146,3681.0,875.85,0.73754,0.73868,0.73676,0.73742,1254.0,302.0,7.78068,7.78072,7.78031,7.78044,179.0,359.9,2021-08-11 13:00:00,223,-0.6400381082043503,-0.002473795618576635,1.1994145833333334,1.2282273451649626,1.1706018215017042,-0.03143306457335028,1.0002215745427896,0.9972639986404962,-0.006451113554865717,-0.006135457195110752,44.04500810527319,9326.717221226743,4,0,1.1840158180368374,1.1628241819631624,2021-08-14 13:00:00,2021-09-06 06:00:00,2021-09-30 14:00:00,0.0
2021-08-16 12:00:00,1629115200,1.17682,1.18049,1.17237,1.17772,6.47806,6.47898,6.4764,6.47761,8452.0,5691.0,3.904,3.942,3.892,3.931,7537.0,2663.4,4.328,4.3415,4.3235,4.338,3205.0,1735.5,109.387,109.442,109.272,109.314,5176.0,2168.0,1.38656,1.38724,1.38606,1.3865,1690.0,656.2,67.48,67.48,66.25,66.56,31608.0,8830.05,23.44,23.67,23.44,23.635,3566.0,1515.65,0.84876,0.84945,0.84856,0.84942,864.0,345.75,0.91436,0.91436,0.91328,0.91334,517.0,190.6,1773.6,1783.0,1773.3,1779.8,15370.0,5204.0,1.25554,1.25657,1.25547,1.25592,1823.0,659.75,0.73307,0.7331,0.73228,0.73266,471.0,212.85,7.78478,7.78493,7.78468,7.78493,142.0,550.75,2021-08-16 12:00:00,228,-0.7036774074790128,0.0036645020538257356,1.1989015277777777,1.227927878634425,1.1698751769211304,-0.030883836265622293,0.9992358115681146,0.9968911214834517,-0.006345421648332739,-0.00617745008575515,44.1391127752745,9347.168229653013,4,0,1.188370069550687,1.1670699304493133,2021-08-19 12:00:00,,2021-09-30 14:00:00,0.0
2021-08-18 16:00:00,1629302400,1.17014,1.17906,1.16936,1.16994,6.48576,6.48718,6.48534,6.48642,6263.0,8714.6,3.836,3.867,3.827,3.855,4041.0,2642.25,4.1135,4.1255,4.104,4.125,3787.0,3263.6,109.922,110.001,109.92,109.985,2171.0,2285.35,1.3747,1.37532,1.37451,1.3749,754.0,850.9,65.98,66.07,65.27,65.33,31549.0,10549.6,23.44,23.47,23.405,23.42,1538.0,1569.65,0.8512,0.85122,0.85059,0.85092,359.0,424.7,0.918,0.91864,0.91768,0.91812,252.0,265.1,1785.7,1787.0,1783.8,1784.9,6805.0,5337.6,1.2639,1.26536,1.26366,1.26426,1748.0,1169.5,0.72344,0.72364,0.72288,0.72351,261.0,367.5,7.78679,7.78743,7.78677,7.7873,256.0,906.25,2021-08-18 16:00:00,230,-0.7277014757264236,-0.0066059844445199856,1.1983679166666665,1.2280931339096206,1.1686426994237125,-0.03231160291711634,1.0001709489375523,0.9924346513324173,-0.006810928882264644,-0.006304145845057049,43.93279009538248,9367.320834766775,4,0,1.1805761298597734,1.1593038701402265,2021-08-21 16:00:00,2021-09-01 12:00:00,2021-09-30 14:00:00,0.0
2021-08-20 14:00:00,1629468000,1.16796,1.17428,1.1664,1.16785,6.50457,6.50682,6.50361,6.50658,11235.0,9128.05,3.934,3.946,3.923,3.925,5241.0,2214.5,4.1175,4.1295,4.105,4.118,4918.0,2322.7,109.828,109.878,109.788,109.804,5075.0,2652.75,1.36296,1.36338,1.36128,1.36136,1883.0,1040.1,63.17,63.22,62.72,62.81,26029.0,11043.6,23.145,23.145,22.835,22.975,8809.0,1745.95,0.85691,0.85792,0.85652,0.85786,858.0,484.6,0.91731,0.91808,0.91714,0.91805,624.0,235.7,1783.6,1785.5,1780.0,1784.3,16902.0,4586.55,1.2856,1.2874,1.28341,1.28687,4467.0,2065.8,0.71465,0.71478,0.71253,0.71262,853.0,520.1,7.7903,7.7903,7.78895,7.78963,921.0,1074.05,2021-08-20 14:00:00,232,-0.7508642533989489,-0.0017864163974220526,1.1978841666666666,1.2284465911243623,1.167321742208971,-0.02938794844396544,1.0000941901785332,0.9946179786762953,-0.0072647487506469766,-0.006496266426175035,44.43663546624927,9387.162004732252,4,0,1.178407375563898,1.1572926244361021,2021-08-23 14:00:00,2021-08-27 19:00:00,2021-10-06 14:00:00,0.0
2021-08-25 13:00:00,1629896400,1.17326,1.17652,1.1675,1.1747,6.47742,6.47751,6.47433,6.47505,13687.0,7081.65,3.905,3.952,3.9,3.943,2910.0,585.75,4.283,4.2925,4.2705,4.277,3847.0,1099.2,109.984,110.05,109.888,109.982,6426.0,2182.6,1.37036,1.37122,1.36998,1.37112,1902.0,685.35,68.17,68.2,67.26,67.44,44529.0,8944.4,23.845,23.885,23.645,23.725,6664.0,1267.4,0.85616,0.85697,0.85598,0.85674,765.0,296.3,0.91494,0.91518,0.91336,0.91396,805.0,192.1,1797.5,1799.9,1786.7,1790.9,32828.0,5941.6,1.26317,1.26439,1.26197,1.2626,2868.0,904.8,0.7247,0.72572,0.72436,0.72542,673.0,278.6,7.7837,7.78486,7.7837,7.78481,368.0,812.05,2021-08-25 13:00:00,237,-0.8048257371083452,0.0058654792995676,1.1974997222222221,1.2285256072756567,1.1664738371687875,-0.0232901300707209,0.9987741551034306,0.9972291163771121,-0.006991077721594463,-0.006595228685258921,45.66931597722012,9406.739667705522,4,0,1.1854599884438528,1.1639400115561473,2021-08-28 13:00:00,2021-09-06 06:00:00,2021-09-30 14:00:00,0.0
2021-08-27 19:00:00,1630090800,1.17944,1.18025,1.1735,1.17965,6.46214,6.46266,6.46116,6.46234,4462.0,10789.7,4.383,4.399,4.38,4.394,3185.0,7419.85,4.314,4.321,4.3135,4.321,142.0,744.1,109.83,109.85,109.78,109.82,1312.0,3328.15,1.37683,1.37708,1.3762,1.3764,588.0,1477.0,68.7,68.75,68.64,68.75,3916.0,11384.5,24.06,24.11,24.055,24.11,417.0,1990.7,0.85665,0.85708,0.85658,0.85708,242.0,637.2,0.91142,0.91163,0.91098,0.91122,108.0,371.95,1820.5,1821.9,1820.0,1821.8,3785.0,9649.25,1.2619,1.26234,1.26128,1.26135,729.0,1558.7,0.7312,0.7317,0.73104,0.73148,147.0,494.7,7.78743,7.78748,7.78708,7.78708,315.0,592.95,2021-08-27 19:00:00,239,-0.8247650844733614,0.004213841831957055,1.1970704166666666,1.22821842344168,1.1659224098916532,-0.025865278151942138,0.9998219810960878,0.9993137047235755,-0.0063021209014355595,-0.006536607128494249,45.114588272483026,9426.086603069143,4,0,1.1903450586379603,1.1689549413620397,2021-08-30 19:00:00,,2021-09-28 14:00:00,0.0
2021-09-01 12:00:00,1630497600,1.1814,1.18452,1.17828,1.18379,6.46319,6.46324,6.45708,6.45736,11852.0,7267.5,4.465,4.467,4.41,4.463,13589.0,2964.85,4.2695,4.298,4.2685,4.2905,4834.0,1753.45,110.372,110.391,110.016,110.026,9127.0,2304.05,1.37576,1.37908,1.37572,1.3787,2477.0,800.15,68.7,68.86,68.41,68.51,12932.0,7168.95,23.985,24.195,23.975,24.19,7067.0,1275.15,0.85875,0.85885,0.85832,0.8586,1090.0,340.2,0.91734,0.9178,0.91498,0.91503,820.0,217.7,1815.3,1822.6,1814.1,1821.9,21698.0,4920.9,1.25956,1.25956,1.25804,1.25835,2214.0,906.0,0.73418,0.73529,0.73416,0.73524,756.0,311.1,7.77766,7.77766,7.77664,7.7767,539.0,646.1,2021-09-01 12:00:00,244,-0.8702939222685674,0.0035095155342683704,1.1966787499999998,1.2277749213937912,1.1655825786062084,-0.023542480922060603,0.997981060830046,0.9973660216796677,-0.0053602644651125075,-0.006301338595817901,45.58076850749076,9445.467031160628,4,0,1.1945683654965626,1.1730116345034372,2021-09-04 12:00:00,,2021-09-20 05:00:00,0.0
2021-09-06 06:00:00,1630908000,1.18714,1.19092,1.1833,1.1872,6.44501,6.44789,6.44458,6.4477,9272.0,11099.35,4.719,4.742,4.719,4.734,571.0,4036.8,4.313,4.3285,4.313,4.3235,1479.0,1771.5,109.784,109.83,109.782,109.828,1439.0,2777.7,1.38532,1.38532,1.38447,1.38455,778.0,1124.0,68.29,68.53,68.27,68.46,3789.0,11053.5,24.875,24.885,24.835,24.865,859.0,3186.9,0.85694,0.8575,0.85692,0.85746,306.0,516.7,0.9148,0.91532,0.91456,0.91528,177.0,363.6,1829.6,1830.4,1828.3,1828.6,2312.0,8558.05,1.25386,1.25402,1.25292,1.25353,654.0,1402.95,0.74368,0.74416,0.7433,0.74362,307.0,472.25,7.77357,7.77442,7.77334,7.77412,794.0,682.95,2021-09-06 06:00:00,249,-0.9093882203647924,0.0028805784809806667,1.1963655555555555,1.2273818414891446,1.1653492696219663,-0.01881613326031204,0.9999494609164421,0.9968259832734357,-0.004289234328789471,-0.005898917742412215,46.479093151797144,9464.888185357291,4,0,1.1980371695632344,1.1763628304367657,2021-09-09 06:00:00,,2021-09-20 05:00:00,0.0
2021-09-09 01:00:00,1631149200,1.18143,1.18853,1.1802,1.1821,6.4602,6.46236,6.45837,6.45864,9339.0,8515.55,4.911,4.928,4.899,4.926,583.0,8748.75,4.2255,4.242,4.2155,4.241,1930.0,2257.25,110.212,110.213,110.152,110.158,1892.0,2508.6,1.37613,1.37658,1.37596,1.37654,459.0,1252.05,69.12,69.4,69.07,69.37,3797.0,11951.3,24.0,24.005,23.925,23.995,1382.0,2114.95,0.85852,0.8588,0.85832,0.85871,204.0,475.5,0.92178,0.92186,0.92124,0.92128,97.0,351.7,1791.4,1791.7,1788.8,1790.7,3164.0,7471.15,1.27046,1.27062,1.26968,1.26974,776.0,1996.1,0.73544,0.73585,0.73511,0.73561,363.0,478.55,7.77686,7.77716,7.77672,7.7768,424.0,510.2,2021-09-09 01:00:00,252,-0.9296339319682696,-0.004295822102425961,1.1959991666666667,1.227058182141299,1.1649401511920345,-0.022070853808806662,0.9994332120801963,0.9940262340874861,-0.0038080655971541866,-0.005480747313360609,45.929766092698884,9484.298004828162,4,0,1.1929472846332037,1.1712527153667962,2021-09-12 01:00:00,,2021-09-28 14:00:00,0.0
2021-09-13 11:00:00,1631530800,1.17758,1.18512,1.17701,1.1774,6.45191,6.45222,6.45129,6.45148,3986.0,6687.85,5.021,5.093,5.013,5.085,5165.0,3047.4,4.4315,4.438,4.414,4.4305,2863.0,2331.35,110.11,110.126,110.074,110.097,1712.0,1754.7,1.38274,1.38276,1.38143,1.38252,1108.0,853.65,70.58,70.6,69.93,70.17,13013.0,8211.25,23.64,23.675,23.61,23.665,1077.0,1394.7,0.85165,0.85233,0.85158,0.85164,510.0,378.8,0.92362,0.92409,0.92348,0.9237,259.0,1614.85,1789.2,1791.8,1789.2,1791.5,2807.0,3741.05,1.2679,1.26888,1.26756,1.26782,907.0,896.0,0.73502,0.73524,0.7346,0.7352,235.0,270.75,7.7791,7.77942,7.7791,7.77942,203.0,467.4,2021-09-13 11:00:00,256,-0.9527692922168512,-0.003975974959817163,1.1954955555555555,1.22656886403979,1.164422247071321,-0.030331969901646626,1.000152879225412,0.9936377750776294,-0.0037626135641390945,-0.005137120563516307,44.39705791458066,9503.650018046452,4,0,1.1881737313649416,1.1666262686350584,2021-09-16 11:00:00,,2021-09-30 14:00:00,0.0
2021-09-15 14:00:00,1631714400,1.18186,1.18459,1.17714,1.18188,6.4266,6.4282,6.42546,6.42642,19796.0,9671.65,5.606,5.607,5.538,5.568,26276.0,6137.35,4.3955,4.4225,4.38,4.4175,9777.0,2183.75,109.306,109.363,109.21,109.292,5970.0,2943.3,1.38506,1.38539,1.38196,1.38296,3228.0,1182.9,72.79,73.14,72.48,72.87,51786.0,10295.8,23.89,23.94,23.72,23.79,4891.0,1383.75,0.85328,0.85491,0.8531,0.85458,1167.0,470.15,0.91807,0.9198,0.91796,0.91909,742.0,264.45,1798.0,1799.4,1792.8,1795.0,20060.0,5897.7,1.26418,1.26594,1.26344,1.26473,4650.0,1350.75,0.7335,0.73392,0.73195,0.7326,1134.0,399.65,7.78098,7.78264,7.78098,7.78134,600.0,632.65,2021-09-15 14:00:00,258,-0.9626519747161488,0.0038049940546969196,1.1950373611111111,1.2259241783898758,1.1641505438323465,-0.02753068419579577,0.9999830778082376,0.9976954051612793,-0.003326745292527411,-0.004775045509318528,44.95334251185564,9523.099889383127,4,0,1.1927516317382714,1.1710083682617287,2021-09-18 14:00:00,,2021-09-28 14:00:00,0.0
2021-09-20 05:00:00,1632114000,1.17151,1.18218,1.17097,1.17172,6.4807,6.48096,6.47872,6.4801,6439.0,8828.25,4.981,4.996,4.97,4.978,409.0,5651.15,4.1595,4.18,4.155,4.18,1461.0,2447.2,109.918,109.928,109.896,109.908,652.0,1933.45,1.37055,1.37156,1.37036,1.37116,553.0,1022.65,71.15,71.36,71.14,71.36,2576.0,9277.5,22.225,22.36,22.21,22.325,1399.0,3015.75,0.85477,0.85478,0.85432,0.85452,192.0,439.5,0.93222,0.93234,0.93177,0.93206,103.0,257.5,1748.7,1752.3,1747.7,1750.9,2838.0,7784.65,1.27992,1.27998,1.27843,1.27869,742.0,1294.0,0.72322,0.72436,0.72314,0.72419,303.0,365.3,7.78788,7.78792,7.78589,7.78645,816.0,657.4,2021-09-20 05:00:00,263,-0.9823516608469236,-0.008596473415236727,1.1943256944444445,1.2249630366279936,1.1636883522608954,-0.04280139494867668,0.9998207762946779,0.9909743017137831,-0.003757825760153155,-0.004571601559485453,42.210871944545815,9542.556257682601,4,0,1.182551779438112,1.1608882205618882,2021-09-23 05:00:00,,2021-09-30 14:00:00,0.0
2021-09-22 13:00:00,1632315600,1.17296,1.17487,1.17002,1.17311,6.46937,6.4698,6.46306,6.46356,15026.0,8879.35,4.856,4.861,4.787,4.805,10242.0,2499.4,4.246,4.2495,4.2145,4.23,6487.0,2410.4,109.602,109.622,109.546,109.558,4311.0,2799.5,1.36274,1.36385,1.3616,1.3634,2201.0,1058.65,71.45,71.91,71.35,71.82,37935.0,9616.45,22.755,22.885,22.72,22.75,4969.0,1241.95,0.86075,0.86114,0.86026,0.86045,789.0,438.05,0.92238,0.92332,0.92188,0.92292,462.0,238.7,1773.3,1778.8,1772.7,1775.0,11721.0,3741.8,1.27956,1.28166,1.27913,1.27956,2665.0,1260.3,0.7247,0.72507,0.72364,0.72467,719.0,418.25,7.78688,7.78734,7.78506,7.78586,780.0,510.45,2021-09-22 13:00:00,265,-0.9882042449941422,0.001186290239989063,1.193765,1.2244579937410578,1.1630720062589421,-0.033833922880451,0.9998721347529217,0.998374288219122,-0.003941859451197294,-0.004445653137827822,43.7085060624007,9561.712718337594,4,0,1.1837767400020025,1.1624432599979977,2021-09-25 13:00:00,,2021-09-30 14:00:00,0.0
2021-09-24 09:00:00,1632474000,1.1736,1.17556,1.16834,1.1735,6.46342,6.46604,6.46298,6.46437,7639.0,8741.55,5.087,5.094,5.084,5.084,150.0,2310.7,4.2285,4.234,4.2225,4.228,928.0,1790.3,110.422,110.443,110.352,110.384,2138.0,2360.05,1.37172,1.37177,1.37034,1.37036,1299.0,958.8,73.5,73.54,73.32,73.34,4140.0,12192.65,22.69,22.7,22.645,22.655,359.0,1474.65,0.85558,0.85636,0.85557,0.85632,553.0,433.6,0.92406,0.92406,0.9226,0.9228,314.0,240.05,1755.6,1755.8,1754.1,1754.4,3963.0,8453.3,1.26756,1.26887,1.26741,1.26852,1163.0,1112.95,0.72813,0.72816,0.7265,0.72653,353.0,362.95,7.78511,7.78558,7.78496,7.78548,538.0,588.65,2021-09-24 09:00:00,267,-0.9928872135356962,0.0003324496424035317,1.1932909722222225,1.2241690295499557,1.1624129148944893,-0.028669024896165195,1.0000852151683,0.9983327095171664,-0.0040100128051354655,-0.0043585250712893505,44.58889558296605,9580.573742539955,4,0,1.1841018584099214,1.1628981415900788,2021-09-27 09:00:00,,2021-09-30 14:00:00,0.0
2021-09-28 14:00:00,1632837600,1.16809,1.17375,1.16717,1.16738,6.4614,6.46422,6.46014,6.46226,29367.0,9694.0,5.932,6.004,5.882,5.918,23479.0,7851.6,4.256,4.269,4.243,4.2675,6935.0,1896.95,111.537,111.56,111.235,111.452,11868.0,2980.6,1.3548,1.35529,1.35234,1.35358,6620.0,1672.95,75.69,75.81,75.08,75.16,55212.0,13359.2,22.35,22.52,22.285,22.39,7245.0,2221.9,0.86221,0.86408,0.8622,0.86243,3474.0,822.0,0.92898,0.92949,0.92659,0.92868,1609.0,415.05,1734.6,1741.0,1731.5,1733.1,26259.0,8272.55,1.2674,1.27038,1.26672,1.26992,10679.0,1724.1,0.72438,0.72521,0.72296,0.72392,2737.0,591.45,7.78334,7.78352,7.78204,7.78246,1574.0,737.25,2021-09-28 14:00:00,271,-0.9987235240803972,-0.0052151682999572735,1.19272875,1.2240023533114888,1.161455146688511,-0.03408827720425868,1.0006081995579845,0.9951778487752929,-0.004505916284088363,-0.004388003313849153,43.699807009898564,9599.099679881241,4,0,1.1780083685393539,1.156751631460646,2021-10-01 14:00:00,,2021-10-06 14:00:00,0.0
2021-09-30 14:00:00,1633010400,1.15855,1.16904,1.1568,1.15885,6.45689,6.46059,6.45341,6.4541,20849.0,9371.0,5.531,5.691,5.496,5.639,22823.0,5073.7,4.074,4.078,4.0545,4.062,7653.0,2448.25,111.786,111.878,111.543,111.578,9306.0,2898.8,1.34808,1.34948,1.34736,1.34834,4999.0,1356.75,73.65,74.11,73.43,73.71,42479.0,13021.6,21.87,22.13,21.85,22.045,12050.0,2229.35,0.8594,0.86004,0.85836,0.85947,2503.0,719.05,0.93524,0.93562,0.93236,0.9331,1485.0,391.3,1742.3,1759.6,1742.0,1758.1,45461.0,8198.8,1.27301,1.27346,1.26556,1.26693,6647.0,1512.05,0.72239,0.72392,0.72175,0.72223,1969.0,525.75,7.78856,7.78861,7.78418,7.78482,1954.0,592.55,2021-09-30 14:00:00,273,-0.9998699583618592,-0.007306960886772185,1.1920890277777778,1.224224393256882,1.1599536622986737,-0.03897674129015918,0.9997411226647107,0.9910268254294121,-0.005523551017922346,-0.004615112854663792,42.95373883245627,9617.236947893512,4,0,1.1695523306026976,1.1481476693973023,2021-10-03 14:00:00,,2021-11-12 17:00:00,0.0
2021-10-04 13:00:00,1633352400,1.16325,1.16402,1.15626,1.16297,6.44318,6.44637,6.44294,6.44514,7969.0,7599.6,5.877,6.064,5.832,6.032,32051.0,4339.05,4.284,4.303,4.273,4.2955,4481.0,1531.35,111.068,111.233,111.065,111.148,5550.0,2779.5,1.36055,1.36232,1.35958,1.36222,2724.0,1321.2,76.95,78.38,76.82,78.1,82187.0,12069.3,22.465,22.51,22.35,22.495,4290.0,1174.35,0.85498,0.85529,0.85368,0.85376,1164.0,613.05,0.92498,0.9254,0.92458,0.92466,504.0,273.85,1755.5,1755.6,1748.8,1752.6,16425.0,4967.65,1.25984,1.26014,1.25614,1.25685,3423.0,1378.85,0.72924,0.72996,0.72852,0.72982,919.0,504.95,7.78673,7.78695,7.78673,7.78688,327.0,411.65,2021-10-04 13:00:00,277,-0.9986126020839734,0.0035552487379730824,1.1916644444444444,1.2245217401401955,1.1588071487486933,-0.025946603260375782,1.0002407628743646,0.9993384993384992,-0.00592923576929727,-0.004877937437590488,45.21730967802499,9635.020848539012,4,0,1.1734774219772672,1.1524625780227329,2021-10-07 13:00:00,,2021-11-12 17:00:00,0.0
2021-10-06 14:00:00,1633528800,1.15426,1.16395,1.15291,1.15419,6.46404,6.46636,6.45852,6.46174,17485.0,8795.3,5.87,5.908,5.796,5.902,20243.0,7977.95,4.144,4.1575,4.136,4.1425,4428.0,1743.4,111.311,111.32,111.201,111.25,6688.0,3683.85,1.35657,1.35825,1.35502,1.35682,4722.0,1627.3,77.56,77.84,77.15,77.51,54272.0,13561.65,22.4,22.53,22.31,22.48,4270.0,1457.5,0.85088,0.85146,0.85008,0.85067,2063.0,747.5,0.92836,0.9288,0.92721,0.92794,893.0,387.3,1759.3,1765.5,1757.7,1760.5,17821.0,6385.15,1.26328,1.26456,1.26102,1.26346,5392.0,1643.4,0.72498,0.72632,0.72428,0.72595,1713.0,647.6,7.78621,7.7869,7.78604,7.78666,570.0,498.0,2021-10-06 14:00:00,279,-0.9962102997023295,-0.007549635846152536,1.1912070833333335,1.2252174831408962,1.1571966835257708,-0.02813140646824131,1.0000606485933858,0.9916749001245758,-0.006879909169727361,-0.005278331784017863,44.88585184034792,9652.39765066556,4,0,1.164712943967381,1.143667056032619,2021-10-09 14:00:00,2021-10-28 15:00:00,2021-11-17 03:00:00,0.0
2021-10-08 17:00:00,1633712400,1.15642,1.15862,1.15322,1.15683,6.44681,6.44992,6.44642,6.44696,6258.0,11181.6,5.65,5.661,5.586,5.592,7069.0,3782.5,4.276,4.2775,4.2655,4.2725,1996.0,2306.85,112.197,112.248,112.166,112.174,1807.0,3641.15,1.36171,1.36212,1.36098,1.36198,721.0,1528.85,79.3,79.47,78.67,79.32,33205.0,15561.7,22.765,22.775,22.68,22.755,2596.0,3137.05,0.84926,0.8496,0.84916,0.84936,245.0,670.85,0.92752,0.9278,0.927,0.92704,152.0,403.1,1758.9,1760.2,1757.1,1760.0,7315.0,11069.25,1.24766,1.24842,1.24636,1.24655,1278.0,1565.15,0.73072,0.73081,0.72998,0.73073,326.0,672.05,7.78423,7.78432,7.78397,7.784,134.0,414.15,2021-10-08 17:00:00,281,-0.9926289059345096,0.0022873183791229934,1.1907544444444447,1.2257155038103638,1.1557933850785256,-0.027782287653872487,0.9996455831885411,0.998101189345946,-0.00733573694305889,-0.005689812815826069,44.94399453907974,9669.394196837267,4,0,1.1673832396327652,1.1462767603672348,2021-10-11 17:00:00,2021-10-28 15:00:00,2021-11-12 17:00:00,0.0
2021-10-13 12:00:00,1634126400,1.15642,1.15868,1.15244,1.1543,6.44576,6.4499,6.44386,6.44804,22042.0,8808.4,5.466,5.513,5.446,5.478,6697.0,3332.3,4.3955,4.4175,4.389,4.4015,8474.0,2173.95,113.547,113.806,113.517,113.661,8590.0,2361.2,1.3621,1.3621,1.35876,1.35956,4181.0,1061.15,79.96,80.37,79.71,79.88,22421.0,9120.05,22.925,22.965,22.635,22.71,8968.0,1539.25,0.84904,0.84958,0.84864,0.84902,1498.0,430.3,0.92732,0.9299,0.92701,0.92911,1288.0,247.1,1774.1,1778.5,1758.0,1761.6,53925.0,6397.3,1.24408,1.2471,1.24386,1.24647,3131.0,849.8,0.73548,0.73594,0.73236,0.73286,1519.0,383.6,7.78002,7.78043,7.77994,7.78042,243.0,555.55,2021-10-13 12:00:00,286,-0.9785481345802032,-0.0021870110560755496,1.1901830555555555,1.2261633775074496,1.1542027336036613,-0.03502021881227105,1.001836610933033,0.9980495046086927,-0.007811092184921931,-0.006114068689645241,43.54767879548309,9686.001140420665,4,0,1.1647334536669636,1.1438665463330364,2021-10-16 12:00:00,2021-10-28 15:00:00,2021-11-17 03:00:00,0.0
2021-10-15 16:00:00,1634313600,1.15936,1.16244,1.15403,1.1595,6.43622,6.43622,6.43427,6.43523,6270.0,9518.45,5.558,5.577,5.441,5.491,16780.0,3835.0,4.749,4.749,4.7245,4.7305,5333.0,4125.3,114.309,114.336,114.206,114.281,2263.0,3649.4,1.37558,1.37642,1.37542,1.37582,1038.0,1223.95,82.19,82.22,81.64,82.03,16142.0,7514.75,23.35,23.39,23.335,23.37,1730.0,2243.35,0.84284,0.8429,0.84238,0.8428,401.0,535.05,0.92412,0.92436,0.92376,0.92402,252.0,349.75,1768.8,1769.9,1766.9,1768.4,7740.0,9005.65,1.23885,1.23977,1.23818,1.23937,1079.0,1003.75,0.74154,0.74198,0.7412,0.74158,277.0,399.15,7.7787,7.78046,7.77764,7.77779,925.0,584.85,2021-10-15 16:00:00,288,-0.9708824104813836,0.004504894741401699,1.1896915277777778,1.2263711515735516,1.153011903982004,-0.030065253223939156,0.9998792583009918,0.9973504008809057,-0.007679691395100496,-0.006427193230736292,44.52929355387232,9702.262298905502,4,0,1.1700685039738083,1.1489314960261914,2021-10-18 16:00:00,,2021-11-12 17:00:00,0.0
2021-10-20 06:00:00,1634709600,1.1645,1.16695,1.15718,1.16388,6.38022,6.39004,6.3798,6.38978,15133.0,10333.75,5.013,5.037,4.992,5.027,533.0,4141.95,4.6545,4.661,4.637,4.6375,2881.0,3302.4,114.558,114.562,114.426,114.433,4877.0,2800.7,1.38061,1.38078,1.37807,1.37824,1733.0,895.85,82.14,82.14,81.72,81.73,7388.0,15448.5,23.945,23.965,23.89,23.895,1397.0,3304.15,0.84346,0.84462,0.8434,0.8445,738.0,451.95,0.92434,0.9244,0.92345,0.92388,437.0,250.95,1776.7,1778.3,1775.2,1776.6,5457.0,7051.0,1.23431,1.23567,1.23418,1.23558,1247.0,882.7,0.74946,0.74961,0.74822,0.74822,328.0,310.8,7.77642,7.77648,7.77566,7.77616,584.0,508.9,2021-10-20 06:00:00,293,-0.9467139181463862,0.003777490297542041,1.1893215277777776,1.2265012962668105,1.1521417592887446,-0.02263093525635973,1.0005327009657354,0.9979005098761731,-0.007139822498287485,-0.0065697190842465315,45.882025598219265,9718.213826207731,4,0,1.1745106388558846,1.1532493611441155,2021-10-23 06:00:00,,2021-11-12 17:00:00,0.0
2021-10-22 12:00:00,1634904000,1.16312,1.16676,1.1617,1.16374,6.38415,6.38478,6.38031,6.38177,9540.0,8362.8,5.299,5.347,5.254,5.321,3293.0,1633.8,4.58,4.5875,4.5025,4.546,11027.0,2680.9,113.882,113.917,113.742,113.748,4707.0,2650.05,1.37832,1.3794,1.37807,1.37873,1994.0,1068.9,83.22,83.42,83.06,83.29,17062.0,11246.15,24.375,24.645,24.37,24.585,8115.0,1524.55,0.84388,0.84406,0.84322,0.84404,779.0,479.2,0.91738,0.91776,0.91626,0.91636,601.0,215.25,1793.2,1808.4,1792.0,1807.3,42655.0,6134.95,1.23344,1.23376,1.23212,1.23342,1547.0,814.65,0.75029,0.75032,0.74932,0.74964,676.0,362.8,7.77364,7.77404,7.77362,7.77366,397.0,628.2,2021-10-22 12:00:00,295,-0.9350748843515574,-0.00012028731484348132,1.1889290277777778,1.2265876858226836,1.151270369732872,-0.02399361198178605,0.9994672349493873,0.9968802495800335,-0.0066466508839948535,-0.006585105444196196,45.61343598658887,9733.859534209465,4,0,1.174360794315114,1.1531192056848862,2021-10-25 12:00:00,,2021-11-12 17:00:00,0.0
2021-10-26 20:00:00,1635278400,1.15983,1.16654,1.15849,1.15964,6.37845,6.37869,6.37736,6.37815,923.0,8346.85,5.851,5.856,5.825,5.829,190.0,941.5,4.488,4.4975,4.487,4.4975,441.0,2552.85,114.119,114.162,114.115,114.154,861.0,2262.9,1.37638,1.37668,1.37616,1.37664,333.0,1454.25,84.59,84.68,84.35,84.44,4300.0,15900.2,24.21,24.225,24.195,24.215,371.0,2875.25,0.84267,0.84284,0.8424,0.8424,281.0,577.7,0.91971,0.91988,0.91954,0.9198,39.0,315.85,1794.6,1795.7,1794.0,1794.1,1181.0,9447.4,1.23896,1.23922,1.2383,1.23898,505.0,939.05,0.75042,0.7506,0.75006,0.75025,109.0,374.05,7.77618,7.77618,7.77576,7.77582,680.0,494.7,2021-10-26 20:00:00,299,-0.9084917035725082,-0.0035231237217935307,1.188475138888889,1.226750724604765,1.150199553173013,-0.027791376867266723,1.0001638439515712,0.9942479469199513,-0.0065115830849453715,-0.006570400972346032,44.9861920834612,9749.176431483811,4,0,1.170258009218714,1.1490219907812862,2021-10-29 20:00:00,,2021-11-12 17:00:00,0.0
2021-10-28 15:00:00,1635433200,1.16756,1.16923,1.15823,1.16843,6.38913,6.39066,6.3881,6.38954,9069.0,9695.45,5.847,5.868,5.76,5.822,16253.0,4612.75,4.4345,4.446,4.4275,4.4405,4383.0,2672.25,113.398,113.416,113.257,113.386,4856.0,3495.9,1.37992,1.38152,1.37968,1.38037,2707.0,1882.55,82.34,82.36,81.61,81.86,35742.0,16148.95,24.16,24.23,24.15,24.15,2742.0,1930.15,0.84613,0.8466,0.8458,0.84647,1061.0,750.1,0.91374,0.91377,0.9118,0.91236,869.0,524.25,1800.1,1806.1,1799.1,1803.0,15044.0,9516.0,1.23356,1.23523,1.23304,1.23492,1944.0,1244.15,0.7548,0.7554,0.75455,0.75464,484.0,500.3,7.77738,7.77773,7.77736,7.77768,337.0,432.35,2021-10-28 15:00:00,301,-0.8935790198239952,0.007579938601635083,1.1882744444444444,1.2268196183648026,1.1497292705240862,-0.01229117548652147,0.9992554111072122,0.998571709586651,-0.0056303580790237895,-0.0063823923936815845,47.77863182167567,9764.23033871387,4,0,1.1791395463349044,1.1577204536650958,2021-10-31 15:00:00,,2021-11-08 07:00:00,0.0
2021-11-01 16:00:00,1635782400,1.15912,1.16901,1.15352,1.1592,6.39489,6.39616,6.39434,6.39494,9096.0,7659.5,5.294,5.31,5.183,5.195,14447.0,4560.45,4.379,4.4,4.3755,4.3945,4012.0,2037.0,114.201,114.211,114.131,114.179,2084.0,2703.6,1.36782,1.36818,1.36582,1.36602,1449.0,1348.2,84.36,84.47,83.95,84.19,25294.0,12608.8,24.065,24.075,24.015,24.07,2473.0,1503.75,0.84742,0.84864,0.84715,0.84858,682.0,592.15,0.91057,0.91181,0.91054,0.91104,339.0,308.2,1794.2,1794.4,1790.9,1793.1,7034.0,5857.4,1.23565,1.23631,1.23536,1.23584,978.0,823.6,0.75342,0.75361,0.75292,0.75296,269.0,330.9,7.78292,7.78306,7.78289,7.78306,284.0,567.7,2021-11-01 16:00:00,305,-0.8605996962501181,-0.00789948905796678,1.187987222222222,1.2270902872254228,1.1488841572190214,-0.01768262636670514,0.9999309868875086,0.9915398499585117,-0.005612072298555093,-0.006228328374656287,46.880656449861235,9778.961641057733,4,0,1.170015089637552,1.148384910362448,2021-11-04 16:00:00,,2021-11-12 17:00:00,0.0
2021-11-04 06:00:00,1636005600,1.1589,1.16165,1.15624,1.15781,6.39459,6.3953,6.39296,6.39456,8287.0,10397.6,5.744,5.761,5.712,5.758,927.0,5174.8,4.367,4.3715,4.3495,4.3635,1949.0,3076.5,114.16,114.226,114.154,114.224,1814.0,3065.4,1.36569,1.36647,1.36521,1.36546,1029.0,1711.2,80.23,80.33,79.9,80.16,5673.0,19339.8,23.555,23.56,23.485,23.52,1189.0,3052.35,0.84858,0.84858,0.84772,0.84795,391.0,697.35,0.91246,0.91339,0.91246,0.91339,240.0,543.05,1775.0,1775.0,1770.9,1772.9,5130.0,11486.85,1.2407,1.241,1.24032,1.24084,881.0,1480.4,0.7436,0.74394,0.74296,0.74304,292.0,641.9,7.78275,7.78326,7.7827,7.78277,495.0,1245.4,2021-11-04 06:00:00,308,-0.8331829385891785,-0.0011991028295376127,1.187780138888889,1.2273661095853095,1.1481941681924683,-0.01279554730386496,1.000941432532108,0.9976326776567813,-0.005644673783389731,-0.006111597456402976,47.71115409413283,9793.367299388434,4,0,1.1684946194454195,1.1471253805545805,2021-11-07 06:00:00,,2021-11-12 17:00:00,0.0
2021-11-08 07:00:00,1636354800,1.15636,1.15822,1.15133,1.15596,6.39559,6.39698,6.39512,6.39607,8906.0,7900.1,5.593,5.65,5.551,5.598,2047.0,4493.95,4.3565,4.3585,4.3425,4.3425,1451.0,2371.7,113.595,113.614,113.526,113.566,3513.0,3168.65,1.34848,1.34962,1.34746,1.34807,1577.0,1450.45,82.23,82.26,82.03,82.22,5535.0,17060.5,24.285,24.3,24.245,24.28,1167.0,3089.3,0.85753,0.8579,0.85688,0.8575,753.0,767.7,0.91362,0.91457,0.91318,0.9142,308.0,405.6,1818.3,1819.2,1816.3,1817.8,4808.0,11544.05,1.24494,1.24526,1.24415,1.24478,602.0,1011.65,0.73978,0.7409,0.73971,0.74033,287.0,402.35,7.78552,7.78615,7.78542,7.78614,448.0,912.8,2021-11-08 07:00:00,312,-0.7931896839451844,-0.0015978442058713904,1.187427638888889,1.227692410825117,1.1471628669526608,-0.021718219824263463,1.0003460327346967,0.9983940874790628,-0.005753467838078841,-0.0060399715327381495,46.021195209130255,9807.44156700657,4,0,1.1664295945911578,1.1454904054088424,2021-11-11 07:00:00,,2021-11-12 17:00:00,0.0
2021-11-10 13:00:00,1636549200,1.15582,1.16089,1.15322,1.15532,6.39082,6.39396,6.3882,6.38856,20661.0,6622.85,4.875,4.895,4.758,4.765,12825.0,4147.5,4.3685,4.3905,4.3435,4.3895,6819.0,1611.1,113.268,113.494,113.212,113.447,11032.0,2607.95,1.35092,1.35146,1.34808,1.35065,5532.0,1250.15,83.71,84.49,83.6,84.46,23944.0,11986.6,24.27,24.755,24.04,24.745,21248.0,2139.1,0.85561,0.85608,0.85516,0.8554,2432.0,607.45,0.91328,0.91509,0.91212,0.91293,1776.0,320.85,1828.2,1853.9,1823.0,1851.9,63835.0,7297.35,1.2434,1.24591,1.24147,1.24177,3970.0,805.05,0.73612,0.73734,0.73408,0.7373,1749.0,314.75,7.78975,7.79022,7.78972,7.79016,358.0,660.2,2021-11-10 13:00:00,314,-0.7717727365467837,-0.000553652375514857,1.1869740277777778,1.2279432714337586,1.146004784121797,-0.027877023904097523,1.0004327805283386,0.9956326611479125,-0.005824192891318747,-0.00599681580445427,44.78174729980187,9821.187453625333,4,0,1.165655759652711,1.1449842403472885,2021-11-13 13:00:00,,2021-11-12 17:00:00,0.0
2021-11-12 17:00:00,1636736400,1.14423,1.15745,1.1433,1.14492,6.37492,6.37974,6.37477,6.37946,6831.0,9519.1,4.919,4.963,4.855,4.87,9666.0,3260.55,4.449,4.4565,4.447,4.447,2360.0,1753.6,113.902,113.948,113.88,113.911,1595.0,2498.9,1.34097,1.34225,1.34092,1.3422,691.0,1137.85,80.9,81.04,80.61,80.71,17732.0,12006.9,25.315,25.345,25.28,25.33,2210.0,2723.9,0.85329,0.85334,0.85289,0.85302,462.0,653.75,0.92118,0.92134,0.92054,0.92081,308.0,330.3,1866.2,1868.8,1864.4,1867.3,6856.0,7539.7,1.25605,1.25678,1.2557,1.25594,832.0,856.2,0.73212,0.73306,0.73212,0.7329,248.0,314.45,7.79217,7.7922,7.79092,7.79102,571.0,635.15,2021-11-12 17:00:00,316,-0.7494423368521954,-0.009001834989440072,1.1863654166666668,1.2285132144221078,1.1442176189112259,-0.03755915707477583,0.9993973378052616,0.9885783403170764,-0.006642861318884918,-0.0061260249073404,43.207886415772855,9834.541934083869,4,0,1.155419276826274,1.1344207231737258,2021-11-15 17:00:00,,2021-11-17 03:00:00,0.0
2021-11-17 03:00:00,1637118000,1.13218,1.1464,1.12637,1.1289,6.38624,6.39324,6.38482,6.38946,13572.0,9505.1,5.124,5.129,5.11,5.113,198.0,5457.1,4.3565,4.3605,4.3405,4.3425,1260.0,2460.55,114.8,114.939,114.797,114.888,2652.0,2771.25,1.34311,1.34311,1.33964,1.34142,1651.0,1516.1,79.29,79.31,78.98,79.12,2382.0,11429.1,25.045,25.05,24.965,24.995,891.0,3370.3,0.84294,0.84304,0.8407,0.84156,1377.0,819.5,0.93058,0.93298,0.93058,0.932,510.0,448.5,1858.0,1858.1,1853.7,1855.3,4159.0,9777.45,1.2559,1.25864,1.25589,1.25774,966.0,896.85,0.72846,0.7285,0.72626,0.72747,585.0,413.35,7.78778,7.78783,7.78754,7.78772,284.0,651.05,2021-11-17 03:00:00,321,-0.6897960046655887,-0.013992243999580656,1.1854305555555555,1.229628692650816,1.141232418460295,-0.05791451811406487,1.0029054832137478,0.9875959525471039,-0.008486514801235856,-0.006598122886119492,39.83631806239244,9845.350904639652,4,0,1.1396932830814357,1.1181067169185646,2021-11-20 03:00:00,2022-01-12 13:00:00,2022-01-31 12:00:00,0.0
2021-11-19 10:00:00,1637316000,1.12993,1.13742,1.12829,1.13008,6.39105,6.39527,6.39048,6.39091,16607.0,8119.6,4.945,4.999,4.939,4.989,924.0,3646.05,4.3595,4.3705,4.346,4.3695,1871.0,2233.85,114.006,114.043,113.811,113.965,8259.0,2725.7,1.3433,1.34335,1.34075,1.34312,4429.0,1342.3,77.63,77.63,76.81,77.06,26195.0,14966.2,24.93,24.935,24.835,24.855,1326.0,1682.0,0.84116,0.84231,0.84109,0.84138,1972.0,645.95,0.92573,0.92741,0.92538,0.92656,1268.0,363.7,1866.4,1867.4,1861.4,1861.7,8509.0,5632.2,1.26442,1.26562,1.26414,1.26458,2124.0,850.55,0.72433,0.72458,0.7232,0.7244,1109.0,350.5,7.7904,7.79204,7.79036,7.79192,868.0,661.3,2021-11-19 10:00:00,323,-0.6644834655228552,0.0010452653025068148,1.1844205555555556,1.230300205945184,1.1385409051659272,-0.06236374545376192,0.9998672660342631,0.9934149214889838,-0.00974012918426026,-0.0072265241457476455,38.837037946702694,9853.749656062791,4,0,1.140761970576543,1.1193980294234571,2021-11-22 10:00:00,2022-01-12 13:00:00,2022-01-31 12:00:00,0.0
2021-11-23 07:00:00,1637650800,1.12404,1.13222,1.1226,1.12532,6.38679,6.38812,6.3834,6.38434,17644.0,8241.05,4.8,4.931,4.795,4.919,1522.0,2455.5,4.381,4.4035,4.374,4.3965,1279.0,1797.65,115.076,115.156,114.484,114.702,9858.0,2895.5,1.3387,1.34098,1.338,1.33984,3653.0,1510.25,75.95,76.1,75.68,75.99,6146.0,16608.2,24.02,24.15,24.0,24.09,1604.0,3129.35,0.83968,0.84016,0.83948,0.83987,1333.0,606.4,0.93192,0.93257,0.93012,0.93087,1207.0,394.6,1804.0,1810.6,1802.7,1808.3,8822.0,11454.0,1.27125,1.27178,1.27032,1.27158,1974.0,960.7,0.72202,0.72323,0.72124,0.7227,946.0,428.35,7.79228,7.79366,7.79212,7.79346,899.0,793.45,2021-11-23 07:00:00,327,-0.6115298757991053,-0.004212091179385369,1.183325,1.2310200158319604,1.1356299841680395,-0.06774800639403371,0.9988625457647601,0.9927752556923566,-0.010991022171709552,-0.007979423750940027,38.01507232283949,9859.838604924786,4,0,1.1359797404226188,1.1146602595773814,2021-11-26 07:00:00,2022-01-12 13:00:00,2022-03-02 06:00:00,0.0
2021-11-24 20:00:00,1637784000,1.11988,1.12751,1.11861,1.1205,6.39688,6.39733,6.39588,6.39608,2343.0,6880.65,5.07,5.077,5.054,5.054,273.0,819.45,4.465,4.471,4.464,4.4695,263.0,1657.8,115.469,115.47,115.368,115.373,1200.0,3439.5,1.33212,1.33336,1.33194,1.33308,806.0,1979.95,78.31,78.38,78.23,78.24,2659.0,13164.65,23.475,23.55,23.475,23.545,733.0,1752.3,0.84064,0.8408,0.84024,0.84057,338.0,842.3,0.9342,0.93427,0.93342,0.9339,154.0,506.7,1784.5,1788.5,1784.3,1788.2,2537.0,6551.0,1.26715,1.26723,1.26589,1.26619,602.0,1178.45,0.7192,0.71994,0.71918,0.7199,168.0,509.35,7.79846,7.79864,7.79846,7.79858,188.0,478.95,2021-11-24 20:00:00,328,-0.5978291414589552,-0.004283226104574767,1.1820855555555556,1.2315995759787248,1.1325715351323864,-0.0766304462275848,0.9994466755912539,0.9932328759833615,-0.012230314145674326,-0.008829601829886888,36.411255938604,9863.714177969769,4,0,1.1310457920703163,1.1099542079296838,2021-11-27 20:00:00,2021-12-22 19:00:00,2022-03-02 06:00:00,0.0
2021-11-29 05:00:00,1638162000,1.1273,1.13214,1.11982,1.12782,6.38368,6.38494,6.38341,6.38439,8006.0,8129.1,5.069,5.11,5.063,5.084,549.0,4866.6,4.339,4.3645,4.3365,4.357,2173.0,1446.1,113.602,113.622,113.243,113.286,4115.0,4736.4,1.33289,1.33419,1.33276,1.33382,877.0,1836.0,71.09,71.39,70.59,71.27,11798.0,34498.1,23.39,23.435,23.35,23.425,1037.0,1871.55,0.84574,0.846,0.84554,0.84556,412.0,1007.2,0.92602,0.92616,0.9251,0.92524,198.0,687.25,1794.7,1797.7,1793.9,1797.5,2729.0,5850.1,1.27478,1.2755,1.27436,1.27496,895.0,1831.85,0.714,0.7143,0.7132,0.71394,359.0,690.1,7.79942,7.79976,7.7993,7.79958,423.0,599.25,2021-11-29 05:00:00,333,-0.5267547528105542,0.006532797858099126,1.1809472222222224,1.2316332476566016,1.130261196787843,-0.07015195902148012,0.9995389335177599,0.9957249103467769,-0.012477960972619107,-0.009559273658433332,37.790489810511275,9865.529281055993,4,0,1.1386213180123372,1.1170186819876626,2021-12-02 05:00:00,2022-01-12 13:00:00,2022-01-31 12:00:00,0.0
2021-11-30 16:00:00,1638288000,1.12587,1.1383,1.1235,1.12877,6.37712,6.38035,6.37607,6.37863,33815.0,11450.95,4.502,4.593,4.484,4.574,14132.0,3894.35,4.286,4.29,4.2705,4.2735,7752.0,2293.0,113.532,113.708,113.118,113.204,16989.0,6113.85,1.32324,1.32522,1.31948,1.32513,11494.0,2798.0,67.16,67.34,65.73,66.1,65564.0,23127.7,22.86,22.925,22.745,22.825,8247.0,2691.15,0.85084,0.85258,0.85018,0.85182,5956.0,1415.85,0.9249,0.92667,0.92094,0.92172,2691.0,709.7,1786.0,1786.3,1772.1,1775.7,41167.0,9869.95,1.28258,1.28374,1.279,1.28104,8627.0,2229.15,0.70918,0.71014,0.70628,0.70898,3603.0,821.45,7.79645,7.79731,7.79556,7.79688,2348.0,791.8,2021-11-30 16:00:00,334,-0.5120551783114646,0.0008423329964002413,1.1799165277777777,1.2317893843841334,1.128043671171422,-0.06367326744295954,0.9974308317903557,0.9890802073267151,-0.012454003803158642,-0.010138219687378394,38.74890081567061,9865.39860509617,4,0,1.139517075623056,1.1180229243769444,2021-12-03 16:00:00,2022-01-12 13:00:00,2022-01-31 12:00:00,0.0
2021-12-03 03:00:00,1638500400,1.12953,1.13598,1.12795,1.12941,6.37552,6.37594,6.37302,6.37332,5247.0,7811.1,4.129,4.139,4.122,4.138,174.0,5290.05,4.286,4.297,4.281,4.296,555.0,1919.45,113.118,113.194,113.084,113.186,1727.0,4018.65,1.32846,1.32896,1.32833,1.32864,450.0,1678.8,67.21,67.85,67.05,67.74,6485.0,27259.6,22.34,22.395,22.325,22.395,475.0,1898.5,0.85026,0.85042,0.84998,0.85007,227.0,790.7,0.92019,0.92067,0.91998,0.92067,75.0,414.1,1772.0,1774.8,1771.8,1773.8,2585.0,7646.65,1.2828,1.28281,1.28181,1.28208,415.0,1876.95,0.70678,0.70726,0.70629,0.70698,263.0,555.4,7.79034,7.79068,7.7903,7.79043,246.0,816.55,2021-12-03 03:00:00,337,-0.4670649248774303,0.0005669888462662698,1.1789436111111111,1.2319450139419235,1.1259422082802988,-0.060176083037270234,1.0001062501660158,0.9943220831352664,-0.01224225384072497,-0.010559026518047712,39.28604202991651,9863.430570312526,4,0,1.1401554389163449,1.1186645610836552,2021-12-06 03:00:00,2022-01-12 13:00:00,2022-01-31 12:00:00,0.0
2021-12-07 14:00:00,1638885600,1.12402,1.13338,1.12274,1.12456,6.37002,6.37069,6.36685,6.367,16162.0,6940.25,3.756,3.773,3.728,3.76,8071.0,3334.2,4.339,4.363,4.335,4.3555,5284.0,1924.15,113.766,113.77,113.62,113.653,4913.0,2611.8,1.32266,1.32354,1.32089,1.32348,2481.0,1144.0,71.47,72.18,70.9,72.17,41956.0,11684.55,22.285,22.465,22.255,22.38,4967.0,1312.0,0.8498,0.85077,0.8495,0.8497,1397.0,569.95,0.92662,0.92701,0.92503,0.92542,669.0,304.75,1775.9,1782.8,1774.3,1780.6,15896.0,4458.8,1.2673,1.26862,1.26602,1.26602,1685.0,832.45,0.70985,0.71069,0.70882,0.71053,595.0,351.0,7.79666,7.79762,7.7959,7.79622,659.0,1479.5,2021-12-07 14:00:00,341,-0.4051645224207563,-0.004294277543142044,1.1777166666666667,1.2316119966271455,1.123821336706188,-0.07562233829132446,0.9995198121932134,0.9917415165257901,-0.012323734595618863,-0.010911968133561942,36.12402613722041,9859.701970051636,4,0,1.1347964714578171,1.1143235285421829,2021-12-10 14:00:00,2022-01-12 13:00:00,2022-03-02 06:00:00,0.0
2021-12-10 11:00:00,1639134000,1.12686,1.13548,1.12366,1.12679,6.3739,6.37664,6.37215,6.3746,4520.0,7146.65,3.885,3.897,3.832,3.846,1850.0,2691.6,4.336,4.353,4.335,4.3355,1413.0,1165.1,113.731,113.792,113.725,113.766,2497.0,2508.35,1.31907,1.32043,1.31874,1.31991,1528.0,855.1,71.32,71.78,71.25,71.65,8781.0,9666.75,21.895,21.91,21.865,21.895,816.0,1322.55,0.85429,0.85448,0.85358,0.85366,916.0,463.95,0.92457,0.92524,0.92444,0.92487,222.0,230.85,1771.4,1773.0,1770.8,1772.4,2633.0,3701.3,1.2714,1.2718,1.26968,1.2699,805.0,695.15,0.7149,0.7158,0.71472,0.71548,259.0,253.25,7.80008,7.80035,7.79972,7.79976,337.0,543.0,2021-12-10 11:00:00,344,-0.3574644155648613,0.00198299779469302,1.1764743055555558,1.2308889322994485,1.122059678811663,-0.07639125019912921,1.0000621233770268,0.9924084968471483,-0.012069239636112616,-0.011143422434072077,35.90050755020334,9854.321777626841,4,0,1.137028407639062,1.116551592360938,2021-12-13 11:00:00,2022-01-12 13:00:00,2022-01-31 12:00:00,0.0
2021-12-15 13:00:00,1639573200,1.12632,1.1324,1.12537,1.12734,6.37338,6.37513,6.37148,6.37312,12938.0,5858.6,3.893,3.926,3.86,3.871,5251.0,2113.4,4.201,4.204,4.176,4.1805,7780.0,1939.0,113.884,113.897,113.798,113.842,4999.0,2003.2,1.32575,1.32627,1.32462,1.3256,2133.0,786.65,69.93,70.21,69.55,70.12,17262.0,6877.6,21.855,21.915,21.77,21.885,5147.0,1214.15,0.84956,0.85052,0.84956,0.85044,1285.0,481.25,0.92484,0.9252,0.92436,0.9245,649.0,167.4,1771.8,1773.9,1769.6,1772.2,10578.0,3461.25,1.28721,1.28862,1.28643,1.28764,1972.0,630.7,0.71429,0.71516,0.71394,0.71478,577.0,217.45,7.80161,7.80178,7.80147,7.80178,273.0,379.55,2021-12-15 13:00:00,349,-0.2759129450029604,0.0004881122480675515,1.1753631944444445,1.2304838002207052,1.1202425886681837,-0.06855871713767181,0.9990952152855394,0.9946308724832214,-0.011688433162013956,-0.011252424579660454,37.04914848151267,9847.386009564047,4,0,1.1374505754131974,1.1172294245868026,2021-12-18 13:00:00,2022-01-12 13:00:00,2022-01-31 12:00:00,0.0
2021-12-17 16:00:00,1639756800,1.1274,1.13604,1.12218,1.12768,6.385,6.38662,6.3837,6.38416,11354.0,8974.75,3.756,3.814,3.749,3.785,8727.0,2186.15,4.3035,4.306,4.284,4.2925,2443.0,1570.8,113.635,113.65,113.536,113.566,4702.0,3756.5,1.3263,1.32739,1.32566,1.32686,2113.0,1287.2,70.83,71.16,70.61,70.73,29272.0,10020.45,22.54,22.54,22.475,22.52,2301.0,1619.05,0.85004,0.85034,0.8494,0.84987,1219.0,766.4,0.92225,0.92304,0.92192,0.92271,478.0,319.35,1805.3,1807.4,1803.1,1807.0,9067.0,6220.5,1.28242,1.2835,1.28122,1.28304,2499.0,1234.65,0.71516,0.71582,0.71443,0.71491,612.0,408.15,7.80129,7.80198,7.80107,7.80177,417.0,457.45,2021-12-17 16:00:00,351,-0.2426868445825954,0.00030159490482017937,1.1741981944444444,1.2297594784951866,1.1186369103937022,-0.07174636054429195,0.9997517026106696,0.9923946339917609,-0.011229756486728526,-0.011247890961074068,36.24827857564434,9838.98562251793,4,0,1.1377286577281114,1.1176313422718887,2021-12-20 16:00:00,2022-01-12 13:00:00,2022-01-31 12:00:00,0.0
2021-12-22 19:00:00,1640199600,1.13256,1.13425,1.12347,1.13326,6.3778,6.37794,6.37653,6.37655,3656.0,6404.35,4.003,4.009,3.951,3.956,6609.0,2367.65,4.3915,4.392,4.3865,4.3905,472.0,1821.95,114.205,114.21,114.168,114.173,951.0,2259.0,1.3352,1.33597,1.3349,1.3359,446.0,1083.55,72.51,73.03,72.31,72.88,24630.0,11415.95,22.785,22.84,22.75,22.84,2603.0,1610.05,0.84825,0.8485,0.84812,0.84832,247.0,645.55,0.92014,0.9203,0.91972,0.91972,127.0,280.35,1802.9,1804.9,1802.6,1804.8,4975.0,4951.05,1.28516,1.28661,1.2842,1.28434,768.0,777.45,0.7215,0.7216,0.721,0.72148,186.0,277.25,7.80104,7.80134,7.80073,7.80074,94.0,408.95,2021-12-22 19:00:00,356,-0.1584517749608363,0.004948212258796714,1.172967638888889,1.2281704709751486,1.1177648068026294,-0.0752758529232693,0.9993823129731925,0.9985100286532952,-0.010297291781171891,-0.011057771125093633,35.24612002930796,9829.23366722756,4,0,1.1431594837904502,1.1233605162095497,2021-12-25 19:00:00,2022-02-04 17:00:00,2022-01-27 07:00:00,0.0
2021-12-30 09:00:00,1640854800,1.13018,1.1369,1.12738,1.13018,6.37528,6.37625,6.37361,6.37408,5705.0,4985.5,3.947,3.949,3.902,3.929,1002.0,4978.5,4.4075,4.409,4.403,4.407,580.0,1261.9,115.166,115.198,115.13,115.168,2057.0,1899.65,1.34562,1.34638,1.34544,1.34596,742.0,689.1,76.4,76.47,76.1,76.32,6239.0,10870.1,22.75,22.75,22.725,22.725,394.0,1587.25,0.83992,0.84013,0.83944,0.83972,522.0,482.3,0.918,0.91814,0.91766,0.91788,294.0,221.15,1801.9,1802.5,1799.8,1800.6,2813.0,5518.2,1.28083,1.28128,1.28048,1.28062,399.0,588.3,0.72498,0.7259,0.7249,0.72572,184.0,259.5,7.79809,7.7986,7.79787,7.79836,270.0,365.5,2021-12-30 09:00:00,364,-0.0215013727408137,-0.0027178229179535274,1.1717572222222221,1.226836056910988,1.1166783875334563,-0.0742830237612154,1.0,0.994089189902366,-0.009695078216634068,-0.01078523254340172,35.4171547136977,9818.195277874815,4,0,1.140036812041456,1.120323187958544,2022-01-02 09:00:00,2022-01-12 13:00:00,2022-01-27 07:00:00,0.0
2022-01-04 15:00:00,1641308400,1.12851,1.13864,1.12724,1.13092,6.37706,6.37738,6.372,6.37417,14086.0,7381.65,3.794,3.804,3.721,3.75,15742.0,3203.3,4.452,4.4675,4.4485,4.455,6527.0,1982.15,116.241,116.26,116.039,116.141,7101.0,2759.9,1.35175,1.35573,1.35175,1.3553,2861.0,984.35,77.39,77.56,77.08,77.2,27036.0,10483.4,23.07,23.14,23.005,23.08,5469.0,1720.7,0.83479,0.83563,0.83402,0.83443,2030.0,631.65,0.9167,0.91674,0.91372,0.91416,899.0,310.4,1810.8,1817.2,1807.9,1815.0,26522.0,6629.95,1.27129,1.27153,1.26676,1.26758,2582.0,704.25,0.72157,0.72491,0.72157,0.72463,824.0,280.5,7.7941,7.7946,7.79392,7.79418,876.0,478.65,2022-01-04 15:00:00,4,0.0687554084811394,0.0006547629581128422,1.1705513888888888,1.2253474807928681,1.1157552969849094,-0.07396522103626253,0.9978689916174441,0.991103421625799,-0.009053741911464686,-0.010438934417014314,35.48840008023001,9805.951923010754,4,0,1.140786785200792,1.1210532147992078,2022-01-07 15:00:00,2022-01-12 13:00:00,2022-01-27 07:00:00,0.0
2022-01-07 13:00:00,1641560400,1.12975,1.13465,1.12772,1.13017,6.38646,6.39136,6.37996,6.38927,38348.0,7907.6,3.863,3.93,3.853,3.925,7802.0,2165.1,4.3605,4.383,4.3435,4.3555,6549.0,1415.65,115.854,115.93,115.692,115.854,9995.0,2274.05,1.35432,1.35656,1.35298,1.35393,5638.0,806.5,79.99,80.42,79.92,79.96,19373.0,7908.1,22.13,22.295,21.945,22.115,11198.0,1623.5,0.8342,0.83523,0.83402,0.83471,2740.0,457.9,0.92244,0.92326,0.92148,0.92277,1888.0,264.7,1789.0,1796.3,1781.3,1788.6,45256.0,5636.45,1.27228,1.27251,1.26792,1.27231,4802.0,814.75,0.71502,0.71696,0.71301,0.71394,2025.0,304.75,7.80036,7.80082,7.79964,7.8007,1060.0,584.35,2022-01-07 13:00:00,7,0.1201261651823505,-0.0006631768825381412,1.1692395833333336,1.2233025092609835,1.1151766574056836,-0.08026252790502884,0.9996283744923331,0.9956814876834267,-0.008507922961130232,-0.010052732125837498,33.88280263472237,9792.57420512006,4,0,1.139865095108732,1.1204749048912679,2022-01-10 13:00:00,2022-01-12 13:00:00,2022-01-27 07:00:00,0.0
2022-01-12 13:00:00,1641992400,1.13636,1.14152,1.1285,1.141,6.37158,6.37205,6.36554,6.36681,21697.0,5938.4,4.43,4.455,4.407,4.454,7826.0,3163.9,4.5385,4.5835,4.5205,4.576,13649.0,3303.8,115.428,115.487,115.114,115.21,7070.0,1956.2,1.36369,1.36838,1.36361,1.36771,4147.0,774.05,81.48,82.27,81.44,82.15,25480.0,9138.05,22.83,23.025,22.82,22.945,7684.0,1610.35,0.83328,0.83438,0.83281,0.83424,2716.0,451.3,0.92267,0.923,0.91878,0.91924,1687.0,289.15,1819.2,1825.5,1816.6,1821.2,31129.0,5309.95,1.25466,1.25495,1.25136,1.2518,3136.0,725.9,0.72132,0.72528,0.72108,0.72495,1526.0,273.7,7.7951,7.7951,7.79408,7.79418,523.0,387.1,2022-01-12 13:00:00,12,0.2049661139694953,0.00958262916198449,1.1681475,1.2212496384943716,1.1150453615056282,-0.06664246317842007,0.9959333917616127,0.9954797112621767,-0.007119399020427686,-0.009466065504755537,36.84457085494398,9778.187022479578,4,0,1.1511659268633754,1.1308340731366249,2022-01-15 13:00:00,,2022-01-27 07:00:00,0.0
2022-01-17 05:00:00,1642395600,1.1419,1.14827,1.13946,1.1419,6.35244,6.35284,6.34832,6.35006,5861.0,8149.2,4.298,4.304,4.272,4.28,1549.0,3543.3,4.422,4.433,4.418,4.4295,913.0,2777.8,114.411,114.498,114.41,114.493,1256.0,2885.7,1.36778,1.36792,1.36726,1.36738,474.0,1355.2,83.46,83.63,83.45,83.55,1426.0,11209.95,23.035,23.045,23.0,23.01,703.0,2188.2,0.83486,0.83518,0.83482,0.83509,158.0,671.1,0.91432,0.9146,0.91413,0.9144,85.0,388.25,1819.0,1820.1,1817.6,1819.0,1496.0,6804.5,1.25404,1.25468,1.25391,1.25421,339.0,1238.4,0.72066,0.72087,0.72035,0.72039,205.0,455.2,7.78676,7.78704,7.78618,7.78628,335.0,729.65,2022-01-17 05:00:00,17,0.2882906407095177,0.0007887817703766675,1.1670619444444443,1.2190431356949134,1.1150807531939753,-0.06620649613825604,1.0,0.9944525242321057,-0.005878596513946732,-0.008748571706593777,36.94373914205535,9762.860179929525,4,0,1.1520786155103553,1.1317213844896448,2022-01-20 05:00:00,,2022-01-24 15:00:00,0.0
2022-01-19 21:00:00,1642626000,1.13458,1.14344,1.13147,1.13422,6.3502,6.35124,6.34972,6.3512,1952.0,6478.1,4.016,4.023,4.012,4.019,747.0,3843.05,4.448,4.45,4.445,4.45,469.0,2515.8,114.287,114.329,114.258,114.327,1139.0,3091.55,1.36188,1.36206,1.36122,1.36122,267.0,1481.2,85.41,85.57,84.99,85.03,4963.0,14303.3,24.235,24.235,24.185,24.195,738.0,3292.35,0.83309,0.8334,0.83302,0.8333,217.0,736.45,0.91559,0.91586,0.91531,0.91586,112.0,378.7,1843.0,1843.0,1840.4,1840.7,2601.0,11583.75,1.25023,1.25152,1.24998,1.25152,588.0,1359.4,0.72168,0.72182,0.72114,0.72117,162.0,463.8,7.78984,7.78984,7.78952,7.7898,220.0,536.85,2022-01-19 21:00:00,19,0.321057654185271,-0.006725632717400787,1.1658644444444444,1.2168200525078714,1.1149088363810173,-0.07326625944557595,1.000317398740985,0.9922514517596025,-0.005452114817826814,-0.008089280328840385,35.94025177744443,9746.617989326282,4,0,1.1444429785635266,1.1239970214364732,2022-01-22 21:00:00,2022-02-04 17:00:00,2022-01-27 07:00:00,0.0
2022-01-24 15:00:00,1643036400,1.12988,1.1369,1.12904,1.1309,6.3347,6.3377,6.33359,6.33537,19809.0,9316.9,3.985,4.062,3.95,4.056,2920.0,1089.25,4.4075,4.4395,4.398,4.422,7737.0,2815.25,113.836,114.0,113.814,113.938,8391.0,3070.0,1.34758,1.3481,1.34444,1.34644,5102.0,1511.15,82.86,83.49,82.15,83.09,61482.0,14253.7,23.71,23.805,23.595,23.705,12428.0,2784.75,0.83844,0.84034,0.83832,0.83992,2678.0,841.2,0.91471,0.91554,0.9137,0.91554,1215.0,388.2,1834.0,1835.9,1829.3,1834.3,23271.0,6648.35,1.26499,1.26808,1.26426,1.26625,6079.0,1565.35,0.71041,0.71188,0.70906,0.71088,1988.0,558.2,7.78452,7.78598,7.78432,7.78457,1297.0,848.15,2022-01-24 15:00:00,24,0.4012289854475009,-0.0029271217224171586,1.1646716666666665,1.214806749657305,1.1145365836760281,-0.07319424937782198,0.9990980634892563,0.9938253144515788,-0.005320687679068126,-0.007535561798885933,35.980148883374724,9729.505694706399,4,0,1.1410920616658886,1.1207079383341114,2022-01-27 15:00:00,2022-02-04 17:00:00,2022-01-27 07:00:00,-1.0
2022-01-27 07:00:00,1643266800,1.12194,1.13352,1.11965,1.11986,6.35408,6.36578,6.3528,6.36424,21487.0,11059.9,4.156,4.175,4.038,4.083,2159.0,1082.75,4.4165,4.4415,4.4165,4.439,1920.0,2654.0,114.664,114.796,114.626,114.764,3773.0,3551.7,1.34278,1.343,1.3412,1.34137,1897.0,1949.5,86.69,87.15,86.64,86.97,6396.0,15834.25,23.16,23.26,23.13,23.14,2232.0,2909.7,0.83553,0.83556,0.83478,0.83486,1109.0,867.05,0.92443,0.92638,0.92443,0.92616,465.0,496.8,1809.4,1814.8,1809.3,1810.0,4536.0,9166.05,1.27164,1.27274,1.271,1.27249,2377.0,3194.25,0.70676,0.70757,0.70654,0.70688,943.0,990.15,7.79044,7.79082,7.78989,7.7899,494.0,968.75,2022-01-27 07:00:00,27,0.4479449394078911,-0.009762136351578299,1.1633001388888888,1.2128493174745383,1.1137509603032394,-0.08450718744292593,1.0018573750290214,0.9897840355706118,-0.006037766841817893,-0.007236002807472325,34.34974167168535,9711.528574742115,4,0,1.1301899126159407,1.1095300873840594,2022-01-30 07:00:00,2022-02-04 17:00:00,2022-03-03 16:00:00,0.0
2022-01-31 12:00:00,1643630400,1.11594,1.12064,1.11214,1.11564,6.38007,6.38326,6.37997,6.38157,6512.0,6035.95,4.938,4.953,4.865,4.914,3376.0,5081.85,4.3395,4.3415,4.3185,4.328,2315.0,2134.2,115.515,115.517,115.396,115.446,3273.0,2135.0,1.34037,1.34216,1.33932,1.34199,2722.0,1137.8,87.13,87.43,86.81,87.26,10712.0,9524.8,22.53,22.655,22.455,22.625,1716.0,1579.85,0.83253,0.83312,0.83107,0.83132,1371.0,524.35,0.93398,0.93412,0.93274,0.93281,546.0,247.8,1792.8,1793.0,1790.9,1792.4,3640.0,4096.3,1.27423,1.27754,1.27416,1.27446,1513.0,1026.95,0.70474,0.70534,0.70376,0.70524,456.0,411.75,7.79824,7.79826,7.7981,7.7981,248.0,752.2,2022-01-31 12:00:00,31,0.5083564379375122,-0.0037683281838801763,1.1618829166666667,1.2109577980459796,1.1128080352873537,-0.08751917771564463,1.00026890394751,0.9958059680182751,-0.006867412717569632,-0.007162284789491787,33.9952318213188,9692.725995024171,4,0,1.1259531255807473,1.1053268744192526,2022-02-03 12:00:00,2022-02-03 08:00:00,2022-03-04 12:00:00,1.0
2022-02-03 08:00:00,1643875200,1.12974,1.13304,1.11528,1.12953,6.36787,6.36998,6.36684,6.36705,4834.0,3907.15,5.234,5.249,5.206,5.239,1236.0,9787.45,4.478,4.479,4.466,4.4725,1137.0,2141.95,114.581,114.7,114.578,114.677,3171.0,2278.05,1.35583,1.35609,1.35492,1.35577,2325.0,1145.5,88.02,88.14,87.7,87.75,9026.0,14925.05,22.555,22.56,22.505,22.52,829.0,1574.45,0.83323,0.83384,0.83286,0.83308,1036.0,497.65,0.92048,0.92212,0.92044,0.9215,641.0,331.65,1804.9,1805.6,1803.0,1805.5,3266.0,5062.0,1.26868,1.27069,1.26826,1.26959,1321.0,978.95,0.71301,0.71307,0.71186,0.71267,471.0,392.75,7.79536,7.79552,7.79464,7.79478,415.0,574.0,2022-02-03 08:00:00,34,0.5521013427459208,0.012450252769710568,1.1607330555555557,1.2088852324784036,1.1125808786327078,-0.07073426220276044,1.0001859180367056,0.9970874814657911,-0.006331124868456772,-0.006996052805284784,37.35296813418472,9673.22536231426,4,0,1.1405485489839882,1.1185114510160115,2022-02-06 08:00:00,2022-02-04 17:00:00,2022-02-24 13:00:00,1.0
2022-02-04 17:00:00,1643994000,1.14522,1.14839,1.12672,1.14544,6.36353,6.364,6.36163,6.36366,5809.0,7803.5,4.762,4.767,4.66,4.682,11118.0,3409.7,4.472,4.4895,4.4695,4.4865,3276.0,2212.7,115.228,115.251,115.164,115.249,1702.0,3518.95,1.3542,1.35454,1.35334,1.3535,1217.0,1984.9,92.66,92.8,92.33,92.33,15628.0,12577.7,22.45,22.485,22.42,22.475,1500.0,1932.8,0.84566,0.8467,0.84563,0.84629,656.0,973.4,0.92496,0.92505,0.924,0.92505,362.0,578.85,1807.6,1809.2,1806.2,1806.9,4744.0,8007.4,1.27606,1.27661,1.27547,1.27619,1392.0,1530.9,0.70664,0.70734,0.7065,0.7068,414.0,627.55,7.78939,7.79036,7.78914,7.78924,905.0,528.3,2022-02-04 17:00:00,35,0.5663619330814524,0.014085504590404918,1.1599720833333333,1.2073173216753377,1.112626844991329,-0.04672436242917455,0.9998079340690039,0.9972396137200775,-0.004569632965380599,-0.006510768837303948,41.72681424214057,9652.607802287122,4,0,1.15705994513475,1.13382005486525,2022-02-07 17:00:00,,2022-02-14 15:00:00,0.0
2022-02-09 17:00:00,1644426000,1.14346,1.14642,1.13962,1.14374,6.36597,6.36618,6.36475,6.36499,4951.0,6148.05,4.016,4.022,3.983,4.011,7697.0,2758.0,4.583,4.614,4.5825,4.6015,10251.0,3981.0,115.458,115.459,115.375,115.44,1832.0,2053.55,1.35392,1.35567,1.35302,1.35388,1760.0,1006.1,89.01,89.73,88.91,89.28,20072.0,11157.5,23.265,23.365,23.265,23.32,2970.0,1344.1,0.84453,0.84508,0.84372,0.84478,1018.0,597.3,0.92338,0.92386,0.92266,0.92338,462.0,285.9,1833.7,1837.1,1833.7,1835.2,10991.0,5340.75,1.26768,1.26804,1.26655,1.2669,1114.0,613.55,0.71812,0.71899,0.71806,0.71839,340.0,291.75,7.79158,7.79162,7.79054,7.79106,646.0,457.0,2022-02-09 17:00:00,40,0.6350683134867438,-0.0014841458304232225,1.159311527777778,1.2062087915388735,1.1124142640166823,-0.04074155342320505,0.9997551891164075,0.9974180492315207,-0.0032730836627947735,-0.0058632318024021135,42.658227848101276,9630.941567381418,4,0,1.1551954499787662,1.1322845500212337,2022-02-12 17:00:00,,2022-02-14 15:00:00,0.0
2022-02-11 18:00:00,1644602400,1.13967,1.1495,1.13418,1.13508,6.36002,6.36712,6.35992,6.36683,19010.0,9457.9,3.911,4.024,3.883,3.924,15643.0,2960.4,4.5105,4.515,4.4585,4.4815,5724.0,4685.95,115.886,115.928,115.282,115.375,10179.0,2913.2,1.36014,1.36064,1.35595,1.35705,6858.0,2048.35,91.95,94.66,91.82,94.16,68373.0,13772.7,23.34,23.595,23.32,23.53,7697.0,2399.35,0.8379,0.83836,0.83594,0.8364,2280.0,858.75,0.9258,0.92766,0.92498,0.92559,2547.0,588.55,1842.0,1862.5,1841.0,1859.2,46915.0,9154.8,1.26714,1.27208,1.26694,1.272,6790.0,1583.85,0.71797,0.71822,0.71334,0.71463,2966.0,771.9,7.79889,7.80146,7.79876,7.79932,1850.0,921.55,2022-02-11 18:00:00,42,0.6612634749656386,-0.007571650899679927,1.1585590277777778,1.2052452789927028,1.1118727765628527,-0.04662813192487953,1.0040437678401521,0.9914484558503697,-0.0029107947942415002,-0.005272744400769991,41.803824276897046,9608.26094883405,4,0,1.146599152878037,1.1235608471219631,2022-02-14 18:00:00,,2022-02-24 13:00:00,0.0
2022-02-14 15:00:00,1644850800,1.13201,1.13692,1.12916,1.1306,6.35947,6.36342,6.35754,6.35754,14753.0,7620.65,4.11,4.143,4.102,4.129,6898.0,2981.45,4.4785,4.4875,4.471,4.4845,3409.0,2512.4,115.527,115.648,115.468,115.587,12589.0,7886.15,1.3535,1.35396,1.35096,1.35131,16885.0,8615.5,93.35,93.73,92.78,93.57,27825.0,14922.8,23.9,23.96,23.815,23.885,4935.0,2276.55,0.83636,0.83711,0.8353,0.83665,6832.0,3303.85,0.92612,0.92725,0.9258,0.92617,5992.0,3360.6,1868.4,1872.8,1866.0,1870.0,25999.0,9872.95,1.27316,1.2749,1.27215,1.27466,13467.0,6556.8,0.71276,0.71302,0.71138,0.71193,10432.0,4943.75,7.80205,7.80305,7.80058,7.80059,1335.0,1314.05,2022-02-14 15:00:00,45,0.6990793005655562,-0.003946858371216111,1.1576809722222223,1.2040541479507723,1.1113077964936724,-0.05440978457802122,1.0012471254201307,0.9956813144284559,-0.0029511577058394245,-0.004808427061783878,40.43396683210265,9584.617799737425,4,0,1.1420427576219956,1.1191572423780047,2022-02-17 15:00:00,,2022-02-24 13:00:00,0.0
2022-02-15 16:00:00,1644940800,1.13548,1.13684,1.12801,1.13626,6.33909,6.33914,6.33613,6.33744,7670.0,11286.7,4.256,4.336,4.252,4.308,8356.0,3176.7,4.509,4.542,4.5075,4.5325,3988.0,2072.3,115.746,115.746,115.634,115.636,5326.0,6041.8,1.35214,1.35417,1.35207,1.35396,8485.0,6848.2,90.85,91.92,90.77,91.78,30410.0,13132.15,23.21,23.315,23.185,23.315,2964.0,2318.3,0.83976,0.8399,0.83914,0.83922,4020.0,3009.9,0.92665,0.92678,0.92578,0.92586,3933.0,3029.2,1849.2,1853.9,1847.6,1853.7,10112.0,9519.6,1.27596,1.27634,1.27427,1.27446,7086.0,5174.75,0.714,0.71513,0.71366,0.71504,4747.0,4188.7,7.80208,7.80288,7.80139,7.80139,697.0,732.45,2022-02-15 16:00:00,46,0.7112757519738151,0.005006191402795013,1.1568713888888889,1.2026652995863074,1.1110774781914703,-0.05002737807498026,0.9993135373946104,0.9988037014883361,-0.0024976396712699245,-0.004346269583681088,41.30959835405673,9560.107144122185,4,0,1.1478575029972122,1.1246624970027879,2022-02-18 16:00:00,,2022-02-24 03:00:00,0.0
2022-02-17 04:00:00,1645070400,1.13366,1.1396,1.13232,1.13423,6.33588,6.33764,6.33074,6.33378,21800.0,7704.35,4.671,4.738,4.671,4.716,1164.0,4683.25,4.4885,4.5385,4.4655,4.523,4605.0,2148.95,115.181,115.305,115.136,115.264,17883.0,6561.2,1.35616,1.35877,1.35558,1.35718,21465.0,8158.05,90.7,91.46,90.57,90.62,11669.0,14484.6,23.515,23.58,23.485,23.54,1668.0,1714.85,0.83593,0.8364,0.83524,0.83574,7730.0,3175.35,0.92254,0.92291,0.92148,0.92215,7162.0,3101.75,1877.5,1878.9,1874.1,1876.2,9352.0,7126.7,1.27248,1.27346,1.27001,1.27232,19017.0,6478.5,0.71568,0.71967,0.71496,0.71704,14411.0,4720.05,7.80132,7.80235,7.80063,7.80068,1272.0,547.05,2022-02-17 04:00:00,48,0.7350336741329412,-0.001786562934539604,1.1560831944444443,1.2014472710462034,1.1107191178426852,-0.048822491011440185,0.9994974564241819,0.9947876447876447,-0.002275793465595477,-0.003932174360063966,41.50016475451581,9534.785204288522,4,0,1.1457938764712396,1.1226661235287605,2022-02-20 04:00:00,,2022-02-24 13:00:00,0.0
2022-02-18 06:00:00,1645164000,1.1366,1.13863,1.13422,1.1371,6.3324,6.33327,6.32546,6.32775,10107.0,6884.35,4.392,4.487,4.389,4.445,878.0,3434.35,4.533,4.572,4.5295,4.563,4412.0,1839.15,115.212,115.216,115.156,115.174,2833.0,6939.95,1.36096,1.36198,1.36066,1.3619,4558.0,7420.95,89.61,89.85,89.53,89.58,4662.0,12771.2,23.925,24.005,23.915,23.94,1343.0,2048.25,0.83515,0.8354,0.83486,0.835,1599.0,3025.65,0.92128,0.92164,0.92114,0.92125,1805.0,3092.45,1894.0,1895.1,1893.2,1894.2,3087.0,9725.25,1.26938,1.26988,1.26874,1.26909,3356.0,5969.95,0.72026,0.72125,0.71978,0.72108,2049.0,3937.9,7.80026,7.80098,7.80003,7.80014,407.0,716.05,2022-02-18 06:00:00,49,0.7465881145324129,0.0025303509870131524,1.155411527777778,1.2004420953813537,1.110380960174202,-0.04164972326800452,0.999560284935362,0.9982171557046626,-0.001847101498578807,-0.003515159787766934,42.698834470680616,9508.60074536917,4,0,1.1486734479015475,1.1255265520984523,2022-02-21 06:00:00,,2022-02-24 03:00:00,0.0
2022-02-21 13:00:00,1645448400,1.13345,1.13909,1.13132,1.133,6.32665,6.32793,6.32442,6.32625,13417.0,6500.2,4.729,4.832,4.726,4.819,943.0,1071.15,4.5025,4.513,4.492,4.512,2905.0,1283.2,114.872,114.91,114.818,114.858,7819.0,4504.3,1.36148,1.36161,1.35937,1.36046,12642.0,6442.85,90.39,90.96,90.29,90.79,15102.0,12025.8,23.805,23.87,23.78,23.835,2709.0,1168.85,0.83252,0.83308,0.83244,0.83286,4534.0,2483.05,0.91648,0.91738,0.91604,0.91703,3870.0,2186.25,1899.3,1899.7,1896.0,1898.1,7449.0,5243.8,1.27482,1.2756,1.27344,1.27404,9254.0,4814.1,0.7201,0.72138,0.71935,0.72052,7578.0,4110.55,7.80058,7.80072,7.80046,7.80067,256.0,543.15,2022-02-21 13:00:00,52,0.7799125224167177,-0.0036056635300325546,1.1546640277777778,1.1993653226715397,1.1099627328840158,-0.0464084792857631,1.0003971756398942,0.9950486792088422,-0.0018172476611888477,-0.003175577362451317,41.941183517010074,9481.60220533582,4,0,1.1445505015208497,1.1214494984791503,2022-02-24 13:00:00,,2022-02-24 13:00:00,0.0
2022-02-22 16:00:00,1645545600,1.13354,1.1367,1.1288,1.13434,6.32093,6.32355,6.32046,6.32196,10552.0,10274.0,4.599,4.606,4.533,4.546,904.0,435.6,4.5085,4.5125,4.4985,4.505,2783.0,1740.3,115.052,115.088,114.926,114.942,9535.0,8450.0,1.35908,1.36047,1.35862,1.35974,11165.0,8193.05,91.99,92.47,91.78,92.11,32984.0,17924.7,24.215,24.315,24.19,24.29,2826.0,2081.8,0.83406,0.83472,0.83356,0.83424,5113.0,3732.2,0.92126,0.92134,0.92011,0.92044,4637.0,4066.75,1899.7,1905.4,1898.7,1905.0,11764.0,9315.3,1.27338,1.27392,1.27262,1.27359,7720.0,5775.7,0.7224,0.72334,0.72206,0.72259,6033.0,5367.75,7.80133,7.80238,7.801,7.80181,986.0,692.8,2022-02-22 16:00:00,53,0.7905633969115482,0.0011827007943512324,1.1539968055555554,1.1984534563612539,1.109540154749857,-0.04147837231848875,0.9992947440802582,0.9972200228732295,-0.0016662539405991605,-0.0028737126780808858,42.739253974971284,9453.859673132389,4,0,1.145883097720912,1.122796902279088,2022-02-25 16:00:00,,2022-02-24 13:00:00,0.0
2022-02-24 03:00:00,1645671600,1.12733,1.13592,1.1235,1.12382,6.31166,6.31604,6.30938,6.31532,28734.0,9799.65,4.667,4.762,4.664,4.728,2856.0,998.15,4.485,4.4905,4.455,4.464,1711.0,1878.2,115.021,115.077,114.653,114.699,23993.0,6938.2,1.35248,1.35299,1.35115,1.35141,21657.0,8801.55,94.15,95.54,94.13,94.92,32074.0,20185.55,24.885,24.98,24.835,24.9,3488.0,2444.05,0.83347,0.8337,0.83146,0.8316,6637.0,3333.15,0.91867,0.91881,0.91727,0.91785,7194.0,2947.0,1923.5,1934.0,1923.4,1932.0,24979.0,9086.85,1.27535,1.27774,1.27481,1.27692,24892.0,7043.55,0.71972,0.72022,0.71762,0.71854,14300.0,5042.75,7.80604,7.81018,7.8059,7.80811,2096.0,502.05,2022-02-24 03:00:00,55,0.8111602420785621,-0.009274115344605538,1.1531356944444446,1.1974937287709395,1.1087776601179498,-0.05370092210093937,1.0031232759694613,0.9924378477357559,-0.0023681676473668034,-0.0027726036719380696,40.82568807339449,9425.388431021693,4,0,1.1354465905962403,1.1121934094037595,2022-02-27 03:00:00,,2022-03-02 06:00:00,0.0
2022-02-24 13:00:00,1645707600,1.11704,1.12624,1.11528,1.1162,6.3257,6.33035,6.32222,6.33024,21723.0,14824.15,4.821,4.937,4.801,4.885,8566.0,2195.95,4.5235,4.5385,4.509,4.511,2246.0,1564.8,114.792,115.0,114.786,114.905,15435.0,11143.95,1.3396,1.33972,1.33554,1.33589,20398.0,12822.8,99.57,99.94,99.06,99.43,35566.0,23545.85,25.37,25.445,25.3,25.385,4564.0,2709.05,0.83388,0.83584,0.8338,0.83554,9171.0,5484.6,0.92262,0.92461,0.92228,0.92334,9817.0,5083.25,1964.8,1969.1,1957.7,1961.3,22085.0,12489.7,1.28157,1.28302,1.28054,1.28223,15099.0,11921.2,0.71642,0.71684,0.71514,0.7152,9306.0,8017.8,7.8089,7.80956,7.80889,7.80955,366.0,697.35,2022-02-24 13:00:00,55,0.8111602420785621,-0.006780445267035584,1.15215875,1.1966307412408768,1.107686758759123,-0.061111449553312255,1.0007525533058592,0.9918312260264244,-0.003498975621075262,-0.002917878061765508,39.79988399071928,9396.216093967607,4,0,1.1278507119898113,1.104549288010189,2022-02-27 13:00:00,,2022-03-04 12:00:00,0.0
2022-02-25 05:00:00,1645765200,1.12216,1.12288,1.11064,1.12256,6.31622,6.31782,6.31158,6.31164,7917.0,14169.75,4.685,4.688,4.627,4.632,511.0,5518.35,4.5095,4.5105,4.486,4.489,1483.0,1552.75,115.195,115.238,115.164,115.184,4476.0,10264.4,1.34302,1.34368,1.34242,1.34365,7779.0,12342.2,94.85,94.99,94.38,94.44,4517.0,26808.25,24.37,24.42,24.315,24.38,791.0,3015.85,0.83552,0.83571,0.83528,0.83545,1912.0,5754.9,0.92308,0.92338,0.92289,0.92294,1121.0,5655.3,1913.5,1917.9,1912.6,1917.8,3875.0,15635.15,1.27803,1.27868,1.27782,1.27794,4400.0,10961.15,0.71991,0.72041,0.71932,0.71985,5843.0,8467.3,7.80816,7.80835,7.8074,7.80743,344.0,875.1,2022-02-25 05:00:00,56,0.8211001178128892,0.005697903601505017,1.1513295833333332,1.195751189602357,1.1069079770643095,-0.0518160696323787,0.9996436716077537,0.9993587916785408,-0.003837711490834561,-0.0031018447475793186,41.39471863468634,9366.430107552353,4,0,1.1343790237853868,1.1107409762146132,2022-02-28 05:00:00,,2022-03-02 06:00:00,0.0
2022-02-25 19:00:00,1645815600,1.1257,1.1267,1.1166,1.12634,6.31348,6.31482,6.31098,6.311,4473.0,11653.8,4.474,4.507,4.44,4.503,13722.0,3738.0,4.491,4.5035,4.4905,4.5025,747.0,2074.9,115.688,115.689,115.59,115.598,4136.0,8070.35,1.33972,1.34124,1.33944,1.34112,5260.0,10129.0,91.18,92.14,91.13,91.82,29779.0,20683.5,24.095,24.25,24.095,24.245,1891.0,2673.1,0.84027,0.84036,0.83956,0.83986,2580.0,4817.35,0.92696,0.92712,0.92626,0.92643,2177.0,3752.2,1888.0,1892.4,1888.0,1892.0,4411.0,10197.0,1.27393,1.27418,1.27107,1.27111,6883.0,8063.55,0.72175,0.72328,0.72148,0.72325,5292.0,7145.0,7.8086,7.80874,7.80832,7.80833,163.0,443.5,2022-02-25 19:00:00,56,0.8211001178128892,0.0033673033067274094,1.1505715277777777,1.1948072700861572,1.1063357854693983,-0.0473203577593106,0.9994317879148392,0.9991124522943107,-0.003757829776362742,-0.0032330417533360037,42.1876789190427,9336.102432059695,4,0,1.1382473167250051,1.1144326832749947,2022-02-28 19:00:00,,2022-03-02 06:00:00,0.0
2022-02-28 12:00:00,1646049600,1.11991,1.12744,1.11422,1.1193,6.3142,6.31492,6.31212,6.31464,6303.0,8744.4,4.564,4.596,4.544,4.551,1521.0,2484.05,4.5145,4.532,4.5135,4.514,1846.0,1348.65,115.544,115.566,115.501,115.512,4337.0,6949.6,1.33933,1.34042,1.33887,1.33891,8976.0,8282.05,96.05,96.18,94.54,95.09,19170.0,15294.05,24.425,24.47,24.355,24.46,1436.0,1736.3,0.83616,0.83652,0.83515,0.83598,5906.0,5338.1,0.92183,0.9226,0.92164,0.92234,4838.0,4730.05,1907.4,1916.1,1905.9,1915.1,7034.0,6904.65,1.27542,1.27544,1.27224,1.27318,7228.0,7828.75,0.72152,0.72267,0.7214,0.72215,5159.0,5563.9,7.81436,7.81468,7.81406,7.81466,337.0,564.55,2022-02-28 12:00:00,59,0.8494504794814806,-0.006250332936768577,1.1497745833333335,1.1941695731454904,1.1053795935211765,-0.04999342374456975,1.0005449834718128,0.9933211523451358,-0.00421401555817158,-0.003429236514303119,41.852209474042944,9305.254490901192,4,0,1.1312002688409057,1.1073997311590942,2022-03-03 12:00:00,,2022-03-03 16:00:00,0.0
2022-03-01 10:00:00,1646128800,1.11963,1.12468,1.11663,1.11816,6.31554,6.31583,6.31372,6.31466,7075.0,8220.1,4.473,4.512,4.465,4.508,940.0,2909.7,4.532,4.533,4.493,4.521,3276.0,2219.35,114.78,114.891,114.773,114.859,10764.0,6504.7,1.34138,1.34165,1.3387,1.33923,10071.0,6434.2,98.81,99.24,98.41,98.52,15952.0,13314.4,24.56,24.74,24.53,24.7,1510.0,1809.6,0.8347,0.83496,0.83348,0.83492,7372.0,3683.3,0.91646,0.92056,0.91573,0.91981,8239.0,3202.15,1918.9,1927.8,1917.9,1927.7,12407.0,8594.9,1.26692,1.26822,1.26668,1.26669,6686.0,5134.95,0.72737,0.72752,0.72622,0.7273,5547.0,3734.55,7.8158,7.8167,7.8157,7.81665,467.0,656.2,2022-03-01 10:00:00,60,0.8584015232918916,-0.0010184937014204865,1.14889375,1.1932455943889677,1.1045419056110324,-0.05516804869550892,1.0013146597982399,0.9955098339083117,-0.004614343272600907,-0.003666257865962677,40.89734757147778,9273.932598358968,4,0,1.129977646567736,1.106342353432264,2022-03-04 10:00:00,,2022-03-03 16:00:00,0.0
2022-03-02 06:00:00,1646200800,1.1115,1.11863,1.10896,1.10976,6.3139,6.31536,6.3113,6.31444,9184.0,7068.95,4.648,4.703,4.642,4.683,528.0,3578.1,4.5535,4.5705,4.553,4.567,1171.0,2921.75,115.062,115.177,115.026,115.148,5034.0,6724.75,1.3303,1.33132,1.32848,1.32898,7021.0,7214.25,108.01,110.18,107.82,109.71,9665.0,26638.6,25.11,25.225,25.08,25.18,2181.0,3381.6,0.83553,0.83562,0.83494,0.83506,3223.0,4171.35,0.91918,0.91958,0.9188,0.91952,2838.0,3320.8,1937.7,1943.7,1934.9,1941.1,7581.0,10538.6,1.2721,1.27332,1.27153,1.27317,4230.0,8781.9,0.72688,0.72714,0.72527,0.72538,3102.0,4253.95,7.81526,7.81558,7.81506,7.8154,583.0,680.4,2022-03-02 06:00:00,61,0.8670985522812081,-0.00751234170422832,1.147906388888889,1.1925368498194961,1.1032759279582818,-0.06209074241109288,1.0015679065743943,0.9936261319649928,-0.005545490703876332,-0.004042104433545408,40.01629076201444,9242.149348880763,4,0,1.1216212878552991,1.097898712144701,2022-03-05 06:00:00,2023-07-17 12:00:00,2022-03-04 12:00:00,-1.0
2022-03-02 16:00:00,1646236800,1.10686,1.11441,1.10575,1.11026,6.32878,6.3294,6.3194,6.32268,25568.0,10620.65,4.697,4.756,4.649,4.745,9078.0,2447.6,4.6195,4.651,4.615,4.6285,5804.0,3252.15,115.565,115.688,115.531,115.602,17370.0,7970.05,1.3314,1.3373,1.33112,1.33636,27052.0,9729.55,105.91,108.64,105.86,108.59,57322.0,21616.6,25.19,25.205,25.03,25.155,5937.0,2840.95,0.83134,0.83338,0.83068,0.83082,13112.0,5116.15,0.92308,0.9236,0.92092,0.92178,9022.0,3792.25,1928.9,1930.0,1918.3,1920.8,23355.0,9750.45,1.26948,1.27004,1.26562,1.26572,18052.0,9704.65,0.72521,0.72915,0.72472,0.72821,11874.0,4636.3,7.81416,7.81424,7.81268,7.81298,906.0,751.5,2022-03-02 16:00:00,61,0.8670985522812081,0.00045054786620535303,1.1468847222222225,1.1915481865703141,1.1022212578741308,-0.06415227574758536,0.9969376542431502,0.9932251146346498,-0.006171939651982372,-0.0044680714772328016,39.597239506731505,9209.95570724064,4,0,1.1220982633554393,1.0984217366445608,2022-03-05 16:00:00,2023-07-17 12:00:00,2022-03-04 12:00:00,-1.0
2022-03-03 16:00:00,1646323200,1.10618,1.11344,1.10377,1.10543,6.32432,6.32539,6.32166,6.32282,13326.0,8601.15,4.688,4.727,4.678,4.724,7691.0,3143.55,4.7375,4.7515,4.714,4.7235,6135.0,3471.55,115.639,115.668,115.574,115.663,9745.0,5432.4,1.33398,1.33476,1.33174,1.33251,13905.0,7793.6,109.66,110.72,108.94,109.74,29174.0,20952.25,25.15,25.17,25.075,25.095,4465.0,2260.5,0.82924,0.82998,0.82779,0.8296,6139.0,3520.7,0.92034,0.92098,0.91972,0.92048,4555.0,2664.35,1928.4,1932.9,1924.2,1932.4,15578.0,6496.6,1.26668,1.26929,1.26628,1.26757,10455.0,4775.2,0.73196,0.73246,0.7302,0.7315,6790.0,3633.9,7.81404,7.81616,7.81386,7.81523,1119.0,643.6,2022-03-03 16:00:00,62,0.8755389928586301,-0.004350332354583708,1.145748888888889,1.1904120237082507,1.1010857540695271,-0.07137161703032657,1.0006784690120587,0.9934796666187671,-0.006977710883096844,-0.00496999935840561,38.48169014084503,9177.377012601506,4,0,1.1172090359205413,1.0936509640794585,2022-03-06 16:00:00,2023-07-13 11:00:00,2022-03-07 03:00:00,0.0
2022-03-04 12:00:00,1646395200,1.09758,1.10681,1.09342,1.09372,6.32444,6.32637,6.32354,6.32466,5356.0,6947.6,4.836,4.881,4.806,4.858,1722.0,2560.55,4.829,4.837,4.8165,4.825,2635.0,2705.65,115.382,115.447,115.336,115.435,5834.0,7050.2,1.32871,1.32917,1.32594,1.32666,9685.0,8245.2,109.57,111.59,109.42,111.24,12807.0,12630.2,25.31,25.38,25.255,25.27,1508.0,1453.55,0.82607,0.82636,0.82426,0.82443,5330.0,3661.05,0.91782,0.91887,0.91741,0.9185,4459.0,3477.9,1949.3,1952.9,1946.5,1948.3,7485.0,6935.45,1.2745,1.27633,1.27425,1.27592,6640.0,6756.75,0.73632,0.73657,0.7341,0.7342,3924.0,4308.65,7.81496,7.81585,7.81366,7.81512,2235.0,794.0,2022-03-04 12:00:00,63,0.8837203473619977,-0.01059316284160905,1.1444905555555556,1.189845426578495,1.0991356845326161,-0.0795840404735657,1.0035292396591449,0.9916607186418626,-0.008463626111085754,-0.005668724708941639,37.5487878621296,9144.407603700738,4,0,1.1056300130856314,1.0818099869143685,2022-03-07 12:00:00,2022-03-17 18:00:00,2022-04-13 13:00:00,0.0
2022-03-07 03:00:00,1646622000,1.08456,1.09448,1.08215,1.08712,6.32779,6.32844,6.32578,6.32748,8773.0,8920.6,5.069,5.076,5.03,5.046,468.0,4338.55,4.984,5.0175,4.9715,5.0135,1575.0,4018.9,114.928,114.946,114.882,114.894,5004.0,8225.9,1.3199,1.32219,1.31934,1.32086,10837.0,10391.45,125.6,125.6,123.34,124.39,10088.0,20490.5,26.15,26.165,25.92,26.08,2316.0,3093.1,0.82171,0.82348,0.82157,0.823,4862.0,5503.15,0.92062,0.92074,0.91974,0.92006,3514.0,4353.3,1991.7,1995.3,1989.7,1994.9,6999.0,11497.2,1.27247,1.27294,1.2711,1.27174,7893.0,9001.9,0.74111,0.74147,0.73992,0.7412,4941.0,5356.25,7.81674,7.81676,7.81561,7.81583,617.0,1140.2,2022-03-07 03:00:00,66,0.9066860720977984,-0.006034451230662263,1.1432515277777777,1.1899329403901726,1.0965701151653828,-0.07886742472697604,0.9976451541688129,0.9909363350632264,-0.01005784885539529,-0.006546549538232369,37.692795850233125,9111.06464108143,4,0,1.0989368771642696,1.0753031228357306,2022-03-10 03:00:00,2022-03-09 13:00:00,2022-04-25 07:00:00,1.0
2022-03-07 14:00:00,1646661600,1.08976,1.09326,1.0806,1.08914,6.32504,6.32586,6.3233,6.32574,15807.0,9299.95,4.997,5.0,4.849,4.916,14146.0,3867.0,4.796,4.796,4.6815,4.735,12784.0,3548.6,115.3,115.356,115.208,115.33,11795.0,7442.3,1.31732,1.31983,1.31546,1.31552,23112.0,11759.15,118.9,118.92,115.54,117.45,48404.0,18770.85,25.715,25.83,25.555,25.82,6941.0,2961.05,0.82724,0.82848,0.8271,0.82793,11920.0,6329.15,0.92462,0.92552,0.92368,0.92526,8925.0,4687.35,1982.2,1989.7,1970.9,1987.8,24145.0,12105.2,1.27372,1.2767,1.27292,1.2758,15963.0,9553.75,0.73742,0.73768,0.73492,0.73504,10596.0,5929.7,7.81679,7.81679,7.81594,7.81665,653.0,642.0,2022-03-07 14:00:00,66,0.9066860720977984,0.0018581205386709598,1.142080972222222,1.189906508940192,1.0942554355042522,-0.07453416785218707,1.0005692564775879,0.9967985657574595,-0.011031124807713066,-0.007443464592128509,38.344304917851396,9077.402125262046,4,0,1.1009969720989095,1.0772830279010905,2022-03-10 14:00:00,2022-03-09 13:00:00,2022-04-14 13:00:00,1.0
2022-03-08 08:00:00,1646726400,1.08616,1.09218,1.08458,1.08968,6.32133,6.32227,6.31623,6.32118,19266.0,10402.4,4.7,4.721,4.67,4.704,1429.0,3703.55,4.8365,4.856,4.7595,4.766,6281.0,4223.2,115.448,115.578,115.382,115.551,15786.0,6748.75,1.30916,1.31317,1.30875,1.3114,26119.0,10506.75,122.03,122.49,120.15,121.98,17335.0,18555.15,26.445,26.525,26.265,26.43,3788.0,3173.85,0.82964,0.8325,0.82938,0.83094,13826.0,5274.15,0.92686,0.92779,0.92489,0.92706,11291.0,4207.6,2022.9,2027.0,2005.6,2015.1,17658.0,11843.25,1.28338,1.28372,1.28066,1.28315,14327.0,8233.9,0.72758,0.72963,0.7267,0.72742,10679.0,5989.1,7.82196,7.82196,7.82046,7.82058,850.0,616.75,2022-03-08 08:00:00,67,0.9138076496466616,0.0004958040288667309,1.1408581944444445,1.189482840757076,1.0922335481318128,-0.07769629081776494,0.9967696938550767,0.9944880880440954,-0.011624875199896634,-0.008279746713682134,37.69634971211354,9043.464941937702,4,0,1.1014869294569312,1.0778730705430688,2022-03-11 08:00:00,2022-03-10 08:00:00,2022-04-14 13:00:00,1.0
2022-03-08 17:00:00,1646758800,1.08808,1.09562,1.08654,1.09424,6.32466,6.3252,6.32174,6.32358,19127.0,10898.1,4.628,4.646,4.524,4.528,10777.0,3536.9,4.711,4.719,4.6655,4.711,4942.0,3808.6,115.642,115.703,115.573,115.598,14650.0,7757.5,1.30999,1.31389,1.30974,1.31338,27276.0,11883.15,127.83,128.12,119.62,121.97,65917.0,19417.8,27.42,27.495,26.52,26.69,17791.0,4994.5,0.8306,0.83472,0.83042,0.83312,15534.0,6367.55,0.9301,0.93064,0.92788,0.92884,14535.0,4883.2,2076.8,2077.2,2027.1,2035.6,50264.0,15971.05,1.28966,1.28972,1.28584,1.28834,26206.0,8902.9,0.72622,0.7286,0.72605,0.72786,14470.0,6325.1,7.81973,7.82042,7.81869,7.8187,1430.0,814.0,2022-03-08 17:00:00,67,0.9138076496466616,0.004184714778650678,1.1398068055555557,1.1891490924024581,1.0904645187086532,-0.06689240707576438,0.9943705220061411,0.9931180518793011,-0.011593826359586057,-0.008942562642862919,39.324796931407924,9009.313239511966,4,0,1.1060827307821626,1.0823972692178376,2022-03-11 17:00:00,2022-03-17 18:00:00,2022-04-13 13:00:00,0.0
2022-03-09 13:00:00,1646830800,1.09856,1.10166,1.08901,1.10142,6.32391,6.32818,6.32346,6.32692,12144.0,7224.45,4.467,4.525,4.45,4.484,3919.0,2430.95,4.6355,4.654,4.5685,4.5715,10140.0,1981.6,115.845,115.861,115.725,115.768,7284.0,4948.25,1.31507,1.31656,1.31372,1.31614,11567.0,8184.95,119.55,120.66,117.0,117.63,23527.0,14391.25,26.62,26.64,26.325,26.415,8010.0,3640.75,0.83536,0.83696,0.8351,0.83688,6780.0,4153.6,0.92798,0.92861,0.92742,0.92805,4433.0,3060.15,2016.2,2016.5,1989.6,1994.9,36851.0,13053.65,1.28374,1.28412,1.28228,1.28244,7469.0,6323.0,0.733,0.73374,0.73256,0.73275,4933.0,4449.35,7.82092,7.82115,7.82032,7.82071,1018.0,514.6,2022-03-09 13:00:00,68,0.9206588168102428,0.006561631817517233,1.1388841666666667,1.1885824522663533,1.08918588106698,-0.058564195112871864,0.9974033520364619,0.9971860646660493,-0.01086461343501699,-0.009326972801293734,40.76463228138465,8975.015470715729,4,0,1.1134946994978716,1.0893453005021285,2022-03-12 13:00:00,2022-03-30 14:00:00,2022-04-08 02:00:00,0.0
2022-03-10 08:00:00,1646899200,1.1065,1.10952,1.10042,1.10329,6.3266,6.33027,6.32628,6.32988,8897.0,7197.85,4.539,4.632,4.536,4.622,1172.0,2481.8,4.604,4.627,4.5965,4.6095,1580.0,2459.7,115.924,115.944,115.813,115.886,9041.0,5352.55,1.31942,1.31947,1.31466,1.31586,16495.0,8583.65,110.99,113.0,110.87,111.99,16715.0,19826.15,25.705,25.905,25.685,25.78,1631.0,3127.15,0.83864,0.83986,0.83808,0.83844,7125.0,4387.35,0.92731,0.92778,0.92668,0.92711,4695.0,3188.0,1981.3,1993.7,1980.8,1989.0,9102.0,11811.9,1.27952,1.2832,1.2794,1.28318,9307.0,5932.9,0.73449,0.73462,0.7327,0.73331,6541.0,3778.65,7.81992,7.82036,7.81886,7.8195,818.0,497.0,2022-03-10 08:00:00,69,0.9272375462179538,0.0016978082838516872,1.1378923611111111,1.187541506855624,1.0882432153665982,-0.06271617082259269,1.0029094798285128,0.9972781022424111,-0.010020305719927292,-0.009465639385020446,39.93289536752471,8940.613406122402,4,0,1.115275799231807,1.091304200768193,2022-03-13 08:00:00,2022-03-30 14:00:00,2022-04-06 04:00:00,0.0
2022-03-10 15:00:00,1646924400,1.10163,1.11216,1.09802,1.10187,6.32843,6.32956,6.32752,6.32805,11845.0,7043.5,4.59,4.628,4.544,4.576,8348.0,1695.2,4.655,4.658,4.627,4.6445,3368.0,1623.8,116.181,116.19,115.926,115.978,11817.0,6171.75,1.31328,1.31422,1.31188,1.31298,17565.0,10038.85,110.7,111.33,107.1,109.82,41121.0,12511.25,26.265,26.335,26.02,26.275,7088.0,2240.15,0.83886,0.83969,0.83664,0.83923,10318.0,5863.55,0.93034,0.93076,0.92712,0.92738,8547.0,4285.25,2002.0,2005.3,1986.7,2000.6,22669.0,9120.15,1.27836,1.27922,1.27582,1.2782,13971.0,6214.75,0.73448,0.73626,0.73414,0.73602,7235.0,4295.9,7.82164,7.8228,7.82108,7.8225,1141.0,442.9,2022-03-10 15:00:00,69,0.9272375462179538,-0.0012870596126133282,1.1368120833333333,1.1861595462944916,1.087464620372175,-0.06820904787067908,0.999782188461434,0.9905319378506691,-0.009357895906453084,-0.009444090689306975,38.92464544056496,8906.132329460466,4,0,1.1137660313160962,1.0899739686839038,2022-03-13 15:00:00,2022-03-30 14:00:00,2022-04-06 04:00:00,0.0
2022-03-11 13:00:00,1647003600,1.09867,1.10436,1.09602,1.09982,6.3432,6.34855,6.3422,6.34849,10429.0,7645.05,4.747,4.776,4.691,4.702,3473.0,1299.2,4.6555,4.6675,4.621,4.6555,3355.0,1510.1,116.882,116.97,116.821,116.918,8621.0,5555.2,1.30924,1.3107,1.30839,1.30946,15846.0,7612.35,107.23,107.28,104.89,106.4,20112.0,9239.2,25.91,25.925,25.745,25.835,4401.0,1628.15,0.83916,0.8406,0.83915,0.83992,7286.0,4134.5,0.93126,0.93177,0.93062,0.93144,5440.0,2864.95,1978.2,1980.9,1960.6,1965.0,18301.0,6312.3,1.2769,1.27694,1.27148,1.2717,12578.0,5451.3,0.73182,0.7329,0.73154,0.73258,5574.0,3514.55,7.8257,7.82666,7.82384,7.8262,753.0,703.6,2022-03-11 13:00:00,70,0.9335418911179212,-0.0018604735585866505,1.1356458333333335,1.1844558209686156,1.0868358456980514,-0.07357462581514321,0.9989543743521667,0.9948476945923431,-0.008895803933999469,-0.009334433338245475,37.97163730124623,8871.59347756456,4,0,1.1116384690863372,1.0880015309136628,2022-03-14 13:00:00,2022-03-30 14:00:00,2022-04-08 02:00:00,0.0
2022-03-14 10:00:00,1647252000,1.09824,1.10016,1.09006,1.09606,6.37886,6.38255,6.37778,6.38196,6518.0,9389.35,4.543,4.574,4.506,4.574,1785.0,1868.95,4.527,4.5335,4.508,4.511,2091.0,1579.0,117.916,118.064,117.878,118.05,7998.0,4639.8,1.30448,1.30507,1.30316,1.30394,9296.0,6776.6,103.62,104.33,103.31,104.1,6578.0,8401.25,25.57,25.655,25.42,25.44,3285.0,1720.95,0.84191,0.84213,0.84042,0.84059,4918.0,3474.2,0.93331,0.93544,0.93312,0.93544,4185.0,2788.5,1966.4,1969.6,1962.6,1964.4,6844.0,5615.65,1.27542,1.27624,1.27492,1.27538,6315.0,5484.3,0.72563,0.72574,0.72396,0.72432,4886.0,3822.75,7.82865,7.82972,7.82865,7.8294,775.0,453.0,2022-03-14 10:00:00,73,0.9507903724625832,-0.0034187412485678914,1.13438,1.182488856846124,1.0862711431538759,-0.07987566187803458,1.001988942211193,0.9982547993019197,-0.008732332400778198,-0.009214013150752019,36.95764167143672,8837.009546397134,4,0,1.1078097316664397,1.0843102683335604,2022-03-17 10:00:00,2022-03-17 18:00:00,2022-04-13 13:00:00,0.0
2022-03-15 08:00:00,1647331200,1.10052,1.10199,1.09308,1.10038,6.3994,6.40592,6.39547,6.39911,17106.0,10493.45,4.573,4.589,4.548,4.57,352.0,2044.85,4.4935,4.4995,4.479,4.492,1971.0,1730.3,117.979,118.06,117.697,117.793,10309.0,5350.4,1.30328,1.30406,1.3018,1.30314,18161.0,8365.65,97.27,97.65,96.58,97.2,11016.0,11735.2,24.975,25.095,24.95,25.065,1403.0,1953.0,0.8444,0.84558,0.84354,0.84442,8176.0,3851.8,0.93824,0.93908,0.93718,0.93828,5172.0,2738.6,1931.7,1937.9,1928.7,1937.3,6813.0,6060.55,1.28415,1.28572,1.28379,1.28525,9285.0,6332.7,0.71928,0.72042,0.7187,0.7192,5907.0,3891.45,7.82368,7.82626,7.82256,7.82592,1505.0,640.55,2022-03-15 08:00:00,74,0.9559793438440766,0.003941390069886586,1.1332449999999998,1.1806377264877452,1.0858522735122544,-0.07163694308009777,1.0001272287755139,0.998666049601176,-0.008160127269043027,-0.009003235974410221,38.279502036601414,8802.427718249372,4,0,1.1122169462905107,1.0885430537094891,2022-03-18 08:00:00,2022-03-30 14:00:00,2022-04-08 02:00:00,0.0
2022-03-16 08:00:00,1647417600,1.09583,1.10076,1.09261,1.09908,6.36051,6.36376,6.35278,6.36363,15529.0,12307.55,4.735,4.743,4.72,4.732,787.0,2338.7,4.5555,4.596,4.5525,4.591,2236.0,1755.75,118.368,118.374,118.263,118.318,8355.0,5031.5,1.30394,1.30701,1.30386,1.30584,15413.0,7307.0,98.52,99.22,97.97,98.04,10973.0,11928.45,25.09,25.095,24.86,24.995,1875.0,1812.0,0.84038,0.84239,0.84022,0.84164,8419.0,3398.5,0.941,0.9411,0.93903,0.94004,6275.0,2920.35,1917.9,1922.7,1913.1,1919.6,7226.0,6804.95,1.27519,1.27522,1.27196,1.27236,9035.0,4837.05,0.7219,0.72356,0.72165,0.72296,5848.0,3318.2,7.82216,7.82248,7.82184,7.82203,460.0,684.75,2022-03-16 08:00:00,75,0.9608854255574976,-0.0011814100583433795,1.1321572222222223,1.1790314262121095,1.085283018232335,-0.06883515139126449,0.9970429814026277,0.9955212762091646,-0.007722529205500761,-0.00874709462062833,38.65650889287987,8767.868183434764,4,0,1.110876907700716,1.0872830922992842,2022-03-19 08:00:00,2022-03-30 14:00:00,2022-04-08 02:00:00,0.0
2022-03-16 19:00:00,1647457200,1.10006,1.10451,1.095,1.1045,6.36432,6.3743,6.36086,6.36087,13517.0,14752.15,4.765,4.767,4.735,4.751,1784.0,2304.8,4.63,4.6405,4.626,4.6395,1123.0,2125.65,118.669,118.776,118.574,118.61,14491.0,7758.7,1.31152,1.31556,1.31048,1.31535,20268.0,10868.2,94.58,95.87,94.46,94.9,5740.0,10791.5,24.955,25.17,24.9,25.14,2855.0,2055.8,0.8388,0.83994,0.83845,0.83968,8496.0,5625.4,0.94242,0.94278,0.93982,0.93998,9836.0,4680.1,1917.0,1930.0,1912.6,1928.6,10772.0,7602.15,1.27215,1.27388,1.2689,1.26891,17655.0,7851.0,0.72622,0.7297,0.7251,0.7297,10856.0,5628.4,7.82108,7.82138,7.81886,7.81892,1115.0,885.7,2022-03-16 19:00:00,75,0.9608854255574976,0.004931397168540963,1.1310825,1.1768680045331013,1.0852969954668987,-0.06771364710943949,0.9959800814848347,0.9959710640917692,-0.006859311016622849,-0.008369537899827235,38.82308758955392,8733.379248577874,4,0,1.1163896537283482,1.0926103462716519,2022-03-19 19:00:00,2023-07-13 11:00:00,2022-04-06 04:00:00,0.0
2022-03-17 18:00:00,1647540000,1.11268,1.11376,1.10078,1.11004,6.35988,6.36371,6.35968,6.36058,4958.0,8483.05,4.947,5.001,4.934,4.962,9045.0,2801.35,4.7105,4.7105,4.6975,4.6985,867.0,1912.7,118.48,118.601,118.478,118.582,3240.0,5821.4,1.31684,1.31705,1.3151,1.31538,6933.0,9718.8,102.69,103.9,102.2,103.83,13728.0,6159.55,25.53,25.53,25.43,25.5,1646.0,1762.15,0.84497,0.84499,0.8437,0.8439,3197.0,4548.05,0.93474,0.93682,0.93474,0.93656,2924.0,3145.85,1943.0,1943.0,1938.8,1941.3,4159.0,5794.0,1.2637,1.265,1.26353,1.26416,4396.0,6259.7,0.73912,0.73914,0.73738,0.73764,4026.0,4720.15,7.81708,7.81752,7.81688,7.81743,360.0,779.75,2022-03-17 18:00:00,76,0.9655071658143364,0.005015844273426717,1.1302258333333333,1.1752285479619216,1.085223118704745,-0.05407670405096871,1.0023782926741378,0.9990303117368192,-0.005662894361329718,-0.007828209192127731,40.97031094454523,8699.007078492195,4,0,1.1219132016164288,1.0981667983835712,2022-03-20 18:00:00,2023-07-17 12:00:00,2022-03-24 08:00:00,0.0
2022-03-18 18:00:00,1647626400,1.10586,1.11186,1.1003,1.10486,6.37322,6.37452,6.37139,6.37207,4493.0,8744.8,4.873,4.899,4.856,4.885,4577.0,1769.05,4.7245,4.7365,4.721,4.7295,740.0,1677.25,119.162,119.206,119.128,119.13,2658.0,4788.25,1.31892,1.31893,1.31738,1.31874,7261.0,8237.6,102.85,103.38,102.72,103.21,10982.0,7458.3,25.11,25.13,25.075,25.08,984.0,1621.8,0.83848,0.83868,0.83774,0.83782,3095.0,3828.05,0.93284,0.93332,0.93182,0.93184,2940.0,2923.55,1930.0,1930.6,1923.4,1924.1,4470.0,5311.9,1.26098,1.26168,1.26005,1.26006,3788.0,4384.1,0.74144,0.74148,0.74016,0.7408,2587.0,3448.05,7.82348,7.82424,7.82348,7.82424,334.0,901.15,2022-03-18 18:00:00,77,0.969843196967294,-0.0046664985045583585,1.1292779166666667,1.1734847067814442,1.085071126551889,-0.05993971180526019,1.0009050920478613,0.9946036371485618,-0.005074215849503627,-0.007277410523602911,40.118147858570005,8664.748635849206,4,0,1.1167105421460428,1.093009457853957,2022-03-21 18:00:00,2023-07-13 11:00:00,2022-04-06 04:00:00,0.0
2022-03-22 04:00:00,1647921600,1.10025,1.10704,1.09812,1.09855,6.37496,6.37736,6.37496,6.37695,5234.0,5541.45,4.931,4.954,4.919,4.944,253.0,1969.95,4.702,4.704,4.692,4.6935,252.0,1155.1,119.912,120.466,119.91,120.378,10104.0,5243.1,1.3152,1.31523,1.31254,1.31352,7745.0,7071.9,112.2,112.91,112.18,112.88,2392.0,9229.55,25.54,25.545,25.485,25.495,402.0,1529.65,0.83654,0.83712,0.8361,0.83636,2513.0,3184.45,0.93518,0.93664,0.93517,0.93632,2731.0,2709.65,1937.9,1937.9,1934.5,1935.6,1194.0,4816.25,1.25758,1.25906,1.25706,1.25866,2783.0,4075.75,0.73998,0.74088,0.73884,0.73914,2961.0,3344.35,7.82878,7.82887,7.82827,7.82831,356.0,420.85,2022-03-22 04:00:00,81,0.984305844499033,-0.005711130822004584,1.1282369444444447,1.1717440146341616,1.0847298742547278,-0.06599960788869906,1.0015474944244687,0.9938665269547622,-0.005058536492950516,-0.0068336357174724315,39.33096085409248,8630.596047914785,4,0,1.110396486526068,1.0867035134739316,2022-03-25 04:00:00,2022-03-30 14:00:00,2022-04-08 02:00:00,0.0
2022-03-23 05:00:00,1648011600,1.10278,1.10459,1.0961,1.10372,6.38196,6.38404,6.37996,6.38383,5924.0,5498.1,5.129,5.135,5.116,5.119,129.0,3093.3,4.698,4.708,4.697,4.7065,337.0,1496.9,121.072,121.104,120.988,121.032,3361.0,7124.1,1.32798,1.32918,1.32772,1.32868,4726.0,7375.05,110.61,110.79,110.22,110.29,3517.0,10630.1,24.95,24.96,24.885,24.91,433.0,1875.3,0.83042,0.83078,0.83016,0.8307,1834.0,3351.25,0.93472,0.93482,0.93401,0.93438,1464.0,2662.75,1922.3,1922.5,1920.2,1921.6,1436.0,4942.85,1.25824,1.25904,1.25718,1.2576,1756.0,3574.1,0.74584,0.74632,0.74532,0.74628,2150.0,2852.2,7.82698,7.82699,7.82564,7.82576,426.0,528.35,2022-03-23 05:00:00,82,0.9871957872910084,0.004706203632060646,1.1273527777777776,1.1702157906551391,1.0844897649004162,-0.05607562905369833,0.9991483347225746,0.9983613829565723,-0.004576183304848103,-0.006382145234947566,40.913502711961144,8596.591712661515,4,0,1.115655289307799,1.0917847106922012,2022-03-26 05:00:00,2022-03-30 14:00:00,2022-04-06 04:00:00,0.0
2022-03-24 08:00:00,1648108800,1.0978,1.104,1.0964,1.09778,6.3819,6.38514,6.38075,6.38405,8729.0,5283.85,5.199,5.227,5.193,5.212,313.0,2104.45,4.7875,4.8175,4.7845,4.804,2072.0,1426.6,121.635,121.682,121.469,121.628,10202.0,5702.35,1.31822,1.31928,1.31578,1.31606,15668.0,6927.45,114.71,115.71,114.37,115.48,8820.0,10814.65,25.29,25.34,25.255,25.275,659.0,1393.8,0.8328,0.83422,0.83231,0.83414,7659.0,2917.75,0.93355,0.93452,0.93236,0.93392,5127.0,2346.4,1944.3,1946.3,1940.7,1940.8,4402.0,4969.15,1.25726,1.25736,1.25593,1.25734,4380.0,3489.3,0.74776,0.74832,0.74682,0.74694,4126.0,2918.05,7.82384,7.8245,7.82376,7.82424,559.0,512.8,2022-03-24 08:00:00,83,0.9897936029670716,-0.005381799731816073,1.1265045833333334,1.1692561731645545,1.0837529935021122,-0.05413817535342533,1.0000182185866022,0.9943840579710145,-0.0046199671796414155,-0.006029709623886336,41.21825659313794,8562.727309811842,4,0,1.1095893061671585,1.0859706938328415,2022-03-27 08:00:00,2022-03-30 14:00:00,2022-04-08 02:00:00,0.0
2022-03-25 09:00:00,1648198800,1.10162,1.1038,1.09658,1.10052,6.37458,6.37646,6.37364,6.37482,4492.0,4766.4,5.368,5.406,5.368,5.384,276.0,1994.0,4.729,4.7435,4.7265,4.739,1401.0,1440.35,121.511,121.673,121.455,121.632,10398.0,8120.05,1.31625,1.3177,1.31594,1.31643,9640.0,7379.25,109.53,110.85,109.31,110.8,9381.0,10639.5,25.815,25.93,25.81,25.885,1016.0,2251.75,0.8369,0.83693,0.83536,0.836,4839.0,2915.1,0.92716,0.92782,0.92634,0.92681,3329.0,2742.25,1956.3,1959.5,1954.6,1956.5,3016.0,4992.1,1.25518,1.25533,1.2538,1.25408,3211.0,3831.0,0.75046,0.7512,0.75036,0.75076,3039.0,3109.85,7.82716,7.82746,7.82672,7.82726,344.0,499.65,2022-03-25 09:00:00,84,0.992098522791769,0.0024959463644809166,1.1256372222222222,1.1679192747823743,1.08335516966207,-0.055194282470269654,1.0009995274960928,0.9980250045298062,-0.004383046088044962,-0.005700376916718061,40.984032570092054,8529.032611649458,4,0,1.112335739995633,1.0887042600043666,2022-03-28 09:00:00,2022-03-30 14:00:00,2022-04-08 02:00:00,0.0
2022-03-28 08:00:00,1648454400,1.09518,1.10246,1.09446,1.09908,6.38884,6.39172,6.38275,6.38298,11250.0,6294.7,5.575,5.589,5.572,5.589,31.0,712.55,4.686,4.71,4.684,4.695,2249.0,1794.95,123.923,125.11,123.864,124.688,37315.0,10968.25,1.31463,1.3168,1.31384,1.3163,18316.0,8837.85,109.4,109.77,108.68,109.51,7320.0,11605.05,25.275,25.3,25.185,25.2,1413.0,1880.4,0.83306,0.83559,0.83285,0.83499,9048.0,3777.85,0.9355,0.93817,0.93525,0.93618,8167.0,3320.15,1932.7,1933.7,1926.1,1927.0,8709.0,6151.25,1.24926,1.24964,1.24785,1.24846,5899.0,4328.0,0.75274,0.75402,0.75228,0.75296,5148.0,3556.35,7.82808,7.82916,7.82808,7.8289,595.0,497.0,2022-03-28 08:00:00,87,0.9972495210773452,-0.0013084723585212732,1.1248718055555555,1.1670523666382797,1.0826912444728314,-0.0489253330267331,0.9964515776831532,0.9933965858171725,-0.0042623467018876315,-0.005412770873751975,41.87144163544644,8495.517475912104,4,0,1.1107456008923002,1.0874143991076999,2022-03-31 08:00:00,2022-03-30 14:00:00,2022-04-08 02:00:00,1.0
2022-03-29 08:00:00,1648540800,1.10002,1.10182,1.09466,1.0985,6.38432,6.38694,6.38376,6.38514,6890.0,5118.15,5.442,5.443,5.413,5.428,521.0,581.9,4.7145,4.722,4.699,4.7025,1157.0,1508.45,123.574,123.784,123.403,123.728,13307.0,13085.65,1.30917,1.3109,1.3056,1.306,13144.0,8014.65,106.34,107.18,106.33,107.0,12401.0,13365.55,24.945,24.965,24.82,24.825,2042.0,1719.45,0.84023,0.84122,0.83924,0.84112,5862.0,3387.45,0.93549,0.93739,0.93506,0.93693,4054.0,3399.6,1918.9,1920.6,1908.8,1912.8,3907.0,4714.55,1.25034,1.25114,1.24972,1.2511,4040.0,3985.0,0.75005,0.75034,0.74798,0.74819,3479.0,3362.65,7.8277,7.82837,7.82755,7.82831,352.0,223.4,2022-03-29 08:00:00,88,0.998376906467142,-0.000527714088146447,1.1240616666666667,1.1659923175283988,1.0821310158049346,-0.051737892853523565,1.001383705052344,0.998366339329473,-0.004165475710432132,-0.005163311841088007,41.34389932626952,8462.194832808327,4,0,1.1101337330363648,1.0868662669636353,2022-04-01 08:00:00,2022-03-30 14:00:00,2022-04-08 02:00:00,1.0
2022-03-29 18:00:00,1648576800,1.10777,1.11374,1.0975,1.10892,6.37726,6.37732,6.37374,6.37388,2896.0,7490.6,5.393,5.417,5.322,5.342,19986.0,3600.45,4.741,4.7485,4.738,4.746,2085.0,1598.8,122.83,122.942,122.783,122.932,5790.0,17414.65,1.30736,1.30954,1.30714,1.30946,6921.0,13082.8,104.59,105.47,103.53,104.37,18271.0,15495.3,24.845,24.925,24.84,24.91,1716.0,3256.75,0.84732,0.84752,0.84682,0.84684,3129.0,5699.3,0.93203,0.93224,0.93087,0.93094,3085.0,5122.6,1915.1,1917.0,1914.6,1916.0,749.0,3449.75,1.25094,1.25096,1.24915,1.24946,3496.0,5172.8,0.74902,0.75136,0.74883,0.75134,2588.0,4613.4,7.82774,7.8278,7.82743,7.82757,161.0,350.3,2022-03-29 18:00:00,88,0.998376906467142,0.009485662266727202,1.123431388888889,1.164879810637045,1.0819829671407328,-0.04010753093291736,0.9989629549471558,0.9946396825111785,-0.003210884754614618,-0.004772826423793329,43.4197552346151,8429.12460650628,4,0,1.1209547039986552,1.0968852960013447,2022-04-01 18:00:00,2023-07-17 12:00:00,2022-04-04 17:00:00,0.0
2022-03-30 14:00:00,1648648800,1.11642,1.11712,1.10834,1.11628,6.3581,6.35876,6.356,6.35696,6875.0,6810.2,5.484,5.59,5.484,5.556,14670.0,3089.55,4.757,4.762,4.7315,4.7615,5201.0,1763.8,121.907,122.03,121.73,122.013,19718.0,15714.65,1.31736,1.31827,1.31614,1.31724,16205.0,9804.4,108.43,108.59,107.45,108.33,24836.0,8731.35,25.165,25.245,25.07,25.23,3149.0,1416.5,0.84747,0.84782,0.84694,0.84743,6486.0,4167.3,0.92362,0.924,0.92204,0.92232,6347.0,4267.7,1936.5,1943.2,1933.8,1942.0,15680.0,4810.2,1.24451,1.24557,1.24296,1.24474,9091.0,3680.5,0.75204,0.75366,0.75128,0.75257,5886.0,3444.65,7.82705,7.82736,7.82682,7.82709,413.0,522.1,2022-03-30 14:00:00,89,0.9992088560679752,0.006637088338202979,1.1228311111111111,1.1634032521885818,1.0822589700336405,-0.03798714916613468,1.000125416562153,0.9993733887138356,-0.0018392720712292476,-0.004186115553280513,43.77197532999018,8396.34998571925,4,0,1.128469698303667,1.1040903016963328,2022-04-02 14:00:00,,2022-04-04 17:00:00,0.0
2022-03-31 14:00:00,1648735200,1.10926,1.11849,1.10682,1.11196,6.34861,6.3516,6.3469,6.34876,10402.0,6856.4,5.705,5.832,5.672,5.807,19214.0,3414.5,4.755,4.762,4.7285,4.7335,2945.0,1303.5,121.51,121.824,121.3,121.378,25550.0,13830.5,1.31338,1.31704,1.31123,1.31614,21463.0,9029.0,104.13,104.2,101.65,102.73,42041.0,12864.2,25.155,25.215,25.115,25.165,2271.0,1174.1,0.8446,0.84543,0.8433,0.84486,11414.0,4005.35,0.92254,0.92392,0.91962,0.92037,9172.0,3644.15,1942.7,1947.7,1942.3,1944.8,13597.0,4913.5,1.25088,1.2525,1.24872,1.24904,9370.0,3663.5,0.74991,0.75098,0.74862,0.75084,8886.0,3694.8,7.82997,7.83167,7.8299,7.83152,722.0,312.9,2022-03-31 14:00:00,90,0.9997451236925734,-0.003869996775002549,1.1221100000000002,1.1615525811228435,1.0826674188771568,-0.045635027252925495,0.9975718551027014,0.9917478028413307,-0.0010883017686196261,-0.003566552796348336,42.517006802721056,8363.860808732084,4,0,1.1240797059734131,1.099840294026587,2022-04-03 14:00:00,,2022-04-04 17:00:00,0.0
2022-04-01 13:00:00,1648818000,1.10442,1.11318,1.10366,1.10449,6.36606,6.36936,6.36512,6.36855,7491.0,6185.1,5.562,5.685,5.538,5.623,15796.0,3519.8,4.713,4.7515,4.7045,4.7175,4946.0,1672.8,122.801,123.002,122.619,122.952,17675.0,9615.85,1.31121,1.31182,1.30904,1.31001,11908.0,7253.8,99.41,101.0,98.85,100.58,27819.0,10690.45,24.7,24.9,24.565,24.895,5741.0,1426.35,0.84227,0.84351,0.84221,0.8431,5531.0,3491.95,0.92577,0.92745,0.92499,0.92672,4867.0,2916.35,1931.2,1937.8,1926.0,1935.6,18692.0,4968.7,1.25032,1.25113,1.24918,1.25056,6252.0,3183.8,0.7514,0.75154,0.74984,0.75032,5185.0,3320.1,7.83559,7.83582,7.83558,7.83578,252.0,461.3,2022-04-01 13:00:00,91,0.9999855506507186,-0.006717867549192458,1.1212870833333333,1.1596644755099774,1.0829096911566891,-0.052255266694853336,0.9999366223324793,0.9921306527246266,-0.001083429858955487,-0.0030699282088697665,41.637261820748016,8331.63354990395,4,0,1.116631585964954,1.0923484140350457,2022-04-04 13:00:00,2023-07-13 11:00:00,2022-04-06 04:00:00,0.0
2022-04-04 17:00:00,1649091600,1.09747,1.10545,1.09628,1.09639,6.37537,6.37665,6.37426,6.3748,2907.0,3976.95,5.773,5.819,5.741,5.747,5683.0,2859.6,4.781,4.7845,4.769,4.7775,1894.0,1668.2,122.748,122.794,122.68,122.79,4750.0,7477.45,1.31038,1.31052,1.30968,1.31,6499.0,7267.55,101.68,102.46,101.39,102.29,10645.0,9528.8,24.625,24.625,24.545,24.58,1992.0,1657.8,0.83751,0.83772,0.83688,0.83694,2788.0,3056.0,0.92652,0.9269,0.92637,0.92656,2953.0,2634.15,1935.3,1935.5,1932.5,1933.4,4407.0,4824.25,1.2497,1.25027,1.24897,1.24938,2206.0,2684.95,0.75401,0.75428,0.75376,0.75408,1816.0,2779.9,7.83418,7.83468,7.8341,7.83466,132.0,400.65,2022-04-04 17:00:00,94,0.9989315138848576,-0.007333701527401759,1.1204086111111111,1.158114653710561,1.0827025685116611,-0.056086647477713095,1.0009850509399028,0.9927812203175177,-0.0017134199028487895,-0.0027986265476655716,41.17236566643402,8299.643018643772,4,0,1.1085425759349041,1.0842374240650958,2022-04-07 17:00:00,2023-07-13 11:00:00,2022-04-13 13:00:00,0.0
2022-04-06 04:00:00,1649217600,1.09006,1.09886,1.08907,1.0897,6.37573,6.37604,6.37408,6.3745,4073.0,5249.1,6.088,6.098,6.069,6.082,227.0,5210.8,4.747,4.7585,4.746,4.757,699.0,1758.2,123.756,123.928,123.742,123.887,5593.0,7778.4,1.30728,1.30728,1.30624,1.30687,3431.0,6784.5,101.88,102.14,101.75,101.93,1507.0,10282.55,24.46,24.46,24.36,24.375,742.0,2055.2,0.83384,0.83406,0.83376,0.83381,1360.0,2993.15,0.93068,0.93155,0.93063,0.93108,1450.0,2473.5,1926.7,1927.0,1922.9,1924.3,1616.0,6880.45,1.25007,1.25041,1.24998,1.25005,1604.0,3460.05,0.75727,0.75776,0.75708,0.75761,1708.0,3306.8,7.83772,7.83848,7.8377,7.83836,234.0,476.35,2022-04-06 04:00:00,96,0.9967506498213928,-0.00610184332217556,1.1193151388888891,1.1559225815236591,1.0827076962541191,-0.06975853833942808,1.000330366155823,0.9919917004895984,-0.00272115090700642,-0.0027831314195337414,38.94707286255784,8267.871339933583,4,0,1.101656745927765,1.0777432540722347,2022-04-09 04:00:00,2023-04-27 17:00:00,2022-04-14 13:00:00,0.0
2022-04-07 00:00:00,1649289600,1.08976,1.09381,1.08745,1.09118,6.36172,6.36508,6.36155,6.36261,8063.0,7373.75,6.092,6.135,6.088,6.122,566.0,5556.85,4.7035,4.7145,4.7035,4.711,666.0,2161.85,123.726,123.731,123.468,123.601,13291.0,8669.6,1.30695,1.30812,1.30688,1.30768,5979.0,9262.5,96.82,97.63,96.23,97.45,5632.0,12859.8,24.525,24.61,24.515,24.555,528.0,1905.9,0.83384,0.83458,0.83372,0.83444,3073.0,3895.5,0.93307,0.9331,0.93179,0.93222,3381.0,3522.55,1927.1,1931.0,1926.0,1928.6,2540.0,6821.15,1.25643,1.25684,1.2558,1.25588,3676.0,5147.35,0.75048,0.75136,0.74994,0.75068,4191.0,4133.5,7.83796,7.83925,7.83789,7.83821,670.0,557.3,2022-04-07 00:00:00,97,0.9952176027737294,0.0013581719739379494,1.1183704166666668,1.1543072823450604,1.0824335509882732,-0.06047043253099077,0.9986986565003024,0.9962973459741639,-0.0033616108002123557,-0.0028988272956694643,40.238231917336364,8236.336970545306,4,0,1.1030288254864438,1.0793311745135563,2022-04-10 00:00:00,2023-05-03 18:00:00,2022-04-14 13:00:00,0.0
2022-04-08 02:00:00,1649383200,1.08658,1.09386,1.0857,1.0859,6.36922,6.36986,6.36738,6.36772,7113.0,5690.9,6.371,6.377,6.343,6.359,407.0,5752.85,4.7135,4.716,4.702,4.7095,808.0,1482.95,123.818,123.946,123.796,123.928,3457.0,7192.75,1.30724,1.30739,1.30656,1.30684,4747.0,7227.65,96.58,96.58,95.29,95.87,5205.0,11148.55,24.755,24.765,24.665,24.685,757.0,1648.3,0.8312,0.8314,0.83076,0.83092,1877.0,3871.2,0.93441,0.93497,0.93435,0.93484,1429.0,2945.8,1935.6,1936.2,1932.1,1933.0,3397.0,5403.3,1.25804,1.25912,1.25782,1.2587,2441.0,4226.95,0.74818,0.74837,0.74747,0.74813,3616.0,3400.4,7.83848,7.83897,7.83735,7.83768,481.0,376.2,2022-04-08 02:00:00,98,0.9933900548258936,-0.004838798365072616,1.1173716666666664,1.1528565670062592,1.0818867663270737,-0.0641211534550559,1.0006262086748319,0.9933446693361125,-0.004246283243034998,-0.0031683184851425713,39.79391978199776,8205.027793486222,4,0,1.097735878729768,1.0740641212702324,2022-04-11 02:00:00,2023-02-02 11:00:00,2022-04-25 07:00:00,0.0
2022-04-11 08:00:00,1649664000,1.091,1.09196,1.08364,1.09073,6.38032,6.38068,6.37836,6.38006,9773.0,6643.7,6.307,6.347,6.307,6.344,1259.0,4879.4,4.6745,4.713,4.6675,4.71,2229.0,1404.25,125.248,125.367,125.161,125.331,11306.0,8049.45,1.30276,1.30356,1.30214,1.30289,10301.0,6549.85,96.14,96.92,95.69,96.06,8826.0,9030.45,24.945,25.185,24.945,25.155,3634.0,1860.3,0.83744,0.83802,0.83674,0.83718,4127.0,3183.0,0.93479,0.93515,0.93411,0.93446,3326.0,2411.95,1948.9,1962.0,1948.4,1960.9,12135.0,7215.3,1.2604,1.26064,1.25952,1.25984,4482.0,3865.3,0.74372,0.74419,0.7432,0.7433,3154.0,3234.0,7.83832,7.83862,7.83743,7.83782,908.0,319.95,2022-04-11 08:00:00,101,0.986146248341595,0.004447923381526664,1.1164656944444444,1.1512787036408576,1.0816526852480313,-0.05808397072925474,1.0002475406379214,0.9991208469174694,-0.004505712840767506,-0.003435797356267559,40.81965828806255,8173.976144359167,4,0,1.102695259524712,1.078764740475288,2022-04-14 08:00:00,2023-05-03 18:00:00,2022-04-14 13:00:00,0.0
2022-04-12 12:00:00,1649764800,1.08624,1.09334,1.08511,1.0896,6.37964,6.38031,6.37425,6.37448,14122.0,6599.15,6.803,6.835,6.693,6.704,11878.0,4279.55,4.6685,4.673,4.6515,4.6605,2830.0,1303.05,125.477,125.605,124.766,124.933,27277.0,7875.15,1.30222,1.30502,1.30076,1.30491,18851.0,6375.35,98.23,98.63,97.67,97.88,13287.0,6691.9,25.15,25.57,25.135,25.51,8549.0,1564.25,0.83414,0.83583,0.83382,0.83498,10374.0,2925.45,0.93217,0.93302,0.92898,0.92912,8290.0,2229.25,1960.0,1976.8,1958.8,1974.7,30110.0,5072.55,1.2631,1.26432,1.25817,1.25921,10303.0,3585.8,0.74446,0.74829,0.74322,0.74792,9998.0,2782.9,7.83652,7.83656,7.83579,7.83596,865.0,463.65,2022-04-12 12:00:00,102,0.98314697372215,-0.0010360034105599825,1.1155529166666667,1.1496729659438023,1.081432867389531,-0.058566705464699415,0.9969162995594716,0.9935061371577003,-0.004747764943370036,-0.0036981908736880547,40.763436024285994,8143.186498832149,4,0,1.1015528632411726,1.0776471367588272,2022-04-15 12:00:00,2023-04-27 17:00:00,2022-04-14 13:00:00,-1.0
2022-04-13 13:00:00,1649854800,1.08181,1.09032,1.08089,1.0817,6.38048,6.38166,6.37654,6.37764,9025.0,5917.0,6.85,6.882,6.753,6.812,20812.0,4523.85,4.6945,4.6995,4.68,4.6955,3111.0,1173.55,125.902,125.962,125.686,125.835,16146.0,8625.4,1.29946,1.30184,1.29928,1.30102,13881.0,6338.75,102.43,102.8,101.71,102.01,14416.0,6500.6,25.925,25.97,25.77,25.89,6089.0,1708.3,0.83248,0.83252,0.83136,0.83143,6234.0,3062.0,0.93561,0.93565,0.93322,0.93432,4786.0,2228.45,1981.5,1984.5,1976.8,1980.9,15751.0,4987.75,1.26648,1.26764,1.26466,1.2656,7985.0,3194.7,0.7408,0.74118,0.73918,0.74086,6944.0,3297.5,7.83927,7.8394,7.83922,7.83931,182.0,291.55,2022-04-13 13:00:00,103,0.9798567700958664,-0.007250367107195066,1.1146748611111112,1.1489826962106278,1.0803670260115947,-0.056800887915510787,1.000101691781455,0.9921949519407146,-0.005513500750897515,-0.004061252849129947,41.05191643548659,8112.633452377892,4,0,1.0934945673391785,1.0699054326608217,2022-04-16 13:00:00,2023-02-02 11:00:00,2022-04-27 06:00:00,0.0
2022-04-14 13:00:00,1649941200,1.08476,1.09236,1.07574,1.07706,6.38848,6.39504,6.38843,6.39206,16288.0,6493.6,7.021,7.067,6.958,7.056,13865.0,4178.5,4.692,4.7,4.666,4.681,5076.0,1113.2,125.538,126.018,125.474,125.948,23282.0,8424.4,1.30964,1.30972,1.3036,1.30374,21106.0,5982.9,102.34,103.28,102.12,102.92,13917.0,5902.95,25.7,25.805,25.47,25.49,8073.0,1706.5,0.82828,0.82845,0.82498,0.82612,14363.0,3622.4,0.93748,0.94287,0.93744,0.94252,10782.0,2714.7,1975.8,1981.2,1962.7,1964.8,20185.0,5001.35,1.25808,1.26049,1.25782,1.25952,9329.0,3906.15,0.74342,0.74388,0.74123,0.7416,7115.0,3005.95,7.84211,7.84246,7.84206,7.84242,313.0,308.65,2022-04-14 13:00:00,104,0.976276611086932,-0.004289544235925091,1.113954861111111,1.1492144117290495,1.0786953104931725,-0.047008600356467645,1.0071490910441387,0.9930425866930316,-0.006420746745388728,-0.0045331516283817035,42.41839241839237,8082.306973055559,4,0,1.0883393661318728,1.065780633868127,2022-04-17 13:00:00,2022-04-21 07:00:00,2022-04-27 06:00:00,0.0
2022-04-19 00:00:00,1650326400,1.078,1.08348,1.07688,1.0779,6.37906,6.38174,6.37831,6.38048,3822.0,3788.7,7.801,7.835,7.776,7.819,607.0,6429.55,4.798,4.798,4.766,4.786,2537.0,1839.2,127.146,127.362,126.99,127.314,13869.0,5609.5,1.30078,1.3019,1.30028,1.30064,5330.0,4213.9,107.31,107.75,107.05,107.43,2040.0,6610.45,26.035,26.045,25.965,25.99,629.0,1881.05,0.82876,0.8288,0.82836,0.82876,3260.0,2196.7,0.9449,0.9462,0.94431,0.94556,3206.0,2015.9,1980.5,1982.2,1978.1,1979.2,4417.0,6057.15,1.26012,1.26084,1.25922,1.26058,4216.0,3296.5,0.7357,0.73684,0.73529,0.73548,3510.0,2051.5,7.84177,7.84397,7.84177,7.84342,663.0,202.65,2022-04-19 00:00:00,109,0.9540665500578388,0.0007799008411788488,1.1132301388888888,1.1492813968408633,1.0771788809369143,-0.047273722873029334,1.0000927729845068,0.9949422232067043,-0.006991372561638176,-0.005024795815032998,42.36107044562861,8052.221232672048,4,0,1.0891857720018958,1.0666142279981043,2022-04-22 00:00:00,2022-04-21 07:00:00,2022-04-27 06:00:00,1.0
2022-04-20 05:00:00,1650430800,1.08202,1.0823,1.07612,1.08166,6.41656,6.41852,6.41478,6.41502,12189.0,11552.05,7.065,7.137,7.045,7.076,917.0,7896.45,4.6985,4.704,4.687,4.689,1103.0,1833.85,128.558,128.738,128.49,128.7,10866.0,14031.8,1.30367,1.3037,1.30274,1.30296,4970.0,6330.5,102.97,103.59,102.83,102.88,4702.0,11346.95,25.145,25.22,25.14,25.145,513.0,2674.1,0.83,0.83034,0.82968,0.8301,2102.0,3124.6,0.95086,0.95106,0.95062,0.95092,2269.0,3354.0,1945.3,1948.7,1944.2,1944.4,2915.0,8180.95,1.25834,1.25892,1.25808,1.25855,3362.0,4371.2,0.74246,0.7431,0.74166,0.7425,3544.0,3059.55,7.84322,7.84324,7.84284,7.84305,258.0,643.5,2022-04-20 05:00:00,110,0.9487718864399473,0.0034882642174598466,1.11262375,1.1493132260114947,1.0759342739885054,-0.03957054151342368,1.00033282177394,0.9997412916936154,-0.007058827288766389,-0.0054316021097796765,43.58959299935394,8022.402155047633,4,0,1.0929953301413071,1.070324669858693,2022-04-23 05:00:00,2023-02-02 11:00:00,2022-04-27 06:00:00,0.0
2022-04-21 07:00:00,1650524400,1.09022,1.09364,1.08057,1.09273,6.47006,6.47667,6.46521,6.47132,25476.0,14600.6,6.827,6.865,6.806,6.847,1029.0,5300.3,4.6425,4.693,4.6275,4.69,3140.0,1634.6,128.014,128.111,127.869,128.021,16580.0,11104.8,1.30803,1.30826,1.30634,1.3075,11950.0,6526.15,103.56,104.32,103.27,104.02,7193.0,9936.5,25.18,25.19,25.075,25.165,982.0,1247.55,0.83349,0.83649,0.83318,0.83574,7168.0,3465.6,0.9469,0.9487,0.9458,0.94584,6327.0,3272.7,1954.7,1954.7,1951.5,1951.7,4469.0,5022.45,1.2479,1.24916,1.24584,1.24604,6402.0,4788.2,0.7445,0.74583,0.74336,0.74568,4386.0,2869.9,7.84399,7.84437,7.84352,7.84384,524.0,347.85,2022-04-21 07:00:00,111,0.9431964659565866,0.010234269548656583,1.1122380555555553,1.1491746998495869,1.0753014112615238,-0.025095862113002118,0.9977030007412627,0.9968728283530229,-0.006148157034650215,-0.005574913094753784,45.996135990080425,7992.905852842322,4,0,1.1044686040211331,1.0809913959788668,2022-04-24 07:00:00,2023-05-03 18:00:00,2022-04-22 08:00:00,-1.0
2022-04-22 08:00:00,1650614400,1.08065,1.09302,1.07904,1.07982,6.49985,6.52416,6.49882,6.52351,45337.0,16485.9,6.942,6.96,6.901,6.936,380.0,4629.45,4.7015,4.7065,4.659,4.6615,1717.0,1255.2,128.07,128.332,128.065,128.266,11817.0,11273.15,1.29071,1.29171,1.28826,1.2887,11644.0,7538.15,103.46,103.49,101.22,101.9,15959.0,10544.35,24.495,24.495,24.275,24.28,2389.0,2196.65,0.8373,0.83822,0.83625,0.8379,6761.0,3759.35,0.95473,0.95592,0.9547,0.95558,4179.0,3315.35,1952.8,1953.3,1945.1,1945.3,7784.0,6021.75,1.26298,1.26689,1.26276,1.26689,6224.0,5664.45,0.73144,0.73162,0.73032,0.73034,3909.0,3615.25,7.84466,7.8469,7.84445,7.84684,993.0,255.45,2022-04-22 08:00:00,112,0.9373419384643772,-0.01181444638657303,1.1115713888888887,1.1490952681299804,1.074047509647797,-0.04349220529539264,1.0007686466262897,0.9886827322464364,-0.006394462026044767,-0.005738822881011981,43.18917078154262,7963.680878694905,4,0,1.0916441654388271,1.0679958345611729,2022-04-25 08:00:00,2023-02-02 11:00:00,2022-04-27 06:00:00,0.0
2022-04-25 07:00:00,1650870000,1.07146,1.0845,1.07069,1.07385,6.59058,6.59377,6.57745,6.5805,34900.0,20497.55,6.404,6.419,6.356,6.411,132.0,2231.9,4.5085,4.5245,4.496,4.498,1797.0,1978.65,128.091,128.272,127.976,128.204,21441.0,11922.35,1.27308,1.27584,1.27293,1.27494,17630.0,8503.25,98.14,98.55,97.87,97.87,8889.0,9050.35,23.79,23.905,23.735,23.805,1966.0,2136.95,0.84164,0.8428,0.8412,0.84228,8323.0,4431.4,0.9588,0.95884,0.95734,0.9579,6130.0,3439.95,1918.5,1922.2,1915.7,1916.5,7848.0,7551.7,1.27551,1.2757,1.27278,1.27319,9138.0,5828.75,0.71508,0.71823,0.71504,0.71805,7495.0,3994.45,7.84615,7.84643,7.84536,7.84584,840.0,387.9,2022-04-25 07:00:00,115,0.9181214482844364,-0.005528699227649092,1.1108086111111113,1.1491385031427774,1.0724787190794451,-0.04987822277931007,0.9977743632723379,0.9879760258183495,-0.006990803976270499,-0.005989219100063685,42.316731952993806,7934.708542952325,4,0,1.0856688251726299,1.06203117482737,2022-04-28 07:00:00,2023-01-23 01:00:00,2022-04-28 03:00:00,-1.0
2022-04-26 04:00:00,1650945600,1.0732,1.07584,1.06968,1.07281,6.55712,6.55984,6.55186,6.55892,12495.0,21410.2,6.861,6.875,6.859,6.869,29.0,701.45,4.5175,4.5185,4.5085,4.5095,284.0,1830.3,128.026,128.182,128.0,128.107,9015.0,13167.85,1.27666,1.27685,1.27599,1.27612,3954.0,9334.8,99.47,99.55,99.33,99.53,1664.0,10851.4,23.875,23.915,23.84,23.86,1271.0,1982.5,0.84066,0.84078,0.84048,0.84068,1736.0,4337.3,0.95862,0.95907,0.95846,0.95862,1711.0,3736.55,1903.1,1906.1,1902.8,1905.1,5056.0,8984.45,1.26902,1.26912,1.26845,1.26878,2651.0,6211.5,0.72164,0.72289,0.72146,0.72244,2856.0,4779.6,7.84636,7.84667,7.84636,7.84666,163.0,339.05,2022-04-26 04:00:00,116,0.9111686353326632,-0.0009684779065977089,1.1100225000000001,1.1491188742059837,1.0709261257940166,-0.05141399813247249,1.0003635312869938,0.9975461035098157,-0.007461319134125288,-0.006283639106876006,42.090553381777504,7905.9924161742565,4,0,1.0846132674614262,1.061006732538574,2022-04-29 04:00:00,2023-01-23 01:00:00,2022-04-28 03:00:00,-1.0
2022-04-27 06:00:00,1651039200,1.06506,1.07346,1.06163,1.06207,6.58308,6.58828,6.58122,6.5839,15653.0,17613.05,7.043,7.099,7.03,7.094,713.0,815.05,4.4455,4.4625,4.4455,4.457,650.0,836.75,127.716,128.103,127.698,127.938,16646.0,10579.15,1.25938,1.25963,1.25662,1.25739,11185.0,7400.75,102.02,102.73,101.87,102.69,6152.0,11674.95,23.615,23.63,23.535,23.57,719.0,1415.7,0.8457,0.84589,0.84382,0.84464,6794.0,3967.6,0.9629,0.96472,0.9628,0.96469,5221.0,2875.5,1899.9,1902.3,1897.6,1899.1,5797.0,6126.6,1.27908,1.28067,1.27894,1.28032,7067.0,5277.4,0.71788,0.71838,0.71656,0.71694,5644.0,4394.45,7.8461,7.84723,7.84609,7.8472,645.0,375.85,2022-04-27 06:00:00,117,0.9039461929224012,-0.010011092364910823,1.1091545833333332,1.149689883329418,1.0686192833372483,-0.05717201402281893,1.0028152569981261,0.992174836509977,-0.008601679224933267,-0.006747247130487459,41.40889218840219,7877.493499887525,4,0,1.0739528480229696,1.0501871519770305,2022-04-30 06:00:00,2022-06-03 01:00:00,2022-04-28 15:00:00,-1.0
2022-04-28 03:00:00,1651114800,1.05368,1.06288,1.05091,1.05092,6.59488,6.65529,6.59376,6.63104,53112.0,12122.15,7.372,7.372,7.352,7.354,187.0,5121.65,4.4835,4.4835,4.453,4.4535,1523.0,674.55,128.685,129.877,128.626,129.702,43548.0,11854.7,1.25401,1.25435,1.25089,1.25116,11359.0,8347.15,100.57,100.89,100.16,100.55,3408.0,9662.1,23.355,23.365,23.175,23.225,2028.0,1320.3,0.8403,0.84112,0.84,0.84,5834.0,4710.5,0.96928,0.97136,0.96902,0.97133,7318.0,3793.7,1883.3,1883.4,1877.4,1879.2,6412.0,7839.1,1.28187,1.2842,1.2814,1.28412,6397.0,6240.35,0.71195,0.71216,0.70934,0.70938,5985.0,4523.75,7.84722,7.84742,7.84695,7.8474,386.0,702.9,2022-04-28 03:00:00,118,0.8964562582905575,-0.01049836639769508,1.1081008333333333,1.150670096164936,1.0655315705017305,-0.06970691127649431,1.0026262703155329,0.9913442721661899,-0.010286557595510004,-0.0074551092234919685,39.81911381873807,7849.172957184014,4,0,1.0629000856223345,1.0389399143776656,2022-05-01 03:00:00,2022-05-23 13:00:00,2022-07-06 03:00:00,0.0
2022-04-28 15:00:00,1651158000,1.05153,1.0565,1.04713,1.04999,6.66554,6.66828,6.66019,6.66706,21907.0,24394.0,7.04,7.163,6.973,7.158,10922.0,3281.75,4.4165,4.4325,4.3915,4.3965,4907.0,1810.8,131.022,131.086,130.711,130.937,17968.0,20087.6,1.2439,1.24635,1.24358,1.2439,14262.0,9794.05,103.92,104.37,103.35,103.85,22948.0,7920.35,23.105,23.165,23.025,23.03,2914.0,2042.1,0.84538,0.84549,0.84388,0.84415,7980.0,5726.7,0.97162,0.97274,0.9705,0.9725,5479.0,4793.05,1887.3,1891.1,1886.3,1886.6,9519.0,6981.95,1.28386,1.28402,1.28252,1.28317,8854.0,5859.9,0.70758,0.70967,0.70736,0.70772,6977.0,5040.8,7.84642,7.84704,7.84594,7.84642,1011.0,751.15,2022-04-28 15:00:00,118,0.8964562582905575,-0.0008849389106688754,1.1070265277777775,1.1514883479757712,1.062564707579784,-0.07108023513679275,1.0014666806350538,0.9952957879791766,-0.011563581303562831,-0.008276803639506142,39.63108930534327,7821.03836131495,4,0,1.0619540478679534,1.0380259521320467,2022-05-01 15:00:00,2022-05-23 13:00:00,2022-07-06 03:00:00,0.0
2022-04-29 14:00:00,1651240800,1.05339,1.0593,1.04914,1.05467,6.63522,6.64464,6.62795,6.64142,20291.0,24379.8,7.031,7.109,7.012,7.057,7043.0,2732.95,4.4265,4.4365,4.419,4.4265,2004.0,1729.85,130.07,130.195,129.463,129.654,29378.0,13859.35,1.25546,1.25708,1.253,1.25552,20058.0,7682.3,106.84,107.99,106.84,107.5,25755.0,7897.4,23.235,23.275,23.08,23.095,4468.0,1763.4,0.8391,0.8405,0.83865,0.84006,9844.0,4054.25,0.97035,0.97118,0.9671,0.9705,8782.0,3281.75,1911.8,1915.8,1908.7,1912.5,11560.0,6909.4,1.2742,1.27912,1.2737,1.2779,12824.0,5351.5,0.71593,0.7165,0.71002,0.71138,8627.0,4103.9,7.84783,7.84784,7.84604,7.84618,1567.0,509.95,2022-04-29 14:00:00,119,0.8887010478292915,0.004457185306526723,1.1060124999999998,1.1518719022491108,1.0601530977508888,-0.06693450309700717,0.9987863502327743,0.9944208439535543,-0.012058986416099371,-0.009033240194824788,40.325444571065084,7793.121133665129,4,0,1.066759131435157,1.042580868564843,2022-05-02 14:00:00,2022-05-24 16:00:00,2022-05-12 13:00:00,0.0
2022-05-02 15:00:00,1651503600,1.05226,1.05788,1.05028,1.05216,6.67931,6.68395,6.67891,6.68222,7759.0,12086.8,7.425,7.52,7.378,7.463,8234.0,2863.7,4.2255,4.2825,4.2255,4.272,4506.0,1935.05,130.232,130.352,130.178,130.202,10748.0,11579.3,1.25193,1.25218,1.25037,1.25214,11676.0,7435.85,101.34,104.92,101.18,104.31,26762.0,7756.7,22.505,22.81,22.49,22.69,5895.0,2480.65,0.84048,0.84052,0.8395,0.8403,4672.0,3784.55,0.97736,0.97849,0.97711,0.97712,2297.0,2026.8,1862.3,1872.0,1859.3,1870.1,16113.0,8259.75,1.28936,1.29028,1.28818,1.28836,9311.0,5249.8,0.70482,0.70582,0.70342,0.70578,6132.0,4243.2,7.84784,7.84792,7.84776,7.84782,164.0,253.55,2022-05-02 15:00:00,122,0.8638670987837349,-0.002379891340419271,1.104886111111111,1.1519976479961043,1.0577745742261178,-0.07425324097256844,1.0000950425790753,0.9946874881839151,-0.01250992789838734,-0.0097285777355373,39.165286164698315,7765.419566162899,4,0,1.0641348639249002,1.0401851360750998,2022-05-05 15:00:00,2022-05-23 13:00:00,2022-05-12 13:00:00,0.0
2022-05-03 18:00:00,1651600800,1.05293,1.05776,1.04904,1.05256,6.64474,6.64852,6.64398,6.64493,6010.0,15772.95,7.806,7.987,7.79,7.892,16780.0,5411.55,4.2925,4.3,4.2855,4.299,1058.0,2197.2,130.104,130.206,130.078,130.19,6189.0,8652.9,1.24966,1.25004,1.24706,1.24908,6779.0,8151.5,102.93,103.08,102.1,102.98,17134.0,8081.75,22.67,22.67,22.535,22.635,1636.0,1973.4,0.84256,0.84305,0.84231,0.84268,4007.0,4184.0,0.97903,0.97986,0.9784,0.9787,3216.0,2347.45,1871.5,1871.6,1866.2,1869.8,5192.0,6691.4,1.284,1.28638,1.28388,1.2844,9247.0,6290.1,0.70972,0.70994,0.70794,0.70942,5068.0,4942.8,7.84774,7.84784,7.8476,7.84765,182.0,450.35,2022-05-03 18:00:00,123,0.8550745085896934,0.0003801703163015535,1.1038080555555556,1.1521091257491285,1.0555069853619827,-0.07115161999857263,1.0003515239036254,0.9954337467856602,-0.012688757516722715,-0.010320613691774384,39.55541202432852,7737.944536296705,4,0,1.064536582677663,1.040583417322337,2022-05-06 18:00:00,2022-05-23 13:00:00,2022-05-12 13:00:00,0.0
2022-05-04 18:00:00,1651687200,1.05445,1.06268,1.05061,1.06178,6.65969,6.67015,6.61268,6.61274,57025.0,12933.15,8.413,8.461,8.35,8.434,8846.0,4290.35,4.3185,4.37,4.286,4.3625,5129.0,2054.65,130.008,130.387,128.644,128.68,62541.0,9261.9,1.24889,1.25886,1.24518,1.25803,50842.0,8503.25,107.85,108.61,107.28,108.29,24181.0,9721.0,22.365,22.945,22.29,22.86,9119.0,2388.85,0.84416,0.84455,0.8434,0.84403,28444.0,4435.65,0.98348,0.98528,0.9733,0.97394,24470.0,3235.15,1867.3,1889.8,1862.0,1886.8,27473.0,5652.1,1.28154,1.2847,1.27304,1.27444,51388.0,6523.1,0.71516,0.72521,0.71253,0.7236,38305.0,5182.8,7.84886,7.84888,7.84812,7.84815,523.0,236.45,2022-05-04 18:00:00,124,0.8460288880917339,0.008759595652504393,1.1028477777777779,1.1517083375483461,1.0539872180072096,-0.06308471571732441,0.9930964983329882,0.9922554296683856,-0.01194876639129605,-0.010646244231678717,40.90406777877175,7710.744520424812,4,0,1.0740987358038045,1.0494612641961953,2022-05-07 18:00:00,2022-06-03 01:00:00,2022-05-12 13:00:00,0.0
2022-05-05 12:00:00,1651752000,1.05479,1.0642,1.05456,1.05534,6.65029,6.65118,6.64446,6.6503,17392.0,20555.35,8.483,8.551,8.35,8.434,6919.0,2781.85,4.3335,4.3575,4.331,4.352,3738.0,2055.25,129.998,129.998,129.721,129.903,16192.0,14665.5,1.23945,1.24142,1.23615,1.2389,20943.0,12652.65,109.34,109.64,108.98,109.29,11071.0,6537.35,23.045,23.285,22.98,23.27,5850.0,2632.95,0.851,0.85458,0.85098,0.85184,10860.0,7259.3,0.98128,0.98274,0.97948,0.98258,5745.0,4984.2,1897.8,1910.7,1897.7,1907.6,22470.0,7232.5,1.27688,1.27708,1.2757,1.27672,8940.0,8890.05,0.7192,0.72074,0.71785,0.71852,7231.0,7360.55,7.8491,7.8493,7.84882,7.84904,492.0,280.55,2022-05-05 12:00:00,125,0.8367329140344921,-0.0060652865942096845,1.1018084722222221,1.1514881519358169,1.0521287925086273,-0.06850507399663919,0.9994788409422555,0.9911576771283592,-0.011746565180306145,-0.010866308421404203,40.30071289695396,7683.79706578304,4,0,1.0676521396734187,1.043027860326581,2022-05-08 12:00:00,2022-05-24 16:00:00,2022-05-12 13:00:00,0.0
2022-05-06 08:00:00,1651824000,1.05214,1.05813,1.04828,1.05576,6.71416,6.71858,6.70926,6.71534,43856.0,29850.75,8.671,8.892,8.667,8.85,1967.0,5426.15,4.2885,4.319,4.287,4.2945,1666.0,2210.4,130.524,130.578,130.397,130.445,12794.0,10202.6,1.23131,1.23576,1.23052,1.23402,24156.0,9990.1,108.55,110.23,108.34,109.94,8917.0,9723.25,22.375,22.5,22.32,22.48,2858.0,2911.15,0.85452,0.85654,0.85407,0.85556,13187.0,5610.3,0.98609,0.98676,0.98316,0.98459,7666.0,3822.95,1874.2,1881.7,1873.1,1881.5,5611.0,8214.25,1.28536,1.28575,1.2824,1.28444,9740.0,8016.3,0.70744,0.71142,0.70656,0.70885,10064.0,6344.55,7.8498,7.8498,7.84929,7.84954,417.0,188.3,2022-05-06 08:00:00,126,0.8271893372462497,0.00039797600773217034,1.1006245833333335,1.1505777016290168,1.05067146503765,-0.07764418415350165,0.9965711904220657,0.9943390698685417,-0.011420777163943185,-0.010977202169912001,38.64496190120954,7657.110576513278,4,0,1.0677933627723932,1.0437266372276068,2022-05-09 08:00:00,2022-05-24 16:00:00,2022-05-12 13:00:00,0.0
2022-05-09 01:00:00,1652058000,1.05194,1.0599,1.05136,1.05242,6.7354,6.74752,6.72922,6.7323,45019.0,23375.5,8.079,8.079,8.018,8.039,538.0,5191.6,4.226,4.235,4.2165,4.2255,1898.0,2055.7,130.852,130.886,130.678,130.784,11031.0,9437.6,1.23038,1.23126,1.22962,1.23099,7035.0,12529.4,108.91,109.52,107.94,109.34,8165.0,9083.5,22.27,22.315,22.195,22.28,1694.0,2620.2,0.85501,0.85536,0.85458,0.85495,3694.0,6651.05,0.99064,0.99104,0.98998,0.99011,3996.0,4023.65,1880.9,1880.9,1876.2,1878.1,4314.0,6560.05,1.29399,1.29445,1.29276,1.29276,6450.0,9369.0,0.70131,0.70286,0.70044,0.70262,7096.0,7759.2,7.84985,7.84992,7.84976,7.84976,114.0,210.6,2022-05-09 01:00:00,129,0.7971015927871943,-0.0031635977873760712,1.0993818055555555,1.1496210316111115,1.0491425794999996,-0.08160126754112208,0.9995439083255736,0.9924898575337296,-0.011301817582303197,-0.01104212525239024,38.157128487479454,7630.676455041253,4,0,1.0644173120375693,1.0404226879624305,2022-05-12 01:00:00,2022-05-23 13:00:00,2022-05-12 13:00:00,0.0
2022-05-10 01:00:00,1652144400,1.05588,1.05926,1.04952,1.05623,6.76596,6.77608,6.75752,6.7706,64788.0,21248.85,7.073,7.082,6.835,6.969,1124.0,6168.6,4.193,4.1975,4.17,4.179,1548.0,2901.1,130.038,130.287,129.796,130.272,24726.0,10656.95,1.23306,1.2353,1.23237,1.23474,10689.0,9937.3,102.39,102.39,100.44,101.16,10662.0,12247.0,21.745,21.79,21.725,21.785,1304.0,3634.75,0.8563,0.85654,0.85527,0.85542,4959.0,5385.2,0.99276,0.99298,0.99194,0.99242,3706.0,3727.5,1853.7,1856.3,1852.4,1853.6,4023.0,6882.4,1.30257,1.3037,1.30206,1.30252,9982.0,8583.65,0.6921,0.69357,0.69108,0.69316,9832.0,6567.15,7.84974,7.8499,7.84969,7.8499,218.0,102.0,2022-05-10 01:00:00,130,0.7865965660866021,0.0036202276657608667,1.098298611111111,1.148853025950753,1.047744196271469,-0.07123922541791025,0.9996686327788454,0.9968090931404942,-0.010775888364980668,-0.010988877874908327,39.57101976411434,7604.51747321905,4,0,1.0682432873173773,1.0442167126826227,2022-05-13 01:00:00,2022-05-24 16:00:00,2022-05-12 13:00:00,-1.0
2022-05-11 02:00:00,1652234400,1.05337,1.05854,1.05252,1.05347,6.74207,6.7497,6.73156,6.7486,34763.0,19895.0,7.425,7.517,7.414,7.513,685.0,5843.5,4.2,4.2145,4.197,4.2045,1379.0,2349.55,130.39,130.424,130.324,130.353,5765.0,7874.75,1.23254,1.23384,1.23234,1.23372,5330.0,10010.1,101.09,101.72,100.85,101.69,4589.0,12412.7,21.39,21.475,21.35,21.43,1629.0,3578.05,0.85465,0.85468,0.8538,0.85386,2568.0,4849.35,0.9954,0.99593,0.99506,0.99563,1672.0,3095.15,1836.0,1838.5,1835.0,1837.0,3699.0,7817.9,1.3012,1.30156,1.30049,1.30076,4642.0,8320.0,0.6952,0.69615,0.69456,0.6954,3577.0,6647.3,7.84988,7.84988,7.8498,7.84984,82.0,161.95,2022-05-11 02:00:00,131,0.7758587728069828,-0.0026130672296754698,1.0972231944444446,1.1482564763576257,1.0461899125312635,-0.07092429854538287,0.9999050756072788,0.9951159143726264,-0.010461204352947506,-0.010883343170516164,39.63037364403371,7578.626393814186,4,0,1.0654489467849488,1.041491053215051,2022-05-14 02:00:00,2022-05-23 13:00:00,2022-05-12 13:00:00,-1.0
2022-05-11 17:00:00,1652288400,1.05308,1.05772,1.0502,1.05176,6.75046,6.75607,6.75046,6.75338,21436.0,25061.05,7.599,7.663,7.585,7.632,4381.0,2636.0,4.209,4.2135,4.187,4.196,2096.0,2311.8,129.935,129.935,129.444,129.558,12814.0,11862.2,1.22898,1.22931,1.22638,1.22678,13067.0,11154.95,105.89,106.44,104.78,105.5,15827.0,10472.9,21.55,21.62,21.475,21.53,5655.0,3215.85,0.85686,0.85767,0.85676,0.85732,6115.0,5974.9,0.99183,0.99334,0.99134,0.9932,4599.0,4799.1,1852.0,1856.3,1850.4,1851.9,8916.0,8538.05,1.29745,1.30068,1.29703,1.3003,12031.0,9023.45,0.69559,0.6962,0.69301,0.69366,10944.0,7199.15,7.85,7.85004,7.84996,7.85,55.0,114.95,2022-05-11 17:00:00,131,0.7758587728069828,-0.0016232071155323213,1.0962773611111112,1.1481265967247847,1.0444281254974377,-0.06273872608764029,1.0012550391724349,0.99561320576334,-0.010231851302460626,-0.010753044796905056,40.64611834514585,7553.00073591485,4,0,1.0635150012067407,1.0400049987932594,2022-05-14 17:00:00,2022-05-23 13:00:00,2022-05-12 13:00:00,-1.0
2022-05-12 13:00:00,1652360400,1.04152,1.05358,1.03888,1.03992,6.81072,6.8184,6.80898,6.80964,31676.0,25941.75,7.383,7.7,7.271,7.616,9749.0,1874.25,4.068,4.0965,4.058,4.064,8600.0,2372.8,128.116,128.253,127.518,127.952,31288.0,14937.4,1.22278,1.2241,1.21961,1.22057,19565.0,10561.05,104.04,106.25,104.0,105.8,27153.0,7465.8,21.01,21.19,20.9,20.905,7003.0,2704.1,0.85176,0.85297,0.85123,0.852,10499.0,5609.55,0.99676,1.00002,0.99598,0.99992,8921.0,3675.0,1844.7,1848.6,1837.5,1838.6,14417.0,5962.9,1.30149,1.30462,1.30026,1.30434,19414.0,8262.8,0.68732,0.68813,0.68424,0.68572,14935.0,6747.7,7.84999,7.85,7.84994,7.84998,93.0,128.25,2022-05-12 13:00:00,132,0.7648913904341226,-0.011257321061839298,1.0952256944444445,1.1485330416986541,1.041918347190235,-0.07028444415600317,1.0015385798907608,0.9885533134645684,-0.010880057871994087,-0.010778447411922862,39.81272198902162,7527.59389970513,4,0,1.0517991437239513,1.0280408562760484,2022-05-15 13:00:00,2022-05-19 10:00:00,2022-07-06 03:00:00,0.0
2022-05-13 14:00:00,1652450400,1.03645,1.0425,1.03492,1.03943,6.81261,6.81277,6.7967,6.80214,36142.0,24208.3,7.673,7.706,7.566,7.626,7649.0,2153.15,4.0875,4.154,4.0875,4.14,7740.0,1855.05,129.327,129.454,129.133,129.352,18451.0,10980.9,1.21732,1.22204,1.21732,1.22198,20025.0,7937.25,108.44,109.97,108.3,109.88,23131.0,6312.65,20.655,20.975,20.655,20.95,7206.0,2209.8,0.85137,0.85166,0.85036,0.85063,10595.0,4302.5,1.00328,1.00416,1.00095,1.00195,9539.0,3947.05,1804.6,1817.2,1804.5,1813.3,22395.0,6984.25,1.29772,1.29782,1.29244,1.29474,15109.0,6141.15,0.689,0.69226,0.689,0.69108,9553.0,4741.5,7.85,7.85004,7.84992,7.84997,253.0,114.3,2022-05-13 14:00:00,133,0.753697664392914,-0.0004711900915453926,1.0939743055555555,1.1482367479219155,1.0397118631891955,-0.08312913101701934,0.9971330440722319,0.9941966426858514,-0.011303011077503422,-0.010883360145038976,37.42463153193389,7502.410998895368,4,0,1.0508277556672194,1.0280322443327807,2022-05-16 14:00:00,2022-05-18 07:00:00,2022-07-06 03:00:00,0.0
2022-05-17 05:00:00,1652763600,1.04408,1.04544,1.03892,1.04473,6.78781,6.78796,6.77004,6.77368,12969.0,10582.5,8.053,8.087,8.023,8.05,371.0,3234.6,4.23,4.2375,4.218,4.232,1157.0,1481.1,129.394,129.416,129.293,129.342,4234.0,6678.15,1.2343,1.23495,1.23351,1.23481,3887.0,6191.1,113.77,114.24,113.53,114.21,1778.0,7710.35,21.6,21.69,21.6,21.685,620.0,1778.35,0.8459,0.84652,0.84582,0.84602,1766.0,3166.1,1.00181,1.00182,1.00094,1.00128,1823.0,3336.75,1822.6,1828.0,1822.6,1827.4,2045.0,5195.35,1.28292,1.28308,1.28185,1.28199,3569.0,6091.65,0.70037,0.70117,0.69983,0.7007,3489.0,4459.6,7.8496,7.84979,7.84959,7.84974,260.0,146.2,2022-05-17 05:00:00,137,0.7067265555776158,0.0050989484621377645,1.0925755555555556,1.1466484017663585,1.0385027093447528,-0.09203036383881247,0.9993778296784814,0.9986991123354759,-0.011082783405722996,-0.010923244797175779,35.51477145240625,7479.3530650059565,4,0,1.0556528206758282,1.0338071793241717,2022-05-20 05:00:00,2022-05-20 09:00:00,2022-07-06 03:00:00,0.0
2022-05-18 07:00:00,1652857200,1.0521,1.05639,1.04464,1.05164,6.75968,6.76448,6.75867,6.76084,15779.0,13611.9,8.194,8.233,8.167,8.21,507.0,2502.95,4.212,4.2145,4.1915,4.213,2388.0,1653.7,129.23,129.345,129.14,129.326,10219.0,7365.4,1.24418,1.24446,1.23936,1.23958,12088.0,8197.3,110.28,111.52,110.28,111.46,5874.0,7847.95,21.535,21.675,21.51,21.655,1066.0,1641.05,0.84564,0.84851,0.8455,0.8484,6354.0,4037.8,0.99561,0.99792,0.99556,0.99755,4055.0,3113.3,1807.5,1814.6,1807.2,1813.7,5049.0,5248.65,1.28294,1.28406,1.282,1.28404,6637.0,6146.15,0.70138,0.70158,0.70041,0.70098,5493.0,4804.6,7.84948,7.84962,7.84944,7.8496,320.0,507.8,2022-05-18 07:00:00,138,0.6944521021088763,0.006614149110296452,1.091296388888889,1.1448142408327016,1.0377785369450763,-0.08395274397325225,1.0004374120421438,0.9959389998012099,-0.010232715760815525,-0.010785138989903728,36.948758644144604,7458.365043259051,4,0,1.0628068563995288,1.0404731436004713,2022-05-21 07:00:00,2022-05-23 13:00:00,2022-07-06 03:00:00,0.0
2022-05-19 10:00:00,1652954400,1.04998,1.0542,1.04611,1.05283,6.77894,6.7796,6.75231,6.75539,22416.0,14996.75,7.961,8.195,7.944,8.178,2939.0,1937.45,4.185,4.2085,4.1775,4.2085,1377.0,1884.3,127.617,127.816,127.58,127.734,11031.0,10664.5,1.23984,1.24381,1.23974,1.24248,10349.0,7919.55,104.51,105.96,104.36,105.68,12223.0,10562.3,21.525,21.56,21.425,21.55,1373.0,1277.0,0.84685,0.84759,0.84602,0.84738,6370.0,4090.3,0.97674,0.97809,0.97622,0.9766,3549.0,3292.75,1827.7,1829.1,1824.6,1827.0,6415.0,4400.85,1.2828,1.28376,1.28151,1.28169,6599.0,6992.85,0.69936,0.70097,0.69914,0.70084,4990.0,5147.85,7.84716,7.84774,7.84714,7.84738,228.0,685.3,2022-05-19 10:00:00,139,0.6819721490904629,0.0011315659351109897,1.0901540277777777,1.1433914961739533,1.036916559381602,-0.07522135640728468,0.9972930102675646,0.9959969645228608,-0.009355167426362998,-0.010499144677195583,38.0924805281292,7439.358136850173,4,0,1.0639055029907167,1.0417544970092834,2022-05-22 10:00:00,2022-05-23 13:00:00,2022-06-16 08:00:00,0.0
2022-05-20 09:00:00,1653037200,1.05774,1.06072,1.05132,1.05914,6.68486,6.68689,6.67278,6.67718,16098.0,23169.45,8.085,8.092,7.988,8.059,1104.0,2545.45,4.305,4.3215,4.3015,4.319,1563.0,2234.55,128.09,128.298,128.048,128.124,9507.0,10161.05,1.24868,1.24908,1.24686,1.24781,7429.0,9176.45,109.69,109.84,109.33,109.52,4977.0,9073.05,22.005,22.055,21.985,22.055,750.0,1500.05,0.84709,0.84888,0.84692,0.84878,4287.0,4794.75,0.97276,0.97326,0.97186,0.97232,3097.0,3504.75,1843.7,1845.4,1841.7,1845.0,3456.0,5534.05,1.27884,1.27921,1.27764,1.27806,4437.0,7862.0,0.7069,0.70727,0.70616,0.70642,3560.0,5836.6,7.84816,7.84872,7.84783,7.84802,1333.0,1423.4,2022-05-20 09:00:00,140,0.6692903895412567,0.005993370249707919,1.0891615277777777,1.1420033682911381,1.0363196872644174,-0.06529120718860151,0.9986781728572237,0.9971905875254542,-0.008057656139525582,-0.010010846969661582,39.709101382488434,7422.278336061739,4,0,1.070393232694492,1.047886767305508,2022-05-23 09:00:00,2022-05-24 16:00:00,2022-06-13 12:00:00,0.0
2022-05-23 13:00:00,1653310800,1.06488,1.06876,1.05329,1.06662,6.66026,6.66559,6.65584,6.66034,37848.0,18365.15,7.931,8.282,7.889,8.263,5226.0,1283.6,4.337,4.339,4.3125,4.328,4998.0,1678.2,127.825,127.844,127.548,127.568,10881.0,7325.95,1.25676,1.25938,1.25562,1.25844,10446.0,6946.75,111.02,111.23,109.85,110.48,19850.0,6408.8,22.01,22.01,21.83,21.87,5050.0,1395.3,0.84734,0.84848,0.84671,0.84756,5476.0,3897.5,0.96514,0.96607,0.9645,0.96486,4462.0,3009.85,1854.3,1855.7,1851.2,1853.0,12595.0,4568.75,1.27934,1.28018,1.27804,1.27882,8784.0,5039.9,0.71036,0.71145,0.70953,0.71069,7321.0,4510.5,7.84959,7.84976,7.84952,7.84959,449.0,7623.0,2022-05-23 13:00:00,143,0.6300720909843687,0.00706233359140418,1.0881943055555556,1.1400799403366086,1.0363086707745026,-0.06324739717040018,0.9983686786296901,0.9963696246116996,-0.0063525671696156305,-0.009279191009652393,40.023494355624265,7407.080296144172,4,0,1.0780328084037178,1.055207191596282,2022-05-26 13:00:00,2023-01-13 02:00:00,2022-06-10 12:00:00,0.0
2022-05-24 16:00:00,1653408000,1.07433,1.07487,1.06544,1.0731,6.65804,6.66134,6.65605,6.65804,15728.0,15537.7,8.809,8.809,8.701,8.763,1187.0,589.3,4.303,4.317,4.296,4.307,3614.0,1713.05,126.558,126.666,126.485,126.568,8984.0,10110.8,1.25424,1.25548,1.25326,1.25353,9794.0,8496.1,109.88,110.07,109.31,109.84,11600.0,7049.0,22.13,22.145,22.07,22.09,1953.0,1525.65,0.85653,0.8567,0.85588,0.85604,4303.0,4719.85,0.95989,0.96079,0.95957,0.96052,2841.0,3366.55,1868.3,1868.9,1864.2,1866.0,5431.0,5260.05,1.28424,1.2847,1.28214,1.28392,10587.0,6077.2,0.70802,0.70988,0.70782,0.70886,6418.0,4555.45,7.84917,7.84971,7.84916,7.84966,795.0,518.45,2022-05-24 16:00:00,144,0.6166212130956382,0.006075265792878426,1.0873452777777777,1.1381649067870707,1.0365256487684846,-0.0554023506585296,1.0011462119094214,0.9994976136649083,-0.004427354248237814,-0.008308823657369478,41.35287294537015,7393.713562986223,4,0,1.0847126066860056,1.0614873933139943,2022-05-27 16:00:00,2023-01-23 01:00:00,2022-06-10 12:00:00,0.0
2022-05-25 22:00:00,1653516000,1.0681,1.0739,1.06421,1.06902,6.71043,6.71133,6.70961,6.71019,73.0,15947.1,8.978,9.062,8.947,9.027,383.0,697.8,4.2685,4.2765,4.2685,4.2735,109.0,1829.3,127.261,127.289,127.207,127.22,3882.0,7945.9,1.25794,1.2591,1.25784,1.25892,1838.0,8518.8,110.69,110.95,110.62,110.84,824.0,6747.9,21.975,22.005,21.975,21.985,231.0,1335.65,0.84911,0.84956,0.84878,0.84912,1901.0,4668.7,0.96185,0.96231,0.96144,0.96164,1773.0,3453.35,1851.8,1852.8,1851.3,1851.7,589.0,5152.25,1.28172,1.28182,1.28072,1.28164,3206.0,7232.4,0.7089,0.7098,0.70876,0.70944,1180.0,4977.0,7.84986,7.8499,7.84974,7.84979,69.0,155.55,2022-05-25 22:00:00,145,0.6029878670694713,-0.0038020687727143843,1.0863997222222221,1.135982588296453,1.0368168561479914,-0.061738820706743566,0.9991393987016145,0.9945991246857249,-0.0031940124523064384,-0.007285861416356871,40.40261644299085,7383.046768361717,4,0,1.0805827141880666,1.0574572858119335,2022-05-28 22:00:00,2023-01-13 02:00:00,2022-06-10 12:00:00,0.0
2022-05-27 11:00:00,1653649200,1.06986,1.07652,1.06626,1.07074,6.73633,6.73996,6.7147,6.7259,28605.0,16558.65,8.675,8.68,8.529,8.534,3122.0,3746.45,4.2835,4.2835,4.2655,4.272,1286.0,1089.8,127.098,127.111,126.874,126.92,7854.0,5711.55,1.25926,1.26274,1.25902,1.26166,8925.0,5630.45,113.75,113.78,113.19,113.49,6322.0,6195.0,22.31,22.41,22.275,22.315,2118.0,1072.75,0.84961,0.8503,0.84844,0.84869,4378.0,2870.25,0.95972,0.95986,0.95734,0.95852,3336.0,2422.65,1861.7,1864.3,1860.6,1862.3,6554.0,2626.9,1.27461,1.27528,1.27422,1.27443,4383.0,4271.35,0.71398,0.71478,0.71358,0.71432,3644.0,3112.3,7.84968,7.84981,7.8495,7.84975,320.0,312.5,2022-05-27 11:00:00,147,0.5751899607119775,0.0016089502535030498,1.085535,1.1339798164060624,1.0370901835939375,-0.056518983824327455,0.9991781384836655,0.9938133987292388,-0.0020541120429322657,-0.00623951154167195,41.163780868577895,7374.954183342383,4,0,1.0823157360560334,1.0591642639439665,2022-05-30 11:00:00,2023-01-13 02:00:00,2022-06-10 12:00:00,0.0
2022-05-31 08:00:00,1653984000,1.07368,1.0787,1.07014,1.07276,6.6735,6.67528,6.66514,6.6705,15971.0,12468.4,8.728,8.76,8.719,8.736,580.0,619.85,4.336,4.3665,4.3355,4.355,1671.0,1001.55,127.756,127.928,127.67,127.922,10394.0,6551.95,1.2607,1.26314,1.26048,1.26124,7187.0,5358.8,119.16,119.43,118.82,119.06,10866.0,5174.6,21.89,21.985,21.87,21.87,724.0,881.4,0.85181,0.85194,0.85054,0.85072,5110.0,2961.05,0.96115,0.96168,0.96032,0.9609,2783.0,1938.1,1857.5,1860.2,1854.8,1855.5,3347.0,2709.9,1.26796,1.26806,1.26624,1.26708,5041.0,3703.75,0.71818,0.71986,0.71816,0.71894,3592.0,2686.3,7.84786,7.84794,7.84726,7.84782,368.0,1210.95,2022-05-31 08:00:00,151,0.5175855102531889,0.0018865457534040786,1.0846797222222222,1.1317852876925136,1.0375741567519308,-0.055816217318143097,1.0008576009545471,0.9953462501158802,-0.0009764793912239167,-0.0051869051115823435,41.27712618278654,7369.317066023336,4,0,1.0843666205632394,1.0611533794367605,2022-06-03 08:00:00,2023-01-13 02:00:00,2022-06-10 12:00:00,0.0
2022-06-01 12:00:00,1654084800,1.07084,1.07468,1.0679,1.07262,6.69144,6.69288,6.67818,6.67874,28977.0,14244.1,8.175,8.369,8.175,8.319,5105.0,2454.35,4.291,4.3425,4.2895,4.3405,7036.0,1468.9,129.558,129.558,129.305,129.327,11920.0,6640.95,1.25728,1.25998,1.25688,1.25876,9245.0,5426.8,115.41,116.81,115.3,116.16,14038.0,8852.35,21.55,21.86,21.535,21.835,4302.0,1506.85,0.85185,0.85226,0.85118,0.85224,5036.0,3153.95,0.96238,0.96277,0.96014,0.96038,3905.0,2275.7,1831.7,1847.4,1830.9,1846.8,21634.0,4885.8,1.26429,1.26444,1.2618,1.26202,6330.0,4281.1,0.71958,0.72244,0.71941,0.72216,4606.0,3080.35,7.84672,7.84722,7.84588,7.84605,899.0,3695.8,2022-06-01 12:00:00,152,0.5027907197793043,-0.00013050449308327217,1.083968611111111,1.1302154384624001,1.037721783759822,-0.046629342625674745,0.9983405120173036,0.9964268433394126,-0.00013222042602545336,-0.004175968174470966,42.52772913018093,7366.005953231888,4,0,1.0840187204031144,1.0612212795968852,2022-06-04 12:00:00,2023-01-13 02:00:00,2022-06-10 12:00:00,0.0
2022-06-03 01:00:00,1654218000,1.07594,1.07631,1.06273,1.07601,6.62385,6.6385,6.62112,6.62545,30504.0,13855.95,8.427,8.431,8.392,8.42,190.0,4195.85,4.56,4.561,4.5415,4.553,1220.0,3064.4,129.758,129.836,129.686,129.756,6378.0,6123.75,1.25787,1.25834,1.25706,1.2578,3628.0,5851.3,116.89,116.98,116.52,116.57,2612.0,10918.9,22.47,22.505,22.395,22.485,795.0,1585.25,0.85536,0.85552,0.85478,0.85546,1992.0,3302.5,0.95709,0.95752,0.95705,0.95719,1337.0,3069.75,1876.7,1877.2,1874.1,1875.4,2962.0,6010.1,1.25729,1.25788,1.25694,1.2573,3297.0,4960.4,0.72652,0.7266,0.72556,0.72588,3319.0,3346.4,7.84408,7.84503,7.84408,7.84475,1217.0,679.75,2022-06-03 01:00:00,154,0.4727592092862775,0.0031604855400795273,1.0834104166666667,1.1290453388561124,1.037775494477221,-0.036670303995492155,0.99993494484252,0.9996562328697121,0.0008011701640990854,-0.0031805405067569558,44.061234743032735,7364.921629294462,4,0,1.0873738965203923,1.0646461034796075,2022-06-06 01:00:00,2023-01-23 01:00:00,2022-06-10 12:00:00,0.0
2022-06-06 17:00:00,1654534800,1.07006,1.07646,1.06839,1.06986,6.65428,6.65828,6.65276,6.65626,4943.0,14522.75,9.303,9.36,9.281,9.308,5808.0,3810.6,4.4375,4.4435,4.433,4.44,1093.0,2691.4,131.674,131.84,131.674,131.836,3669.0,6142.75,1.254,1.25485,1.25344,1.2539,5159.0,6223.35,118.45,118.87,118.14,118.63,10724.0,7694.45,22.11,22.18,22.08,22.165,2141.0,1925.55,0.85332,0.85335,0.85284,0.85322,2106.0,3300.85,0.96964,0.97137,0.96952,0.97132,2642.0,2458.65,1844.6,1846.1,1843.0,1844.0,5081.0,4229.3,1.25714,1.25782,1.25563,1.25604,5428.0,4276.25,0.72018,0.72107,0.71942,0.72045,3035.0,3025.15,7.84547,7.84552,7.84462,7.84476,312.0,4023.65,2022-06-06 17:00:00,157,0.4266740831899246,-0.005715560264309749,1.0826784722222222,1.1274486484949056,1.037908295949539,-0.04808399252969858,1.0001869403473351,0.9940545863292645,0.0010327306530673042,-0.002337886274792104,42.20783061272768,7365.901014202444,4,0,1.081122026848784,1.0585979731512163,2022-06-09 17:00:00,2023-01-13 02:00:00,2022-06-10 12:00:00,0.0
2022-06-08 08:00:00,1654675200,1.0689,1.07143,1.0652,1.06792,6.6845,6.695,6.6844,6.69484,22419.0,14682.0,9.347,9.38,9.322,9.369,288.0,3000.7,4.427,4.4305,4.4065,4.413,1246.0,1785.1,133.58,133.87,133.559,133.841,13690.0,8004.2,1.25484,1.25549,1.25187,1.2522,10121.0,6139.85,120.16,120.37,119.62,120.32,7826.0,9722.45,22.12,22.12,21.995,21.995,1421.0,1421.0,0.8518,0.85308,0.8515,0.85284,6179.0,3245.85,0.9761,0.97892,0.97597,0.97886,4643.0,2810.6,1852.3,1852.8,1848.7,1849.5,2980.0,4503.4,1.2542,1.25556,1.25412,1.25549,5595.0,4416.15,0.71942,0.71944,0.71765,0.71808,4580.0,3515.05,7.84748,7.84845,7.84728,7.84824,1958.0,5201.0,2022-06-08 08:00:00,159,0.395311788764915,-0.001813321369151133,1.0818670833333333,1.1255313764693466,1.0382027901973199,-0.05326060659210697,1.0009176717357104,0.9976386698151067,0.001047625843534572,-0.0016607838511267688,41.31481921979067,7368.818104346473,4,0,1.0791180864378072,1.0567219135621928,2022-06-11 08:00:00,2023-01-13 02:00:00,2022-06-10 12:00:00,-1.0
2022-06-09 12:00:00,1654776000,1.07284,1.07742,1.06715,1.07344,6.68058,6.69079,6.67944,6.68903,42056.0,19751.6,8.233,8.517,8.177,8.277,9616.0,6860.05,4.3845,4.397,4.383,4.395,3286.0,1545.7,133.712,134.022,133.626,133.789,28510.0,9846.35,1.2541,1.25488,1.25162,1.25318,22228.0,7297.9,121.93,122.3,121.54,121.67,11467.0,7166.35,21.925,22.055,21.91,21.94,2796.0,838.55,0.8555,0.85922,0.85534,0.85658,13867.0,4162.05,0.97747,0.97806,0.97519,0.97521,13065.0,2928.35,1848.2,1855.0,1845.6,1852.7,15131.0,3598.25,1.25648,1.25882,1.25618,1.258,11933.0,4195.2,0.71758,0.71779,0.71484,0.71578,9917.0,3662.2,7.84837,7.84854,7.8483,7.8485,452.0,3356.5,2022-06-09 12:00:00,160,0.3794528437245443,0.005168926511349037,1.0812301388888887,1.1240084462114537,1.0384518315663238,-0.041835045080643986,0.999441049336712,0.9957491043418537,0.0014876989888459313,-0.0010310872831322288,43.15113500597369,7373.605077324267,4,0,1.0847029399217678,1.062177060078232,2022-06-12 12:00:00,2023-01-23 01:00:00,2022-06-10 12:00:00,-1.0
2022-06-10 12:00:00,1654862400,1.05742,1.07432,1.05212,1.05225,6.70788,6.7237,6.70095,6.72218,54584.0,12654.35,8.899,8.923,8.67,8.813,8565.0,3131.75,4.332,4.348,4.3165,4.332,5110.0,1365.7,133.954,134.398,133.52,133.959,30410.0,9288.75,1.24376,1.24522,1.23826,1.23832,27099.0,7121.3,122.33,122.75,121.11,121.45,16625.0,6296.0,21.355,21.74,21.235,21.585,11498.0,1650.8,0.8502,0.85104,0.84936,0.84974,17612.0,4280.95,0.98392,0.98669,0.9824,0.98624,14376.0,3164.3,1836.6,1848.3,1826.5,1840.6,48343.0,5665.85,1.27544,1.27753,1.2729,1.27742,20263.0,4829.5,0.71155,0.71324,0.70701,0.7072,17040.0,3956.85,7.84944,7.84972,7.84932,7.84966,280.0,280.75,2022-06-10 12:00:00,161,0.3634816124829063,-0.019740274258458812,1.080314722222222,1.1227065279640214,1.0379229164804227,-0.060753748525971124,1.004913281064386,0.984269119070668,0.00012516143615437514,-0.000799837539274908,40.71297731435814,7377.452230973055,4,0,1.0642712065729247,1.0402287934270753,2022-06-13 12:00:00,2022-12-14 14:00:00,2022-07-06 03:00:00,0.0
2022-06-13 12:00:00,1655121600,1.0446,1.05447,1.04451,1.04655,6.75995,6.76008,6.74807,6.75448,22598.0,19534.25,8.65,8.82,8.504,8.776,4502.0,1917.85,4.1965,4.208,4.1855,4.206,5077.0,1902.0,134.502,134.506,133.871,134.044,28904.0,11518.35,1.21618,1.22089,1.21618,1.2195,19282.0,9299.95,118.62,119.25,118.59,118.93,8540.0,6923.65,21.59,21.67,21.45,21.485,6961.0,1828.3,0.85892,0.8593,0.85717,0.8582,10053.0,5505.55,0.99432,0.99434,0.99026,0.99175,9164.0,4089.5,1857.4,1860.4,1844.4,1845.2,29096.0,7791.05,1.28604,1.2861,1.28264,1.28348,12567.0,6317.15,0.69613,0.69911,0.69606,0.69842,8823.0,4801.9,7.84999,7.85002,7.84994,7.84998,115.0,228.55,2022-06-13 12:00:00,164,0.3149416207289519,-0.005416963649322759,1.0794368055555557,1.1219729185739908,1.0369006925371205,-0.05864473565871236,0.9981367349863837,0.9906398475063302,-0.0013984809363094541,-0.0009195662186818173,41.02513133607836,7380.381026100235,4,0,1.0584448103694275,1.0346551896305727,2022-06-16 12:00:00,2022-12-14 14:00:00,2022-07-06 03:00:00,0.0
2022-06-14 08:00:00,1655193600,1.04678,1.0485,1.0397,1.04657,6.74504,6.75665,6.74497,6.75213,26040.0,23166.75,8.641,8.69,8.619,8.67,762.0,3884.8,4.2295,4.2295,4.2115,4.212,1022.0,2219.4,134.421,134.457,134.016,134.187,13774.0,14951.95,1.21804,1.21852,1.21494,1.21525,15217.0,12237.2,122.01,122.03,121.6,121.8,7286.0,10851.7,21.245,21.265,21.145,21.16,1371.0,3109.65,0.85941,0.86148,0.85936,0.86116,8655.0,6868.45,0.99046,0.99092,0.98738,0.98898,7903.0,5951.5,1829.4,1832.0,1826.0,1827.5,6762.0,9893.65,1.28929,1.29124,1.28906,1.29103,9241.0,10353.95,0.69514,0.69515,0.6929,0.69326,6568.0,6368.35,7.84998,7.85,7.84992,7.84996,116.0,114.3,2022-06-14 08:00:00,165,0.2985688173637202,1.9110410395928312e-05,1.0785522222222221,1.121137192555378,1.0359672518890664,-0.05907607183090911,1.0002006554745502,0.9983595612780163,-0.0025746852915295992,-0.0012505900332513737,40.944635595871105,7382.438988791621,4,0,1.0584627186459674,1.0346772813540324,2022-06-17 08:00:00,2022-12-14 14:00:00,2022-07-06 03:00:00,0.0
2022-06-15 08:00:00,1655280000,1.04664,1.05078,1.03999,1.04939,6.72867,6.73022,6.72321,6.72603,9533.0,12857.9,7.243,7.323,7.238,7.288,507.0,8619.95,4.177,4.1905,4.17,4.1815,1093.0,2383.15,134.708,134.788,134.492,134.529,9346.0,9303.9,1.2032,1.20896,1.20282,1.20887,11672.0,10280.95,119.09,119.36,118.18,118.32,7698.0,11130.25,21.33,21.375,21.285,21.36,1071.0,1946.3,0.86987,0.87032,0.86778,0.86808,7688.0,5884.3,0.99904,0.99918,0.99714,0.99714,6629.0,5320.35,1822.2,1824.3,1818.6,1823.5,4878.0,6178.85,1.2967,1.29696,1.29448,1.29462,6513.0,7449.75,0.69073,0.69373,0.69054,0.6933,4720.0,5302.7,7.84999,7.85,7.84992,7.84998,109.0,96.05,2022-06-15 08:00:00,166,0.2821076626819193,0.0026945163725311527,1.0777738888888888,1.1204146530333121,1.0351331247444655,-0.052025356575512105,0.997379429954545,0.9960600696625364,-0.0032419145123827597,-0.0016488549290776511,41.986501172567635,7383.684719833314,4,0,1.0613121015713964,1.0374678984286037,2022-06-18 08:00:00,2022-12-14 14:00:00,2022-07-06 03:00:00,0.0
2022-06-16 08:00:00,1655366400,1.0397,1.04978,1.03593,1.04095,6.7216,6.72828,6.71861,6.72088,10867.0,9018.05,7.595,7.621,7.559,7.61,821.0,3638.45,4.1235,4.1455,4.1215,4.134,1450.0,1783.5,134.233,134.333,133.117,133.226,14725.0,8357.8,1.20909,1.21359,1.20806,1.21284,12194.0,9385.95,113.66,113.88,113.05,113.07,6480.0,8791.5,21.565,21.62,21.515,21.615,970.0,2347.05,0.8599,0.86044,0.85797,0.8583,8262.0,6280.5,0.97943,0.98437,0.97856,0.97994,12968.0,6776.55,1831.9,1835.4,1829.8,1835.0,5916.0,8282.2,1.29322,1.2936,1.29182,1.29247,7711.0,7162.45,0.69698,0.69899,0.69667,0.69856,5706.0,5750.45,7.84994,7.84998,7.84983,7.84986,170.0,159.35,2022-06-16 08:00:00,167,0.2655630278040559,-0.008042767703141829,1.0770409722222223,1.1203783070238957,1.0337036374205488,-0.049450972002442924,0.9987991738315961,0.9903979881498982,-0.00440100390749687,-0.002199284724761495,42.38286324662951,7384.122026155948,4,0,1.052662058365946,1.0292379416340538,2022-06-19 08:00:00,2022-06-21 06:00:00,2022-07-06 03:00:00,0.0
2022-06-17 08:00:00,1655452800,1.05176,1.06014,1.03836,1.052,6.7051,6.70831,6.70044,6.70482,9668.0,9800.7,7.409,7.469,7.409,7.458,448.0,4031.8,4.1085,4.111,4.0935,4.0945,798.0,2153.4,134.296,134.606,134.22,134.524,12220.0,10976.75,1.22996,1.23434,1.22867,1.23158,10505.0,8962.65,115.83,116.24,115.48,116.0,6021.0,8373.1,21.895,21.94,21.875,21.91,507.0,1797.85,0.85513,0.85542,0.85231,0.85421,7069.0,5756.7,0.96358,0.96571,0.96338,0.96558,6109.0,5436.75,1851.3,1853.7,1850.5,1852.7,4802.0,7092.8,1.29651,1.29714,1.29539,1.29712,5773.0,6008.8,0.69926,0.70032,0.69854,0.69926,4429.0,4817.95,7.84996,7.84999,7.84989,7.84994,115.0,151.0,2022-06-17 08:00:00,168,0.2489398085537665,0.010615303328690207,1.0765531944444444,1.1202196924899952,1.0328866963988936,-0.0328388833145869,0.9997718631178707,0.9920953836285773,-0.00437748700728724,-0.002634925181266644,44.99486945616234,7383.8455322397685,4,0,1.0640833922527642,1.0399166077472362,2022-06-20 08:00:00,2022-12-14 14:00:00,2022-07-06 03:00:00,0.0
2022-06-21 06:00:00,1655791200,1.05184,1.0546,1.04445,1.05324,6.69649,6.6994,6.69304,6.69483,10813.0,5461.8,6.739,6.747,6.683,6.683,244.0,717.6,3.986,4.004,3.98,3.997,1299.0,1047.75,135.052,135.274,135.031,135.147,6300.0,4050.1,1.22608,1.22792,1.22449,1.22768,6231.0,4024.55,109.94,110.09,109.45,109.47,4742.0,5206.2,21.515,21.545,21.455,21.48,2159.0,658.6,0.8579,0.8588,0.85743,0.8579,4152.0,2538.85,0.9673,0.96732,0.96584,0.96597,3926.0,2882.25,1836.9,1837.9,1834.2,1836.0,4461.0,2265.75,1.2944,1.29514,1.29336,1.29374,4675.0,2868.25,0.696,0.69644,0.69521,0.69593,3339.0,2173.35,7.84996,7.85,7.84994,7.84998,101.0,81.7,2022-06-21 06:00:00,172,0.1817597875913753,0.001178707224334552,1.0760545833333335,1.1199573063952424,1.0321518602714246,-0.03351726658839907,0.998670768295925,0.9973828939882421,-0.004210258814732359,-0.002949991907959787,44.872307604410665,7382.899774690936,4,0,1.065330743838622,1.041149256161378,2022-06-24 06:00:00,2022-12-30 15:00:00,2022-07-06 03:00:00,0.0
2022-06-22 16:00:00,1655913600,1.05798,1.06058,1.04688,1.0575,6.70984,6.71099,6.70454,6.70589,7581.0,8985.3,6.82,6.896,6.81,6.85,4985.0,2046.35,3.932,3.9545,3.93,3.9415,3362.0,2531.85,136.07,136.242,136.005,136.237,4373.0,7472.85,1.22776,1.22856,1.22644,1.22655,7805.0,7822.2,105.9,106.7,105.84,106.49,22112.0,14216.5,21.45,21.485,21.42,21.45,1525.0,1742.0,0.86173,0.8623,0.86144,0.86218,4353.0,4499.7,0.96176,0.9625,0.96132,0.96226,4635.0,4119.4,1840.1,1841.9,1837.7,1840.3,5272.0,6328.25,1.29353,1.29438,1.29205,1.29434,6644.0,5013.9,0.69318,0.69384,0.69236,0.69327,4216.0,3708.4,7.84996,7.85,7.84994,7.84996,44.0,82.05,2022-06-22 16:00:00,173,0.1648178466571979,0.004044662185257009,1.075607638888889,1.1196028110302716,1.0316124667475066,-0.029976443218653077,1.0004539007092197,0.9975485111919892,-0.003691430358288894,-0.003098279598025609,45.4519758041721,7381.341395686287,4,0,1.0696891773139188,1.0453108226860817,2022-06-25 16:00:00,2023-01-10 07:00:00,2022-07-04 11:00:00,0.0
2022-06-24 07:00:00,1656054000,1.05346,1.05846,1.04829,1.05236,6.69362,6.69705,6.6903,6.69404,8207.0,7658.4,6.069,6.15,6.04,6.137,157.0,1934.95,3.7385,3.7415,3.681,3.706,3987.0,2671.55,134.554,134.655,134.352,134.53,10031.0,6585.35,1.22746,1.22831,1.22583,1.22678,8976.0,6755.65,104.21,104.54,103.64,104.5,8259.0,10628.3,20.89,21.03,20.825,20.99,2174.0,2752.6,0.85824,0.85912,0.85717,0.85783,5176.0,3858.55,0.95963,0.96143,0.95926,0.96134,4799.0,4076.9,1824.4,1833.7,1822.3,1831.9,9025.0,7359.7,1.29804,1.29859,1.29752,1.29796,4907.0,5197.0,0.69111,0.69152,0.69013,0.69016,4059.0,3303.65,7.84924,7.84925,7.84912,7.84915,106.0,223.95,2022-06-24 07:00:00,175,0.1307926758567592,-0.004860520094562837,1.0750259722222222,1.1191291718965668,1.0309227725478776,-0.0390247972678241,1.0010452696795775,0.9952761559246454,-0.003652901734485292,-0.003209204025317546,44.09075516423973,7379.1808283348355,4,0,1.0644841261956228,1.040235873804377,2022-06-27 07:00:00,2022-12-15 15:00:00,2022-07-06 03:00:00,0.0
2022-06-28 01:00:00,1656378000,1.05762,1.06151,1.0514,1.0575,6.69668,6.70012,6.69214,6.69912,10320.0,4936.85,6.468,6.487,6.45,6.472,222.0,521.25,3.74,3.7585,3.739,3.7445,1013.0,1093.8,135.446,135.499,135.112,135.158,7268.0,5806.3,1.22717,1.22838,1.22648,1.22684,7445.0,6529.35,110.38,110.84,110.36,110.71,5607.0,10216.15,21.14,21.19,21.04,21.055,1650.0,1403.3,0.86183,0.86234,0.86166,0.86201,3799.0,3548.65,0.95594,0.95642,0.9553,0.95576,2736.0,3221.25,1825.8,1826.5,1824.0,1826.1,2093.0,5803.5,1.28642,1.2874,1.28554,1.28707,5488.0,4563.8,0.69273,0.69382,0.69162,0.6921,4154.0,3236.35,7.84605,7.8467,7.84566,7.84652,317.0,276.35,2022-06-28 01:00:00,179,0.062318379354325,0.004884260139116137,1.0744159722222222,1.1182524871525108,1.0305794572919336,-0.04069262445018074,1.0001134751773049,0.9963354089928499,-0.0031710584909412365,-0.003201574918442284,43.76702997275205,7376.476084077873,4,0,1.069628921552369,1.045371078447631,2022-07-01 01:00:00,2023-01-10 07:00:00,2022-07-04 11:00:00,0.0
2022-06-29 12:00:00,1656504000,1.05225,1.06063,1.04861,1.05212,6.69878,6.70016,6.69296,6.69526,9883.0,6315.85,6.769,6.771,6.636,6.735,4857.0,2440.25,3.8035,3.818,3.7865,3.809,4337.0,1514.8,136.496,136.622,136.341,136.576,11596.0,6456.0,1.2155,1.21706,1.21446,1.21536,10640.0,7177.15,113.16,113.95,113.07,113.75,16899.0,7102.0,20.935,21.055,20.905,20.955,4492.0,1229.7,0.86574,0.86586,0.8644,0.8657,6212.0,4058.55,0.95089,0.9532,0.95046,0.9526,6400.0,3607.75,1826.4,1834.9,1826.3,1833.0,16773.0,4588.95,1.28484,1.28627,1.28439,1.28581,5681.0,4133.35,0.6897,0.68998,0.6884,0.68862,4919.0,3155.8,7.84757,7.84757,7.84706,7.8472,284.0,338.25,2022-06-29 12:00:00,180,0.0451410177739719,-0.005087470449172682,1.0737052777777778,1.1173014692346386,1.030109086320917,-0.04748944877383788,1.0001235600501843,0.9920990354789134,-0.0031865823486669775,-0.003198576404487223,42.80976870977712,7373.233644097146,4,0,1.0642256910201073,1.0400143089798926,2022-07-02 12:00:00,2022-12-14 14:00:00,2022-07-06 03:00:00,0.0
2022-07-01 00:00:00,1656633600,1.04784,1.05266,1.03824,1.04714,6.69833,6.69995,6.69538,6.6991,4680.0,7204.4,5.664,5.735,5.657,5.721,764.0,6553.8,3.6885,3.7005,3.6875,3.694,1097.0,2307.65,135.802,135.988,135.77,135.962,6609.0,6547.3,1.21605,1.21615,1.21494,1.2154,6901.0,8229.55,106.21,106.72,106.16,106.6,3514.0,13085.65,20.225,20.24,20.135,20.19,677.0,2801.1,0.86168,0.86174,0.8613,0.86158,3731.0,4543.5,0.95514,0.95576,0.95498,0.9556,1867.0,4329.0,1807.3,1807.8,1804.0,1807.0,2056.0,8956.9,1.28729,1.28789,1.2867,1.28781,4913.0,5712.7,0.68979,0.69033,0.689,0.6891,4179.0,3926.8,7.847,7.8472,7.84686,7.84714,187.0,499.1,2022-07-01 00:00:00,182,0.0107513077635219,-0.004733300383986561,1.0729451388888889,1.1164578085015457,1.029432469276232,-0.05094609811334229,1.000668487499284,0.9954211236296622,-0.003559695543766228,-0.003270800232343024,42.385709118228114,7369.461898554342,4,0,1.0592297245591613,1.0350502754408386,2022-07-04 00:00:00,2022-12-14 14:00:00,2022-07-06 03:00:00,0.0
2022-07-04 11:00:00,1656932400,1.04519,1.04742,1.03655,1.04522,6.68724,6.68984,6.68641,6.68984,4843.0,5651.5,5.722,5.735,5.638,5.685,469.0,1638.6,3.601,3.608,3.5985,3.602,994.0,1464.2,135.392,135.427,135.262,135.327,4247.0,4195.7,1.21385,1.21633,1.21376,1.21537,6438.0,5727.25,108.62,109.44,108.62,109.3,6113.0,5814.55,19.765,19.805,19.76,19.76,351.0,1355.85,0.86104,0.86112,0.85976,0.85999,3667.0,3154.25,0.95951,0.96048,0.959,0.96036,3298.0,2973.4,1804.9,1809.2,1804.9,1806.2,3331.0,4205.9,1.2844,1.28524,1.28377,1.28482,2928.0,3494.4,0.68853,0.68874,0.68781,0.68784,2508.0,2916.0,7.84656,7.8466,7.8458,7.84584,288.0,233.65,2022-07-04 11:00:00,185,-0.0408443915432961,-0.0018335657123210725,1.0721868055555557,1.115702724977203,1.0286708861339084,-0.050919140475789264,0.9999712979085743,0.9978709591185962,-0.0039646167588012204,-0.003409563537634664,42.40104659578021,7365.183377187993,4,0,1.0572873985590647,1.0331526014409351,2022-07-07 11:00:00,2022-12-14 14:00:00,2022-07-06 03:00:00,-1.0
2022-07-06 03:00:00,1657076400,1.02654,1.04582,1.02352,1.02638,6.70755,6.71122,6.70634,6.70956,7287.0,7899.95,5.571,5.584,5.56,5.575,157.0,3106.35,3.3965,3.4,3.362,3.373,2698.0,3533.3,135.174,135.372,135.128,135.368,4417.0,6672.6,1.1968,1.19707,1.19568,1.19568,5931.0,8209.5,99.72,100.28,99.54,100.06,4884.0,20156.6,19.105,19.145,19.075,19.08,1248.0,2995.05,0.85777,0.85844,0.85772,0.85842,2811.0,4963.65,0.96736,0.96834,0.96718,0.96834,2584.0,3976.9,1769.1,1770.7,1767.3,1767.4,2014.0,9737.9,1.3038,1.30446,1.30304,1.30368,4435.0,5864.25,0.68106,0.68136,0.68018,0.68054,3472.0,4130.1,7.84708,7.84737,7.847,7.84706,238.0,306.1,2022-07-06 03:00:00,187,-0.0751895764147585,-0.018024913415357502,1.0712190277777778,1.115670567988988,1.0267674875665675,-0.0656838830041714,1.0001558876829244,0.9815647052073971,-0.005739587890138509,-0.003875568408135433,40.692952930490996,7360.312202587458,4,0,1.0389353039016889,1.0138246960983113,2022-07-09 03:00:00,2022-11-23 19:00:00,2022-07-12 12:00:00,0.0
2022-07-07 10:00:00,1657188000,1.02075,1.02768,1.01615,1.01906,6.7084,6.70842,6.70467,6.70598,4071.0,6955.85,5.592,5.66,5.564,5.595,1167.0,1666.55,3.5265,3.553,3.523,3.532,4747.0,3015.65,136.048,136.066,135.84,135.842,5109.0,5725.6,1.19978,1.20238,1.19898,1.19926,9656.0,8159.75,99.35,99.59,98.87,99.26,6634.0,12739.35,19.35,19.385,19.3,19.32,943.0,1916.6,0.8508,0.85084,0.84922,0.84977,5722.0,4495.8,0.97244,0.97322,0.97154,0.97266,4772.0,4134.6,1742.0,1743.2,1739.4,1741.2,5142.0,6940.6,1.30042,1.30087,1.29798,1.29816,4280.0,5128.3,0.68402,0.68484,0.68372,0.68398,2915.0,3893.1,7.84806,7.84832,7.8478,7.84801,694.0,235.2,2022-07-07 10:00:00,188,-0.0923313336953912,-0.007131861493793745,1.0700895833333335,1.1156541360788441,1.0245250305878228,-0.07677494093080811,1.0016583910662766,0.9932566557683327,-0.00764875800283682,-0.004630206327075711,39.22457200402822,7354.850310622506,4,0,1.03155819967985,1.0065618003201502,2022-07-10 10:00:00,2022-11-11 17:00:00,2022-07-12 12:00:00,0.0
2022-07-11 00:00:00,1657497600,1.01674,1.01987,1.00716,1.01546,6.69008,6.6968,6.68746,6.69172,6845.0,6524.45,6.353,6.361,6.314,6.353,594.0,2906.9,3.4765,3.486,3.454,3.4775,1783.0,2448.25,136.3,136.482,136.232,136.46,5617.0,5837.1,1.20172,1.202,1.20039,1.20088,8523.0,7953.9,104.41,105.05,104.25,104.76,4356.0,11198.05,19.275,19.28,19.215,19.265,522.0,1875.4,0.84606,0.8461,0.84558,0.84558,3978.0,4536.35,0.97778,0.97893,0.97775,0.9789,3618.0,4187.75,1740.6,1741.4,1738.2,1740.0,2524.0,6600.8,1.29486,1.29606,1.29476,1.29529,4811.0,5231.6,0.6845,0.68461,0.68357,0.68384,4155.0,3836.6,7.84902,7.84915,7.84896,7.84896,146.0,258.75,2022-07-11 00:00:00,192,-0.1605745445949937,-0.0035326673601162595,1.0689281944444444,1.115741044531275,1.0221153443576139,-0.07913175442156097,1.001260512477104,0.99693098139959,-0.009344560706485705,-0.00557307720295771,38.986934991044144,7348.817127466971,4,0,1.0279282270396577,1.0029917729603421,2022-07-14 00:00:00,2022-08-11 06:00:00,2022-07-15 06:00:00,0.0
2022-07-12 12:00:00,1657627200,1.004,1.01563,1.0,1.00532,6.73818,6.74128,6.73598,6.73856,9965.0,7605.15,6.7,6.75,6.584,6.624,5683.0,1617.55,3.3395,3.359,3.3395,3.3515,4161.0,1721.7,136.781,136.856,136.648,136.668,9343.0,5465.0,1.18335,1.18604,1.18335,1.18592,12703.0,7930.6,99.51,99.87,99.0,99.54,14223.0,7585.9,18.785,18.885,18.77,18.845,2863.0,1593.55,0.84842,0.84844,0.84738,0.84772,6188.0,4403.3,0.98411,0.98482,0.98272,0.98292,6316.0,3984.85,1733.6,1735.1,1728.8,1730.2,9248.0,4732.75,1.30384,1.3046,1.30332,1.3034,6646.0,4861.55,0.67344,0.67476,0.67321,0.67466,4549.0,3652.35,7.84989,7.84996,7.84986,7.84986,86.0,177.25,2022-07-12 12:00:00,193,-0.177529149187035,-0.009985622279558015,1.0675506944444446,1.1159283989269697,1.0191729899619195,-0.09408684508785349,0.998686985238531,0.988548979451178,-0.01137557922693433,-0.006733577607753034,37.098033093974394,7342.201304752749,4,0,1.0177558401613982,0.9928841598386018,2022-07-15 12:00:00,2022-07-20 09:00:00,2022-09-05 07:00:00,0.0
2022-07-13 20:00:00,1657742400,1.00592,1.01224,0.9998,1.0058,6.725,6.72658,6.72476,6.72548,749.0,10021.55,6.595,6.634,6.574,6.596,1039.0,3664.05,3.3145,3.318,3.3125,3.317,255.0,3859.6,137.31,137.443,137.31,137.44,1700.0,6493.25,1.18934,1.18954,1.1887,1.18904,2152.0,10252.7,95.81,96.56,95.68,96.4,1868.0,11028.95,19.12,19.15,19.11,19.145,469.0,2968.5,0.8458,0.8461,0.8456,0.84584,1324.0,5785.95,0.97895,0.97928,0.97855,0.97886,1447.0,5625.65,1731.4,1734.0,1730.1,1733.8,2514.0,9799.25,1.29717,1.29804,1.29684,1.29794,2193.0,7228.25,0.67614,0.67628,0.67538,0.67571,1127.0,5381.6,7.84994,7.85002,7.84994,7.84996,92.0,121.25,2022-07-13 20:00:00,194,-0.1944312200476619,0.00047745991326153536,1.0661029166666667,1.1155500182849378,1.0166558150483955,-0.09861280595526906,1.0001193080135216,0.9937564214020389,-0.012798906224699813,-0.007946643331142391,36.25889796994466,7335.041509602291,4,0,1.0181569762535898,0.9934430237464102,2022-07-16 20:00:00,2022-07-20 09:00:00,2022-09-05 07:00:00,0.0
2022-07-15 06:00:00,1657864800,1.00212,1.00592,0.99522,1.00163,6.76964,6.78444,6.76728,6.78278,14105.0,10917.9,6.649,6.714,6.641,6.709,258.0,3413.2,3.167,3.173,3.1315,3.133,3061.0,3147.35,138.968,138.998,138.668,138.678,7038.0,6451.45,1.18178,1.18268,1.18116,1.18142,11306.0,8924.05,96.27,96.53,95.52,95.57,4014.0,10991.05,18.255,18.295,18.095,18.1,2014.0,3457.15,0.84797,0.84814,0.84698,0.8478,4904.0,4678.9,0.98354,0.98415,0.98251,0.98258,4733.0,4321.9,1707.3,1707.3,1698.2,1701.5,8086.0,8591.6,1.31197,1.31316,1.3111,1.31278,5396.0,6538.5,0.673,0.67354,0.67192,0.67246,5261.0,4825.65,7.84994,7.84996,7.84975,7.84994,124.0,106.55,2022-07-15 06:00:00,196,-0.2280577712215198,-0.004145953469874786,1.0646691666666668,1.115524205582152,1.0138141277511816,-0.09808995711859539,1.0004892025997623,0.9962223636074439,-0.014100841550872545,-0.009177482975088422,36.3557059398874,7327.353288316926,4,0,1.0139284268182003,0.9893315731817997,2022-07-18 06:00:00,2022-07-18 17:00:00,2022-09-23 05:00:00,0.0
2022-07-18 17:00:00,1658163600,1.0167,1.02014,1.0007,1.01548,6.75548,6.75732,6.75358,6.75683,5127.0,7440.45,7.454,7.501,7.413,7.463,3239.0,2347.45,3.3445,3.3445,3.3225,3.3235,1578.0,2604.55,138.074,138.12,138.014,138.082,3280.0,4459.45,1.19765,1.19806,1.19548,1.19564,5723.0,7094.35,98.64,99.18,98.47,98.55,10192.0,8876.2,18.83,18.85,18.775,18.78,2217.0,1614.15,0.8489,0.84952,0.84884,0.84932,3050.0,3988.6,0.97632,0.97738,0.97561,0.97731,3574.0,3668.1,1710.1,1710.9,1707.8,1708.0,4957.0,5605.2,1.29462,1.29642,1.29346,1.2964,5650.0,4819.9,0.68329,0.6839,0.68187,0.68193,2671.0,3456.4,7.84996,7.84999,7.84995,7.84999,48.0,90.7,2022-07-18 17:00:00,199,-0.2779791393987801,0.013827461238181682,1.0635154166666667,1.1150176344159586,1.0120131989173748,-0.0786297213075429,1.001201402292512,0.9966279138157507,-0.013855339694730295,-0.010113054319016797,39.23489619780734,7319.234827132777,4,0,1.028418948289283,1.002541051710717,2022-07-21 17:00:00,2022-08-11 06:00:00,2022-08-22 19:00:00,0.0
2022-07-20 09:00:00,1658307600,1.02315,1.02734,1.01196,1.02516,6.75652,6.7576,6.75366,6.75521,5650.0,5897.95,7.238,7.318,7.217,7.305,596.0,2573.65,3.3465,3.3745,3.346,3.371,1883.0,2264.6,138.256,138.256,138.074,138.156,3783.0,4361.95,1.20045,1.20322,1.20012,1.2024,7469.0,6711.1,99.62,99.82,99.16,99.5,4901.0,9415.8,18.73,18.81,18.73,18.79,2244.0,1390.55,0.85231,0.85272,0.85128,0.8526,4324.0,3654.0,0.96962,0.96972,0.96798,0.9685,2651.0,3030.3,1705.7,1711.7,1705.6,1710.8,5532.0,4055.95,1.2868,1.2869,1.28572,1.28584,3364.0,4170.15,0.6906,0.69246,0.69051,0.69232,2921.0,2903.1,7.84994,7.84998,7.84984,7.84998,102.0,90.85,2022-07-20 09:00:00,201,-0.3108569682435036,0.009532437861897947,1.0624243055555556,1.1138000295127437,1.0110485815983674,-0.07383759452930722,0.9980393304459791,0.9959215060252692,-0.012732905594394106,-0.010637024574092258,39.936978019162794,7310.760102550767,4,0,1.0383995354882745,1.011920464511726,2022-07-23 09:00:00,2022-11-23 19:00:00,2022-07-26 17:00:00,0.0
2022-07-21 14:00:00,1658412000,1.02124,1.02781,1.01536,1.01916,6.77832,6.7881,6.77731,6.78518,20741.0,8320.55,7.757,8.176,7.681,8.127,14361.0,2918.5,3.2815,3.287,3.259,3.277,4096.0,2034.95,138.308,138.33,137.761,137.844,11882.0,6745.85,1.19338,1.19516,1.19124,1.19508,17320.0,8816.75,97.14,97.23,95.32,96.57,29322.0,10041.45,18.605,18.675,18.515,18.655,5511.0,2146.8,0.85579,0.85582,0.85276,0.85281,9513.0,5198.2,0.9707,0.97221,0.96916,0.96941,8579.0,4577.85,1704.3,1712.2,1702.2,1710.3,23117.0,8960.5,1.29081,1.29372,1.28862,1.28883,13498.0,5532.15,0.68957,0.69023,0.68779,0.68974,9463.0,4106.45,7.84925,7.8496,7.84925,7.84957,188.0,345.5,2022-07-21 14:00:00,202,-0.3271603271220951,-0.005852744937375642,1.0613323611111112,1.113001094838473,1.0096636273837494,-0.07431120011522485,1.0020408964245062,0.9936077679726798,-0.012187033799607505,-0.010947026419195309,39.93084016393444,7301.9270658956275,4,0,1.032331695888017,1.005988304111983,2022-07-24 14:00:00,2022-11-11 17:00:00,2022-08-22 19:00:00,0.0
2022-07-25 05:00:00,1658725200,1.02074,1.02554,1.01298,1.01989,6.75792,6.76212,6.75714,6.758,6592.0,7135.3,8.362,8.396,8.35,8.389,105.0,1282.25,3.3325,3.3355,3.317,3.331,1505.0,2530.65,136.214,136.384,136.212,136.314,3347.0,5518.45,1.19826,1.19838,1.19674,1.19708,5407.0,7887.55,93.91,93.99,93.55,93.93,3556.0,10379.45,18.485,18.485,18.415,18.46,875.0,2134.4,0.85186,0.85207,0.85156,0.85198,2922.0,3867.5,0.96301,0.96385,0.96294,0.96367,2589.0,3529.45,1724.6,1724.8,1721.8,1723.3,2041.0,6671.25,1.2929,1.29432,1.29274,1.2936,3330.0,4724.15,0.69094,0.69108,0.68982,0.69074,3125.0,3747.15,7.84894,7.849,7.84886,7.84892,119.0,668.2,2022-07-25 05:00:00,206,-0.3913578365610259,0.0007162761489853953,1.0602125,1.111931096186924,1.008493903813076,-0.07608801703328044,1.0008334232123073,0.995319538974589,-0.011562239273212427,-0.011070068989998733,39.61996961816731,7292.765077674323,4,0,1.0330503097569885,1.0067296902430114,2022-07-28 05:00:00,2022-11-11 17:00:00,2022-08-22 19:00:00,0.0
2022-07-26 17:00:00,1658854800,1.01272,1.02579,1.01076,1.01172,6.76659,6.77055,6.76546,6.77031,4188.0,6247.25,9.101,9.169,8.96,9.05,557.0,531.65,3.3835,3.391,3.3785,3.388,1398.0,2647.45,136.624,136.714,136.56,136.68,3062.0,3965.75,1.20252,1.20363,1.20222,1.20296,4973.0,7016.9,95.82,96.04,95.53,95.73,8622.0,9917.0,18.54,18.55,18.505,18.545,2641.0,1721.3,0.84217,0.84229,0.84096,0.84104,2613.0,3669.7,0.96248,0.96365,0.96206,0.96352,2321.0,2859.9,1717.5,1718.6,1715.2,1715.8,4107.0,3978.4,1.28828,1.28859,1.28741,1.28841,3766.0,4277.35,0.69411,0.69462,0.69336,0.69351,2318.0,3090.3,7.84966,7.84971,7.84962,7.84968,83.0,259.9,2022-07-26 17:00:00,207,-0.4071294853542516,-0.008010667817117567,1.0589991666666667,1.1111164652195225,1.006881868113811,-0.08282161348031193,1.0009884157672084,0.9872586006882501,-0.011592702373350416,-0.01117459566666907,38.945130593237494,7283.261123982407,4,0,1.0248803692891564,0.9985596307108433,2022-07-29 17:00:00,2022-08-11 06:00:00,2022-08-22 19:00:00,0.0
2022-07-28 09:00:00,1658998800,1.02176,1.02346,1.00968,1.01532,6.74564,6.75112,6.7453,6.75022,5776.0,7843.3,8.565,8.583,8.505,8.51,427.0,2758.25,3.4925,3.494,3.47,3.4725,1931.0,2248.5,135.311,135.452,135.296,135.426,5407.0,6533.25,1.21872,1.21872,1.21284,1.2129,10007.0,8198.25,98.94,99.52,98.93,99.13,7761.0,10719.6,19.36,19.415,19.28,19.285,1352.0,2883.2,0.83838,0.83876,0.83696,0.83712,5941.0,4649.35,0.95742,0.95976,0.95687,0.95976,4487.0,4025.35,1761.9,1763.4,1757.4,1757.7,5302.0,5104.5,1.28003,1.28192,1.27974,1.2817,4409.0,5029.3,0.70034,0.70054,0.69831,0.6985,3911.0,3652.65,7.84982,7.84991,7.84976,7.84988,46.0,349.25,2022-07-28 09:00:00,209,-0.4383067230125192,0.003558296761950075,1.0578438888888888,1.110096921747052,1.0055908560307256,-0.07874177910025514,1.0063428278769255,0.9983389678150587,-0.011197279419061346,-0.011179132417147526,39.55392575475963,7273.457417985343,4,0,1.0285741121392786,1.0020658878607214,2022-07-31 09:00:00,2022-08-11 06:00:00,2022-08-22 19:00:00,0.0
2022-07-29 14:00:00,1659103200,1.01658,1.02543,1.0114,1.01954,6.75578,6.75822,6.75004,6.75299,14863.0,7351.95,8.139,8.192,8.01,8.06,7264.0,1803.75,3.51,3.5625,3.51,3.554,10271.0,2290.1,134.116,134.332,133.61,133.663,12212.0,7691.0,1.20826,1.2171,1.20663,1.21625,17008.0,8727.6,99.69,101.88,99.61,101.61,39133.0,9666.05,19.95,20.235,19.91,20.195,7462.0,2362.25,0.84134,0.84152,0.83765,0.83828,8937.0,4308.95,0.95782,0.95893,0.95239,0.9524,8781.0,3695.1,1770.3,1780.2,1768.4,1779.7,16282.0,5165.05,1.28439,1.28492,1.28077,1.28127,10422.0,4549.45,0.69258,0.69792,0.69155,0.69762,8458.0,3585.7,7.84997,7.84998,7.8499,7.8499,164.0,106.75,2022-07-29 14:00:00,210,-0.4537030860313442,0.004156325099475833,1.0566025,1.1081758846360081,1.0050291153639916,-0.08403502352403083,0.9970967298977972,0.9913694742693309,-0.010423232609643396,-0.011027952455646702,38.597744552737666,7263.39697506905,4,0,1.0326619296728916,1.0064180703271082,2022-08-01 14:00:00,2022-11-11 17:00:00,2022-08-22 19:00:00,0.0
2022-08-02 06:00:00,1659420000,1.02677,1.0294,1.01772,1.02417,6.78465,6.78496,6.7711,6.77552,11071.0,7481.45,8.126,8.209,8.119,8.203,438.0,3235.35,3.473,3.518,3.469,3.515,3766.0,2621.1,130.654,131.093,130.636,130.866,8246.0,6184.8,1.22448,1.22448,1.22193,1.2221,10260.0,7341.0,93.15,94.39,92.99,94.31,7663.0,12131.5,20.135,20.27,20.13,20.225,1577.0,2349.6,0.83855,0.83885,0.83718,0.83804,5130.0,3666.65,0.95054,0.95196,0.95042,0.95196,4496.0,3239.1,1788.6,1792.2,1787.9,1790.5,4920.0,5736.0,1.28657,1.28714,1.2859,1.2864,5757.0,4613.65,0.69578,0.69601,0.6947,0.69494,5368.0,3779.95,7.84978,7.84981,7.84944,7.84958,166.0,167.5,2022-08-02 06:00:00,214,-0.5139010013093104,0.004541263707162235,1.0553231944444443,1.1054409851431515,1.0052054037457372,-0.0861192000840674,1.00253864104592,0.9974451136584417,-0.009328657672240226,-0.010688093498965406,38.167056344903806,7253.12256896559,4,0,1.037287947147046,1.0110520528529543,2022-08-05 06:00:00,2022-11-23 19:00:00,2022-08-22 19:00:00,0.0
2022-08-03 14:00:00,1659535200,1.017,1.02485,1.01252,1.01304,6.75992,6.76896,6.75987,6.76584,16356.0,6577.1,7.683,7.768,7.626,7.668,9070.0,2116.6,3.499,3.5005,3.4585,3.464,8044.0,1793.3,133.568,134.552,133.568,134.382,16576.0,7956.2,1.21483,1.21483,1.21042,1.21091,18745.0,7557.8,94.42,94.73,92.23,92.44,50262.0,10538.8,20.0,20.0,19.805,19.865,5826.0,1888.85,0.83705,0.83732,0.83577,0.83659,9136.0,3961.75,0.96101,0.96518,0.96101,0.96434,10065.0,3441.0,1782.9,1782.9,1770.0,1773.3,28168.0,6204.25,1.28446,1.28836,1.28446,1.28834,13075.0,4375.15,0.69372,0.69372,0.69038,0.6913,10062.0,3381.9,7.84998,7.85002,7.84994,7.84994,87.0,79.65,2022-08-03 14:00:00,215,-0.5285813283559292,-0.010867336477342726,1.0539493055555555,1.103184904988909,1.004713706122202,-0.09316851279817329,1.003909026297086,0.9923403424891446,-0.009252638474306352,-0.010401002494033596,37.51073178122317,7242.602158888484,4,0,1.0262055919698088,0.9998744080301911,2022-08-06 14:00:00,2022-08-11 06:00:00,2022-08-22 19:00:00,0.0
2022-08-05 12:00:00,1659700800,1.02312,1.02538,1.01228,1.01581,6.74934,6.76668,6.74676,6.76496,16929.0,4450.5,8.02,8.071,7.898,7.96,3421.0,1709.6,3.5445,3.5775,3.506,3.515,8497.0,1514.8,133.147,134.86,133.082,134.678,16117.0,5304.85,1.21394,1.21488,1.20256,1.20276,15475.0,5065.6,88.05,89.19,87.75,87.9,17933.0,7331.45,20.075,20.135,19.575,19.59,10439.0,1361.8,0.84282,0.8446,0.8416,0.84456,9465.0,2618.45,0.95544,0.96252,0.95527,0.96221,9956.0,2470.7,1804.0,1805.6,1782.1,1784.3,35116.0,5356.75,1.28908,1.29636,1.28793,1.29608,10735.0,3020.85,0.69502,0.69566,0.68842,0.68872,9460.0,2394.85,7.84987,7.84998,7.84984,7.84994,327.0,104.45,2022-08-05 12:00:00,217,-0.5574684374327892,0.0027343441522547085,1.0527176388888888,1.101256620521661,1.0041786572561167,-0.08369736617239693,1.0071962276409958,0.9977959390664924,-0.008866667439180853,-0.010094135483063049,38.66911990187063,7231.869708011457,4,0,1.0289788722854676,1.0026411277145326,2022-08-08 12:00:00,2022-08-11 06:00:00,2022-08-22 19:00:00,0.0
2022-08-09 10:00:00,1660039200,1.02379,1.02474,1.01416,1.02252,6.75464,6.75786,6.7546,6.75767,3038.0,4178.8,7.706,7.761,7.676,7.693,970.0,1693.3,3.6145,3.6145,3.5905,3.595,1346.0,1726.1,134.858,134.938,134.716,134.887,5588.0,4118.9,1.2126,1.2128,1.20984,1.21071,6244.0,4559.9,90.03,91.86,90.0,91.61,19391.0,8101.95,20.63,20.67,20.61,20.61,798.0,2065.1,0.8443,0.84528,0.84426,0.84457,2963.0,2182.1,0.95221,0.95342,0.95208,0.95338,2266.0,1910.75,1806.8,1810.7,1806.0,1807.0,6297.0,4020.8,1.28448,1.2863,1.28436,1.28601,3523.0,2774.6,0.69914,0.69934,0.69749,0.69784,2681.0,2209.45,7.8498,7.84984,7.84979,7.84983,68.0,148.05,2022-08-09 10:00:00,221,-0.6132298262997502,0.006605566001516072,1.0516916666666667,1.09960497735213,1.0037783559812035,-0.06975279600032414,1.0012420294957554,0.9990729355739016,-0.007927953181584568,-0.009660899022767353,40.52778703869928,7220.9756690308395,4,0,1.0358179224562902,1.0092220775437097,2022-08-12 10:00:00,2022-11-17 03:00:00,2022-08-22 19:00:00,0.0
2022-08-11 06:00:00,1660197600,1.0282,1.03688,1.02019,1.0312,6.73716,6.73969,6.73348,6.73632,9796.0,7550.4,8.289,8.299,8.236,8.262,254.0,2867.25,3.6625,3.6865,3.6555,3.679,3324.0,2406.65,133.161,133.182,132.592,132.685,7035.0,6806.5,1.21942,1.22256,1.21857,1.22236,8788.0,7444.4,91.9,92.16,91.72,91.76,4448.0,11517.2,20.46,20.535,20.44,20.52,1161.0,2339.4,0.84318,0.8438,0.843,0.84362,4240.0,3842.0,0.94392,0.94394,0.94096,0.9412,3518.0,3328.25,1801.6,1802.9,1799.2,1801.9,4000.0,6903.7,1.27829,1.27846,1.27634,1.27654,3800.0,3872.6,0.70752,0.70956,0.70719,0.70924,4076.0,3504.45,7.84632,7.84688,7.84601,7.84619,367.0,3558.0,2022-08-11 06:00:00,223,-0.6400381082043503,0.008488831514297912,1.0508791666666666,1.0981578779226304,1.0036004554107028,-0.055179256357862805,0.9970907680372383,0.9916287323508989,-0.006409724595928479,-0.00901066413739958,42.536742192284144,7209.976972204283,4,0,1.0447430921364602,1.0176569078635396,2022-08-14 06:00:00,2022-12-01 20:00:00,2022-08-16 22:00:00,0.0
2022-08-12 19:00:00,1660330800,1.02654,1.03644,1.02384,1.02606,6.7362,6.73786,6.73596,6.73686,2810.0,6456.95,8.763,8.794,8.756,8.774,1017.0,2032.65,3.677,3.679,3.673,3.6765,398.0,2176.1,133.486,133.532,133.436,133.486,1768.0,6044.65,1.21407,1.21412,1.21316,1.21374,3156.0,6895.25,91.99,92.03,91.5,92.03,4595.0,9193.6,20.755,20.815,20.73,20.79,2048.0,2044.45,0.84554,0.84602,0.84536,0.84538,1687.0,3207.1,0.94165,0.94218,0.94165,0.94184,1062.0,2961.5,1817.5,1818.6,1815.9,1818.0,4027.0,5374.15,1.27754,1.27798,1.27682,1.27695,2593.0,3784.5,0.7128,0.7128,0.71226,0.71248,1533.0,3302.95,7.83686,7.8393,7.83647,7.83878,2720.0,2050.65,2022-08-12 19:00:00,224,-0.65316012232693,-0.00498448409619856,1.0499747222222222,1.0966133358527084,1.003336108591736,-0.06153345492246447,1.0004678089000643,0.990448072247308,-0.005557212460774341,-0.008319973802074531,41.76904798018099,7198.863830765161,4,0,1.0395641531921973,1.0125558468078026,2022-08-15 19:00:00,2022-11-23 19:00:00,2022-08-18 15:00:00,0.0
2022-08-16 22:00:00,1660687200,1.01683,1.02683,1.01226,1.01707,6.79213,6.79284,6.79175,6.79238,542.0,5800.8,9.362,9.388,9.34,9.351,161.0,3222.05,3.6245,3.6265,3.622,3.6235,96.0,1658.55,134.243,134.304,134.224,134.288,1512.0,4681.5,1.20944,1.20982,1.20925,1.20963,5187.0,6194.45,87.1,87.28,86.81,86.95,1117.0,10239.3,20.105,20.115,20.085,20.085,278.0,1575.4,0.84079,0.84096,0.84062,0.84083,1961.0,3157.25,0.94994,0.94994,0.94933,0.94969,2970.0,2836.85,1790.8,1790.8,1789.7,1789.9,678.0,4135.85,1.28474,1.28516,1.28436,1.28438,1079.0,3826.1,0.70242,0.70254,0.70199,0.70212,847.0,2736.5,7.84169,7.84231,7.84072,7.84161,215.0,2735.7,2022-08-16 22:00:00,228,-0.7036774074790128,-0.008761670857454829,1.04901875,1.095491756302426,1.0025457436975742,-0.06548319165112458,0.9997640280413344,0.9902612896000311,-0.005543110788379657,-0.007764601199335557,41.38095118835932,7187.609321856145,4,0,1.030556904104545,1.0035830958954548,2022-08-19 22:00:00,2022-11-11 17:00:00,2022-08-22 19:00:00,0.0
2022-08-18 15:00:00,1660834800,1.01286,1.02031,1.01118,1.01125,6.79594,6.79908,6.79319,6.79892,7601.0,6412.35,9.417,9.421,8.913,8.962,16428.0,2420.8,3.642,3.645,3.6325,3.6395,2212.0,2230.55,135.206,135.34,135.076,135.301,4523.0,4834.5,1.20028,1.2014,1.19682,1.19688,7282.0,6442.3,89.88,90.1,89.44,89.66,15736.0,6302.15,19.685,19.7,19.515,19.57,5372.0,1592.95,0.84388,0.84498,0.8438,0.8449,3242.0,3121.3,0.9544,0.95479,0.95284,0.95472,3159.0,2839.85,1775.9,1777.1,1771.4,1773.4,12498.0,5083.0,1.29236,1.29466,1.29175,1.29461,5395.0,3451.6,0.69432,0.69517,0.69281,0.69288,3565.0,3397.65,7.84346,7.84486,7.8434,7.84445,904.0,467.55,2022-08-18 15:00:00,230,-0.7277014757264236,-0.005722319997640168,1.047914861111111,1.0941441144547144,1.0016856077675078,-0.07566000745557651,1.001592088998764,0.9926982975762269,-0.005933166620111674,-0.007398314283490781,40.07194963525533,7176.202699431815,4,0,1.0246457042386634,0.9978542957613366,2022-08-21 15:00:00,2022-11-11 17:00:00,2022-08-22 19:00:00,0.0
2022-08-22 19:00:00,1661194800,0.99332,1.01152,0.99262,0.99428,6.86974,6.87024,6.86599,6.86602,3891.0,7612.6,9.729,9.815,9.715,9.804,1552.0,2433.4,3.65,3.656,3.6495,3.6535,631.0,2081.7,137.521,137.524,137.38,137.444,2359.0,5158.15,1.17524,1.17678,1.17524,1.17648,3412.0,6181.45,90.22,90.76,90.22,90.69,5418.0,13286.4,18.875,18.91,18.85,18.88,1344.0,2179.2,0.8452,0.84552,0.84485,0.84511,1481.0,3275.0,0.96488,0.96492,0.96408,0.96409,1833.0,3217.7,1749.7,1751.0,1747.4,1748.2,2898.0,6534.05,1.30539,1.30542,1.30424,1.30466,2924.0,3714.75,0.68706,0.6879,0.68702,0.68785,1663.0,3311.65,7.84692,7.84699,7.84634,7.84695,803.0,359.2,2022-08-22 19:00:00,234,-0.7731383255706026,-0.01678121137206423,1.046590972222222,1.0934333257743576,0.9997486186700865,-0.09154707826504728,0.9990344772096391,0.9820072761784245,-0.00752488367779236,-0.007423628162351098,38.54657310391235,7164.582503905975,4,0,1.0079585072743074,0.9806014927256927,2022-08-25 19:00:00,2022-09-12 10:00:00,2022-09-26 07:00:00,0.0
2022-08-25 00:00:00,1661385600,0.99682,1.00186,0.99006,0.99826,6.87672,6.87762,6.86274,6.86544,9324.0,7378.65,9.25,9.289,9.25,9.276,44.0,1117.15,3.637,3.647,3.632,3.6455,652.0,1708.35,137.101,137.202,136.732,136.938,6392.0,4879.1,1.17906,1.18156,1.17836,1.18122,6396.0,6612.6,95.22,95.66,95.15,95.52,2934.0,12193.55,18.985,19.05,18.975,19.025,780.0,1460.75,0.84546,0.8456,0.84514,0.84514,3363.0,3402.55,0.9666,0.96714,0.9654,0.96594,3332.0,3189.7,1764.1,1766.6,1763.0,1765.7,2461.0,5179.55,1.29712,1.29761,1.29552,1.29586,3309.0,3836.1,0.69056,0.69269,0.69025,0.69235,3917.0,3203.4,7.84587,7.84623,7.84548,7.84574,745.0,286.0,2022-08-25 00:00:00,237,-0.8048257371083452,0.0040028965683711615,1.0454320833333333,1.092875867347109,0.9979882993195576,-0.08027539321240966,0.9985574900326568,0.9949693569959875,-0.008368708908991662,-0.00761264431167921,39.87869966035905,7152.787350128152,4,0,1.011972331605857,0.9845476683941431,2022-08-28 00:00:00,2022-09-12 10:00:00,2022-09-23 05:00:00,0.0
2022-08-28 23:00:00,1661727600,0.99484,1.00902,0.99349,0.99358,6.89381,6.92502,6.89193,6.91996,2319.0,8349.45,9.525,9.529,9.503,9.511,110.0,583.25,3.657,3.658,3.6505,3.653,163.0,1812.75,137.878,138.215,137.81,138.163,5017.0,5940.45,1.17118,1.17138,1.16843,1.16884,5110.0,7532.6,92.81,93.32,92.78,92.95,2311.0,10041.0,18.635,18.645,18.575,18.58,424.0,2035.7,0.84948,0.85048,0.84924,0.85005,3828.0,3956.5,0.96776,0.96881,0.96762,0.96874,2389.0,3456.65,1747.4,1748.0,1742.3,1746.2,3115.0,8240.3,1.30513,1.30688,1.30496,1.30624,2637.0,4625.2,0.68742,0.68772,0.68606,0.6865,3007.0,4395.15,7.84672,7.84792,7.84669,7.84792,476.0,434.9,2022-08-28 23:00:00,240,-0.8343701235229537,-0.0046881573938653,1.044272638888889,1.0926521377471594,0.9958931400306186,-0.0806758037588835,1.0012681414682258,0.9859467602227904,-0.009307788974358688,-0.007951673244215106,39.87483019600235,7140.813969356873,4,0,1.0072335598598163,0.9799264401401838,2022-08-31 23:00:00,2022-09-12 10:00:00,2022-09-26 07:00:00,0.0
2022-08-30 17:00:00,1661878800,1.00236,1.0055,0.99143,1.00174,6.92326,6.92457,6.92151,6.92232,7881.0,8499.2,9.1,9.136,9.07,9.104,3254.0,2124.35,3.5525,3.5595,3.54,3.551,2874.0,3073.65,138.694,138.769,138.674,138.749,3298.0,5524.1,1.16511,1.16634,1.16466,1.16544,7331.0,8127.05,91.56,92.16,90.98,91.83,19064.0,13963.95,18.3,18.32,18.255,18.285,3205.0,2309.75,0.86034,0.86041,0.85932,0.85956,3430.0,3945.65,0.97396,0.97443,0.97348,0.97402,3332.0,3871.5,1735.8,1737.4,1735.1,1735.8,5593.0,5809.4,1.31012,1.31084,1.3092,1.30952,5330.0,4652.9,0.68546,0.68612,0.68459,0.68572,3846.0,4487.25,7.84896,7.849,7.84881,7.84884,77.0,532.25,2022-08-30 17:00:00,242,-0.8528367217694595,0.008212725698987455,1.0432148611111112,1.091941108772775,0.9944886134494473,-0.07327621585172604,1.0006189230738514,0.9968771755345598,-0.009286523624155052,-0.008218643320203096,40.92382495948136,7128.718603719683,4,0,1.0156738164665273,0.9878061835334728,2022-09-02 17:00:00,2022-11-10 15:00:00,2022-09-23 05:00:00,0.0
2022-09-01 12:00:00,1662033600,1.00041,1.00792,0.99713,0.99884,6.9002,6.90494,6.89688,6.90366,8596.0,6219.75,9.1,9.181,9.015,9.151,4091.0,1642.0,3.461,3.466,3.4425,3.457,4215.0,2314.55,139.226,139.702,139.189,139.558,7396.0,4490.2,1.1567,1.15763,1.15498,1.15646,10063.0,7014.4,88.51,88.57,87.61,88.39,10996.0,7911.8,17.59,17.665,17.41,17.575,7981.0,2190.7,0.86488,0.86504,0.86368,0.86372,4596.0,3536.85,0.97884,0.98248,0.97875,0.98046,5416.0,3195.2,1712.7,1714.9,1705.3,1711.9,25790.0,5944.45,1.3157,1.3171,1.31546,1.31584,7504.0,4208.8,0.68328,0.68358,0.68144,0.68246,5265.0,3433.95,7.84802,7.84802,7.84789,7.84796,132.0,415.6,2022-09-01 12:00:00,244,-0.8702939222685674,-0.0028949627647893994,1.0420645833333333,1.091019130569181,0.9931100360974856,-0.07965757146150491,1.0015718233150455,0.9925490118263355,-0.009395372439532146,-0.008453989144068906,40.109863864342,7116.50355384197,4,0,1.0126989796731787,0.9849810203268214,2022-09-04 12:00:00,2022-09-12 10:00:00,2022-09-23 05:00:00,0.0
2022-09-05 07:00:00,1662361200,0.99072,1.00336,0.9878,0.99112,6.9415,6.9536,6.9397,6.95226,13095.0,8501.15,8.862,8.899,8.846,8.872,616.0,3650.6,3.433,3.442,3.4215,3.439,1684.0,2870.55,140.363,140.598,140.336,140.572,8347.0,5643.2,1.14758,1.14818,1.14612,1.1478,11405.0,8432.7,88.8,89.24,88.63,88.78,6229.0,8890.95,17.97,18.005,17.93,17.99,1379.0,2666.6,0.86333,0.86549,0.86291,0.86352,5791.0,4200.8,0.9829,0.98366,0.98172,0.98279,5331.0,4108.4,1722.6,1722.7,1719.1,1721.7,5078.0,7333.4,1.31503,1.31722,1.31473,1.31713,6069.0,5632.0,0.67942,0.67952,0.6773,0.6775,5731.0,4581.3,7.84877,7.84909,7.84876,7.84909,164.0,226.4,2022-09-05 07:00:00,248,-0.9020987014301838,-0.0077289656000960605,1.0406533333333334,1.0895416455976439,0.991765021069023,-0.09759881432049626,0.9995964161756398,0.9874023281773242,-0.009989423534890074,-0.00876107602223314,37.76814734561214,7104.148862634427,4,0,1.0046929144073538,0.9775470855926461,2022-09-08 07:00:00,2022-09-12 10:00:00,2022-09-26 07:00:00,0.0
2022-09-07 08:00:00,1662537600,0.99238,0.99866,0.9864,0.99076,6.97839,6.98979,6.97766,6.98923,9090.0,9195.6,8.002,8.043,8.002,8.031,666.0,3585.45,3.4435,3.4555,3.439,3.446,3816.0,2420.5,143.903,144.102,143.878,144.058,8523.0,7281.7,1.15144,1.15234,1.14921,1.14966,9617.0,7611.7,86.07,86.75,85.98,86.4,10068.0,10215.0,18.07,18.155,18.045,18.09,2140.0,2180.2,0.86185,0.86246,0.86152,0.8618,4202.0,3618.75,0.98218,0.98306,0.98174,0.98286,4387.0,3779.2,1714.0,1716.3,1712.5,1715.1,8562.0,6996.0,1.31742,1.31817,1.31646,1.31746,5160.0,4982.35,0.67312,0.67342,0.67156,0.67252,5245.0,4273.95,7.84966,7.84978,7.84961,7.84978,85.0,152.85,2022-09-07 08:00:00,250,-0.9164086366943458,-0.000363225441924353,1.039416388888889,1.088789270343768,0.9900435074340099,-0.08607731417794623,1.001635108401631,0.9937115735085015,-0.010369726546525015,-0.009082806127091517,38.944885799404176,7091.669690588515,4,0,1.0041003156806647,0.9774196843193352,2022-09-10 08:00:00,2022-09-12 10:00:00,2022-09-26 07:00:00,0.0
2022-09-08 19:00:00,1662663600,0.99918,1.00302,0.98756,0.99992,6.96116,6.96201,6.95838,6.95862,4995.0,10373.8,7.934,7.971,7.925,7.953,1238.0,2498.55,3.5415,3.556,3.5415,3.55,1988.0,3444.45,144.017,144.021,143.948,144.02,2095.0,7003.85,1.14976,1.15022,1.14944,1.15021,6027.0,10097.4,83.2,83.38,82.68,82.69,4493.0,11467.7,18.415,18.45,18.4,18.43,1117.0,2390.95,0.86902,0.86952,0.86892,0.86932,3443.0,5093.05,0.97168,0.9717,0.97068,0.97088,2935.0,5201.7,1718.2,1720.2,1717.8,1718.0,3062.0,8745.45,1.30976,1.31014,1.30864,1.30936,5227.0,5876.35,0.67463,0.67527,0.67446,0.67498,3008.0,5307.15,7.84917,7.84938,7.84914,7.84924,373.0,234.55,2022-09-08 19:00:00,251,-0.923157872964704,0.009245427752432533,1.0383895833333332,1.0879324085624869,0.9888467581041795,-0.07133032472833732,0.9992599407952636,0.996171561883113,-0.0098187989739138,-0.009230004696455973,40.895095938323614,7079.124365457034,4,0,1.013563446590921,0.986276553409079,2022-09-11 19:00:00,2022-09-12 10:00:00,2022-09-23 05:00:00,0.0
2022-09-12 10:00:00,1662976800,1.01471,1.01978,0.99966,1.0137,6.92333,6.92968,6.91978,6.92124,9627.0,5841.0,8.1,8.103,8.02,8.079,471.0,1439.75,3.608,3.6085,3.587,3.5875,1803.0,1865.7,142.73,142.87,142.584,142.607,6499.0,5109.3,1.16788,1.16851,1.16632,1.1682,9500.0,5957.35,87.66,87.75,87.4,87.42,4894.0,6911.25,19.16,19.215,19.12,19.155,1438.0,1480.5,0.86885,0.8689,0.86774,0.86776,5710.0,3321.2,0.95622,0.957,0.95334,0.95354,4633.0,3182.15,1736.0,1738.4,1734.1,1738.1,5390.0,4620.6,1.2988,1.30017,1.29878,1.30007,3968.0,3194.95,0.68717,0.68744,0.68592,0.6872,4035.0,2967.45,7.84876,7.84895,7.84876,7.84892,402.0,175.4,2022-09-12 10:00:00,255,-0.9474042892438844,0.013781102488199082,1.037568611111111,1.0867555253568395,0.9883816968653826,-0.05667437093760969,1.0009963500049324,0.9950283394457629,-0.008176006158062687,-0.009019204988777316,42.94175244190768,7066.58941347901,4,0,1.027973292156611,0.999426707843389,2022-09-15 10:00:00,2022-11-11 17:00:00,2022-09-14 02:00:00,-1.0
2022-09-14 02:00:00,1663120800,0.99804,1.01872,0.99556,0.99864,6.97254,6.97402,6.96732,6.97176,8215.0,9444.4,8.427,8.444,8.381,8.408,145.0,2766.35,3.537,3.548,3.534,3.544,1366.0,3568.65,144.534,144.547,144.334,144.381,6394.0,8118.25,1.1501,1.15118,1.15006,1.15072,4670.0,8347.75,87.45,87.66,87.41,87.53,1701.0,11025.35,19.295,19.355,19.29,19.305,737.0,3460.85,0.86777,0.86808,0.86758,0.8678,2485.0,4381.55,0.96127,0.96157,0.96076,0.9613,2052.0,4314.6,1709.9,1713.5,1709.6,1711.5,4001.0,10643.35,1.31686,1.31693,1.31576,1.31674,2907.0,5318.95,0.67412,0.6748,0.67312,0.67314,3612.0,4321.0,7.8492,7.84936,7.8492,7.84932,196.0,279.75,2022-09-14 02:00:00,257,-0.9578523554276668,-0.014856466410180569,1.0366876388888888,1.0863641961727828,0.9870110816049947,-0.061580759657896035,0.9993991828887288,0.979700015705984,-0.007997111431591541,-0.008814786277340163,42.50325020683134,7053.774615879189,4,0,1.012924781517047,0.984355218482953,2022-09-17 02:00:00,2022-11-10 15:00:00,2022-09-23 05:00:00,0.0
2022-09-15 20:00:00,1663272000,0.99946,1.00239,0.99558,0.99972,7.01528,7.0158,7.0144,7.0148,4204.0,8876.15,8.284,8.317,8.228,8.293,936.0,3861.05,3.476,3.4785,3.469,3.473,348.0,2584.85,143.462,143.508,143.435,143.494,1405.0,6366.4,1.14696,1.14732,1.14658,1.1469,2835.0,7213.2,85.2,85.24,84.92,85.11,1286.0,7846.15,19.145,19.2,19.145,19.175,594.0,2331.85,0.87144,0.87205,0.87134,0.87168,1564.0,3494.15,0.96122,0.96172,0.96077,0.96165,1211.0,3144.55,1673.0,1674.3,1672.4,1673.9,2164.0,12178.8,1.32304,1.32326,1.32262,1.32284,1769.0,4945.4,0.67026,0.67043,0.66988,0.67009,1004.0,3992.6,7.84912,7.84924,7.84909,7.8492,105.0,417.3,2022-09-15 20:00:00,258,-0.9626519747161488,0.00108147080028842,1.0359765277777777,1.0862884469165837,0.9856646086389718,-0.04994601022213886,0.9997399271796102,0.9970769860034518,-0.007679662726446601,-0.00858776156716145,43.80115259818877,7040.709445153383,4,0,1.013838554801908,0.9856014451980921,2022-09-18 20:00:00,2022-11-10 15:00:00,2022-09-23 05:00:00,0.0
2022-09-20 01:00:00,1663635600,1.00348,1.00507,0.99452,1.00242,7.00572,7.0173,7.0055,7.01698,10226.0,7596.25,7.869,7.877,7.836,7.837,97.0,2378.75,3.5225,3.529,3.5155,3.524,1538.0,1799.05,143.185,143.245,142.95,143.236,5118.0,4554.1,1.14312,1.14368,1.14168,1.14193,6303.0,5426.6,85.29,85.32,84.9,85.12,3894.0,9101.15,19.53,19.535,19.46,19.48,910.0,1985.8,0.87785,0.87798,0.87749,0.8778,3550.0,3325.1,0.96438,0.96524,0.96424,0.96518,2646.0,2725.9,1684.7,1685.5,1681.8,1682.8,3139.0,6281.2,1.32506,1.32612,1.32457,1.32598,3979.0,4555.25,0.67233,0.67283,0.6715,0.67178,4448.0,3058.5,7.84882,7.84952,7.84878,7.84922,370.0,288.5,2022-09-20 01:00:00,263,-0.9823516608469236,0.0027007562117393746,1.0353158333333334,1.0861281737164286,0.9845034929502384,-0.04636356379895147,1.0010574409927973,0.9984180206353787,-0.007128047214137068,-0.008295818696556575,44.26522001205548,7027.429063366696,4,0,1.0165989192454128,0.9882410807545873,2022-09-23 01:00:00,2022-11-10 15:00:00,2022-09-23 05:00:00,0.0
2022-09-21 18:00:00,1663783200,0.98745,1.00422,0.98131,0.99054,7.0624,7.08001,7.04776,7.04947,38389.0,10783.8,7.751,7.816,7.708,7.812,4917.0,2449.25,3.459,3.4975,3.4025,3.489,9565.0,2698.85,144.253,144.706,143.403,143.496,29724.0,7973.75,1.13233,1.13574,1.12368,1.13445,34025.0,8970.5,83.52,84.23,82.49,84.09,34464.0,12580.3,19.54,19.95,19.345,19.915,15951.0,3061.0,0.87222,0.87454,0.87126,0.87316,22951.0,5212.35,0.9655,0.97008,0.96203,0.96232,24062.0,4838.75,1677.0,1696.9,1661.3,1694.8,71935.0,9491.55,1.33832,1.34462,1.33583,1.33646,28972.0,6207.45,0.66644,0.67052,0.66215,0.6698,23287.0,4555.1,7.84992,7.84998,7.8499,7.84996,101.0,195.0,2022-09-21 18:00:00,264,-0.9854237542919524,-0.01185131980606946,1.034425138888889,1.0861022450513516,0.9827480327264264,-0.06273295180286603,0.996880489430008,0.9833004720081259,-0.007562330818861707,-0.008149121121017601,42.400758383694765,7013.903043817116,4,0,1.0047403608807068,0.9763396391192931,2022-09-24 18:00:00,2022-10-26 15:00:00,2022-09-26 07:00:00,0.0
2022-09-23 05:00:00,1663909200,0.9823,0.991,0.98073,0.98295,7.10475,7.10481,7.09937,7.10057,6629.0,9321.9,7.246,7.267,7.236,7.266,177.0,3134.85,3.441,3.454,3.44,3.447,1533.0,2041.3,142.298,142.308,142.122,142.142,5542.0,8905.55,1.12319,1.12436,1.12319,1.12406,7368.0,8465.6,82.94,83.37,82.91,83.3,2489.0,10277.8,19.575,19.69,19.575,19.685,628.0,2385.8,0.87458,0.87477,0.87414,0.87446,4198.0,4946.6,0.97836,0.97868,0.97792,0.97868,2531.0,4720.65,1676.5,1680.3,1676.2,1679.8,2077.0,8091.4,1.34936,1.34938,1.34771,1.34857,3044.0,4975.15,0.66144,0.66253,0.66138,0.66237,3247.0,3625.8,7.84946,7.84953,7.84936,7.84944,133.0,272.4,2022-09-23 05:00:00,266,-0.9906923101615608,-0.007662487128233031,1.033463888888889,1.0863631687428992,0.9805646090348789,-0.06804221883409016,0.9993387252657815,0.9912209889001009,-0.008421871183601937,-0.008203671133534469,41.89635388614384,7000.121575701926,4,0,0.9971257585861575,0.9687742414138425,2022-09-26 05:00:00,2022-10-26 15:00:00,2022-09-26 07:00:00,0.0
2022-09-26 07:00:00,1664175600,0.96415,0.98382,0.95514,0.96784,7.16749,7.16761,7.14717,7.15485,17978.0,10939.95,6.804,6.852,6.778,6.834,140.0,1612.9,3.278,3.3425,3.278,3.3125,5959.0,3802.1,144.003,144.046,143.654,143.828,17093.0,9310.55,1.06532,1.07506,1.06532,1.06758,27017.0,15126.2,77.52,78.86,77.34,78.47,10225.0,12491.4,18.54,18.76,18.525,18.65,3196.0,3817.9,0.90503,0.90708,0.90148,0.9066,22272.0,11297.5,0.98668,0.98681,0.98043,0.98272,11675.0,6187.0,1644.7,1657.2,1643.9,1651.4,14677.0,10303.6,1.3627,1.36277,1.35678,1.36086,11352.0,7647.8,0.64866,0.65328,0.64858,0.6504,10145.0,5993.0,7.84986,7.8499,7.84946,7.84988,342.0,194.5,2022-09-26 07:00:00,269,-0.9963950238187232,-0.015372094206215992,1.0322872222222221,1.087194350595158,0.9773800938492864,-0.08391378669897853,0.9961873863448503,0.9800065052550262,-0.01020468062966795,-0.008603873032761167,40.41064879793546,6985.016569257979,4,0,0.9821778709129247,0.9535021290870753,2022-09-29 07:00:00,2022-10-04 05:00:00,,0.0
2022-09-27 10:00:00,1664272800,0.96082,0.96976,0.95842,0.96272,7.17181,7.17966,7.16964,7.17318,9473.0,8850.3,7.088,7.117,7.048,7.048,47.0,346.65,3.3325,3.344,3.328,3.336,1108.0,2425.05,144.446,144.447,144.241,144.28,7711.0,7581.7,1.07892,1.08261,1.07833,1.07994,12704.0,12815.8,77.6,78.23,77.41,77.63,6322.0,8349.65,18.575,18.695,18.565,18.65,1536.0,2494.2,0.89058,0.89186,0.89003,0.89149,8995.0,9605.2,0.98981,0.98982,0.98638,0.987,6493.0,5820.6,1640.1,1645.5,1640.0,1644.4,6443.0,7393.8,1.37162,1.37162,1.36728,1.36841,6402.0,6304.1,0.64779,0.65,0.6476,0.64908,4872.0,4859.1,7.84986,7.8499,7.84986,7.84988,92.0,127.95,2022-09-27 10:00:00,270,-0.9977068927101168,-0.0052901306000991966,1.030911388888889,1.0877511962356214,0.9740715815421566,-0.0979394125611594,0.9980264251288017,0.9907812242204257,-0.011893609048897247,-0.009261820235988382,38.68247874965728,6968.6539316988365,4,0,0.9768284242363942,0.9486115757636058,2022-09-30 10:00:00,2022-09-30 17:00:00,,0.0
2022-09-28 12:00:00,1664366400,0.9566,0.96528,0.9536,0.95849,7.23336,7.24505,7.23124,7.23214,21504.0,12156.25,6.671,6.783,6.603,6.761,3847.0,979.4,3.284,3.3075,3.2805,3.3015,6989.0,2643.05,144.75,144.756,144.502,144.598,12403.0,7444.25,1.05799,1.06892,1.05722,1.06726,24754.0,14374.4,78.97,80.04,78.8,79.98,16063.0,7243.55,18.08,18.345,18.07,18.275,7121.0,2790.9,0.90426,0.90511,0.89726,0.8981,20252.0,11008.0,0.9878,0.98782,0.98399,0.98628,11288.0,5832.85,1632.1,1646.7,1631.8,1643.4,24006.0,8175.95,1.37646,1.37656,1.3709,1.37115,13157.0,7490.65,0.64037,0.64331,0.64034,0.64266,9754.0,5791.4,7.84985,7.84992,7.8498,7.84988,94.0,296.1,2022-09-28 12:00:00,271,-0.9987235240803972,-0.004393800897457223,1.02956625,1.0886025861431532,0.970529913856847,-0.09625913940919241,0.99802814844182,0.9910077904856621,-0.013418739758562226,-0.010093204140503152,38.87880945272491,6951.099900459498,4,0,0.9725123422309125,0.9444676577690873,2022-10-01 12:00:00,2022-09-29 14:00:00,,0.0
2022-09-29 14:00:00,1664460000,0.97417,0.97706,0.95756,0.97654,7.1261,7.14062,7.12198,7.12222,21273.0,12454.75,6.761,6.769,6.599,6.752,11312.0,2374.1,3.399,3.4,3.3605,3.3915,9732.0,3234.45,144.591,144.686,144.486,144.592,10298.0,7792.75,1.0982,1.10323,1.09492,1.10316,23792.0,13513.6,81.92,82.27,81.03,82.09,20018.0,7915.65,18.68,18.7,18.465,18.655,7643.0,2378.4,0.88708,0.88914,0.88469,0.88526,17744.0,9474.35,0.98176,0.98401,0.98032,0.98098,11324.0,5941.95,1661.8,1663.9,1653.0,1661.8,24100.0,7644.3,1.37143,1.37556,1.37098,1.37158,16979.0,7505.7,0.64763,0.64798,0.6448,0.64745,10116.0,5600.7,7.84995,7.85,7.84988,7.84991,114.0,155.05,2022-09-29 14:00:00,272,-0.9994446170919858,0.018831704034470986,1.0284659722222222,1.0884670924614708,0.9684648519829736,-0.07800045360917789,0.9975730640833965,0.9970421468487093,-0.013020836585125428,-0.010678730629427608,41.25722862314043,6932.491829758259,4,0,0.9915561969779606,0.9615238030220393,2022-10-02 14:00:00,2022-10-26 15:00:00,,0.0
2022-09-30 17:00:00,1664557200,0.97902,0.98539,0.97346,0.97948,7.12984,7.13508,7.12904,7.13132,7194.0,12138.6,6.902,6.902,6.828,6.865,3952.0,2236.0,3.414,3.4145,3.4005,3.401,2260.0,3210.7,144.714,144.755,144.662,144.726,3092.0,7283.6,1.11297,1.11579,1.11186,1.11502,9899.0,15544.95,79.97,80.09,79.68,79.86,9472.0,8584.15,19.05,19.13,19.015,19.045,4078.0,2383.0,0.87968,0.88037,0.87831,0.87844,5198.0,11232.95,0.98375,0.986,0.98368,0.98504,5352.0,7136.0,1672.4,1674.2,1669.0,1670.9,14961.0,7934.85,1.3785,1.38099,1.3778,1.38052,5391.0,7673.7,0.64302,0.64348,0.6418,0.642,3740.0,6078.6,7.84998,7.85006,7.84994,7.84995,42.0,180.2,2022-09-30 17:00:00,273,-0.9998699583618592,0.0030106293649005966,1.0274529166666666,1.0882709661962888,0.9666348671370443,-0.0718257345712555,0.9995303630497815,0.9935355544505221,-0.012326173567929866,-0.01100821921712806,41.943180311933915,6912.910390127074,4,0,0.9945620899083651,0.9643979100916349,2022-10-03 17:00:00,2022-10-26 15:00:00,,0.0
2022-10-04 05:00:00,1664859600,0.98335,0.98495,0.97529,0.9844,7.08269,7.08534,7.05368,7.05702,10678.0,10026.25,6.494,6.5,6.466,6.471,279.0,3278.75,3.44,3.4575,3.439,3.447,1643.0,1839.4,144.804,144.866,144.718,144.83,5494.0,5552.05,1.1321,1.13669,1.13187,1.13593,11136.0,9710.05,83.83,84.05,83.8,84.0,1543.0,9069.55,20.895,20.98,20.845,20.95,963.0,4468.1,0.8686,0.86862,0.86624,0.8666,7688.0,6578.95,0.99134,0.99265,0.99104,0.99197,4975.0,5468.95,1708.7,1713.5,1706.5,1712.3,3876.0,9472.65,1.36076,1.36224,1.35984,1.36018,5586.0,6427.1,0.64738,0.64956,0.64648,0.64946,4764.0,4388.25,7.84996,7.84999,7.84995,7.84997,91.0,135.95,2022-10-04 05:00:00,277,-0.9986126020839734,0.005023073467554262,1.0264552777777778,1.0877134921022114,0.9651970634533442,-0.07042892506397241,0.9989333604225923,0.99837555205848,-0.01124897406935288,-0.011056370187573024,42.08519734667344,6892.4391816942225,4,0,0.999584501337363,0.9692154986626371,2022-10-07 05:00:00,2022-10-26 15:00:00,,0.0
2022-10-05 12:00:00,1664971200,0.99054,0.99996,0.9838,0.99118,7.06606,7.06964,7.058,7.05888,21911.0,10843.5,6.762,7.022,6.627,6.974,9238.0,2263.3,3.463,3.48,3.4535,3.476,4819.0,2041.25,144.511,144.532,144.377,144.472,7987.0,5973.55,1.13316,1.13532,1.13046,1.13212,15684.0,10322.55,86.43,87.14,86.09,86.63,14072.0,6597.15,20.32,20.425,20.245,20.395,8021.0,2105.1,0.87414,0.87567,0.87314,0.87548,11087.0,6571.85,0.9851,0.98552,0.98102,0.98283,7860.0,4311.4,1714.6,1722.8,1712.6,1721.9,16454.0,6062.4,1.36174,1.36314,1.36038,1.3618,8377.0,5448.05,0.64402,0.6457,0.64365,0.64546,5950.0,4059.65,7.84984,7.84987,7.8498,7.84984,133.0,234.0,2022-10-05 12:00:00,278,-0.9975590477788612,0.006887444128403031,1.0255901388888888,1.0870598186235216,0.9641204591542561,-0.06094860378308596,0.9993543049698339,0.9905796231849274,-0.009735966210703051,-0.01079228939219903,43.196662225037684,6871.193939069564,4,0,1.0065725847060352,0.9757874152939647,2022-10-08 12:00:00,2022-10-26 15:00:00,2022-10-10 09:00:00,0.0
2022-10-06 19:00:00,1665082800,0.97926,0.99266,0.97883,0.97968,7.08462,7.08578,7.08172,7.08217,8764.0,14250.25,6.95,6.987,6.903,6.923,2147.0,3201.55,3.4365,3.4425,3.4335,3.4405,625.0,2910.0,145.08,145.14,145.027,145.124,3495.0,5800.8,1.11498,1.11622,1.11441,1.11567,11201.0,13663.95,88.61,89.05,88.56,89.01,5598.0,8139.6,20.68,20.71,20.665,20.71,854.0,2155.45,0.8783,0.87873,0.878,0.87811,7343.0,8598.85,0.99086,0.99128,0.99024,0.99052,4049.0,5617.65,1720.9,1723.4,1720.7,1722.6,2894.0,6318.9,1.3751,1.37555,1.37364,1.37501,8343.0,7804.15,0.64074,0.64143,0.63999,0.64101,4693.0,6112.5,7.84988,7.84992,7.84981,7.84982,74.0,173.2,2022-10-06 19:00:00,279,-0.9962102997023295,-0.011602332573296459,1.0245890277777778,1.0866746008141963,0.9625034547413593,-0.07099424265870453,0.9995712885840274,0.9865009167287894,-0.009356988928733045,-0.010505229299505833,42.292228067924206,6849.193991027814,4,0,0.9950957774465509,0.9642642225534491,2022-10-09 19:00:00,2022-10-26 15:00:00,,0.0
2022-10-10 09:00:00,1665392400,0.96886,0.9817,0.96816,0.97068,7.14986,7.15398,7.14438,7.1537,14146.0,10521.85,6.681,6.697,6.664,6.693,230.0,2664.75,3.4085,3.436,3.4085,3.433,2408.0,2166.5,145.51,145.512,145.424,145.452,5325.0,4130.3,1.10548,1.10999,1.10544,1.10746,12467.0,10206.6,91.74,92.24,91.64,92.01,6057.0,10889.6,19.645,19.81,19.645,19.795,2363.0,2587.25,0.8764,0.87712,0.87451,0.87651,8252.0,6273.45,0.99741,0.9982,0.99671,0.99742,4648.0,3899.55,1687.3,1691.7,1685.5,1687.9,8136.0,6429.15,1.37466,1.37466,1.37222,1.3723,7924.0,6153.55,0.6301,0.632,0.63008,0.63187,5098.0,4296.9,7.84988,7.8499,7.8498,7.84986,75.0,301.9,2022-10-10 09:00:00,283,-0.9878726596350428,-0.009186673199412021,1.023627361111111,1.0868836183859827,0.9603711038362395,-0.0689022092819021,0.9981250257551408,0.9869206478557605,-0.009671385771306551,-0.010338460593865976,42.55067349485735,6826.466546914976,4,0,0.9858872202523203,0.9554727797476795,2022-10-13 09:00:00,2022-10-21 19:00:00,,0.0
2022-10-11 18:00:00,1665511200,0.97526,0.97748,0.96704,0.9709,7.15874,7.17257,7.1578,7.17168,14329.0,16012.55,6.595,6.627,6.555,6.577,8237.0,2519.6,3.4465,3.4505,3.4115,3.414,1508.0,2633.7,145.653,145.846,145.65,145.81,4380.0,5654.45,1.11305,1.11338,1.10198,1.10202,14143.0,12867.2,89.77,89.79,88.3,88.47,20814.0,9835.5,19.465,19.48,19.115,19.135,3875.0,2597.05,0.87618,0.88116,0.87589,0.88108,8411.0,7486.15,0.99303,0.99762,0.99296,0.99736,5155.0,5290.75,1685.7,1686.6,1673.4,1674.5,8530.0,7457.2,1.37312,1.38102,1.37275,1.38085,11225.0,9176.1,0.63187,0.632,0.62662,0.62666,5791.0,6082.55,7.84999,7.85,7.8499,7.84995,84.0,163.4,2022-10-11 18:00:00,284,-0.9850556718215012,0.00022664523838966666,1.0226755555555558,1.0870202518591825,0.9583308592519291,-0.06820428858718426,1.0044906787516736,0.9977288537872898,-0.009789943003849166,-0.010228757075862615,42.62277434495231,6803.068718471854,4,0,0.9861126137039441,0.9556873862960559,2022-10-14 18:00:00,2022-10-21 19:00:00,,0.0
2022-10-13 09:00:00,1665651600,0.9714,0.97442,0.96679,0.97262,7.19426,7.1948,7.18716,7.19254,9995.0,10044.8,6.561,6.566,6.512,6.516,342.0,2505.15,3.453,3.4625,3.445,3.4475,2364.0,1954.15,146.828,146.88,146.734,146.804,5393.0,4363.45,1.11036,1.116,1.11002,1.1147,11334.0,9152.5,87.91,88.05,87.28,87.56,6113.0,7722.45,19.075,19.155,19.075,19.12,918.0,1953.2,0.87488,0.87516,0.87227,0.87253,8115.0,5124.65,0.99864,0.99882,0.99697,0.99864,4426.0,3245.0,1681.2,1684.3,1680.5,1681.1,5727.0,4322.6,1.3806,1.38074,1.37902,1.37977,6020.0,5790.1,0.62851,0.62992,0.62833,0.62925,4103.0,3806.75,7.84958,7.84986,7.8494,7.84944,102.0,235.3,2022-10-13 09:00:00,286,-0.9785481345802032,0.0017715521680914392,1.0216740277777778,1.0868654896450127,0.9564825659105429,-0.07152029661259478,0.998745656063005,0.9969007204285627,-0.009634055445256196,-0.01010981674974133,42.17709214780101,6779.060049305246,4,0,0.9878085703911968,0.9574314296088031,2022-10-16 09:00:00,2022-10-25 01:00:00,,0.0
2022-10-14 10:00:00,1665741600,0.97302,0.98088,0.96315,0.97341,7.21471,7.21745,7.19718,7.21134,18664.0,13389.3,6.655,6.71,6.615,6.645,692.0,2531.2,3.4445,3.462,3.4405,3.4475,1803.0,2765.1,147.703,147.724,147.543,147.674,8650.0,5913.6,1.1242,1.13115,1.12382,1.12475,18576.0,12536.25,88.46,88.59,87.88,87.98,4703.0,6459.25,18.685,18.79,18.67,18.69,1419.0,2161.9,0.86552,0.86566,0.86254,0.86542,14263.0,7404.2,1.00303,1.00324,0.99992,1.0028,7634.0,4931.65,1659.9,1663.7,1658.2,1661.8,10037.0,7722.35,1.37964,1.38004,1.37625,1.37804,10849.0,7713.2,0.62878,0.63135,0.62854,0.63021,7829.0,5670.9,7.84994,7.85,7.8499,7.84998,227.0,140.05,2022-10-14 10:00:00,287,-0.9748595108374124,0.0008122391067426626,1.0205875,1.0863581885996272,0.9548168114003728,-0.0773007587933197,0.9995993466268068,0.9919867873746024,-0.009339111569489522,-0.009955675713690968,41.39894891923392,6754.494214125017,4,0,0.9885145092435065,0.9583054907564934,2022-10-17 10:00:00,2022-10-25 01:00:00,,0.0
2022-10-17 16:00:00,1666022400,0.98418,0.98522,0.97074,0.98394,7.197,7.19954,7.19014,7.19556,12726.0,12464.95,5.997,6.07,5.987,5.993,5929.0,2974.6,3.429,3.4305,3.4135,3.4155,3155.0,2294.65,148.714,148.844,148.701,148.83,4448.0,4853.8,1.14248,1.14309,1.13889,1.13903,12263.0,11402.25,85.99,86.56,85.89,86.49,5407.0,4628.25,18.685,18.705,18.64,18.68,2385.0,2176.55,0.86145,0.86388,0.86125,0.86386,6906.0,6810.3,0.99532,0.99682,0.995,0.99606,4545.0,4690.15,1669.2,1669.4,1663.2,1663.4,7039.0,6206.1,1.37226,1.37232,1.37008,1.3712,8552.0,6790.35,0.63077,0.63123,0.62946,0.62956,5173.0,4855.6,7.84996,7.84998,7.84993,7.84998,89.0,225.4,2022-10-17 16:00:00,290,-0.9620675724981452,0.010817641076216633,1.0196306944444444,1.0855030434127564,0.9537583454761325,-0.06767213602238556,1.0002439173120312,0.998944398205477,-0.008161601563467347,-0.009596860883646245,42.57826808299758,6729.4549704990295,4,0,0.9994465491257091,0.968433450874291,2022-10-20 16:00:00,2022-10-26 15:00:00,,0.0
2022-10-19 08:00:00,1666166400,0.98394,0.98757,0.98125,0.98169,7.2356,7.24748,7.23556,7.24584,11425.0,10144.45,5.752,5.754,5.691,5.731,528.0,3081.85,3.345,3.345,3.3145,3.317,3019.0,2535.1,149.346,149.448,149.328,149.422,5786.0,4246.05,1.1278,1.12796,1.12458,1.12623,15050.0,10676.65,82.27,82.37,81.72,82.22,9979.0,10609.85,18.58,18.58,18.455,18.49,1174.0,1638.65,0.87246,0.87302,0.87132,0.87166,8463.0,5855.3,0.99805,0.99998,0.99801,0.99986,4951.0,3644.75,1649.5,1649.6,1644.0,1645.6,9258.0,6682.4,1.37534,1.37852,1.37531,1.3767,7371.0,6625.05,0.63047,0.63051,0.62858,0.62974,6287.0,4571.5,7.84994,7.84994,7.84976,7.84977,83.0,126.65,2022-10-19 08:00:00,292,-0.9521140536681102,-0.0022867248002927942,1.018555,1.084339711353651,0.9527702886463492,-0.0759369608173224,1.0022919658955476,0.9963243111880677,-0.00732552846400869,-0.009142594399718734,41.58243669166396,6703.979175158383,4,0,0.9970789398627506,0.9663010601372494,2022-10-22 08:00:00,2022-10-26 15:00:00,,0.0
2022-10-20 17:00:00,1666285200,0.98026,0.98455,0.97546,0.97852,7.24194,7.25205,7.24147,7.25202,12281.0,13675.35,5.403,5.425,5.352,5.368,5243.0,2553.95,3.4095,3.4095,3.395,3.405,2620.0,3254.8,149.916,150.058,149.91,150.052,3317.0,4714.6,1.12552,1.12558,1.1225,1.12252,16524.0,13430.85,84.92,85.53,84.6,85.42,13246.0,10432.4,18.755,18.755,18.625,18.655,4438.0,2524.95,0.87096,0.87185,0.8705,0.8717,9440.0,7971.95,1.00236,1.00442,1.0022,1.00418,5531.0,5387.7,1640.6,1640.7,1633.8,1635.1,10938.0,7266.5,1.37231,1.376,1.37214,1.37532,10310.0,7722.85,0.63128,0.63128,0.62869,0.62908,5119.0,5349.45,7.84976,7.84982,7.84956,7.84982,418.0,429.55,2022-10-20 17:00:00,293,-0.9467139181463862,-0.0032291252839491413,1.0173313888888886,1.0827660819573202,0.9518966958204572,-0.08620882308726587,1.0017781956423988,0.9956426793966787,-0.006839881124387159,-0.00868205174465242,40.334401193663076,6678.098944636412,4,0,0.9937498514849367,0.9632901485150631,2022-10-23 17:00:00,2022-10-26 15:00:00,,0.0
2022-10-21 19:00:00,1666378800,0.98442,0.98692,0.97049,0.9862,7.2332,7.2337,7.22688,7.22918,10526.0,17996.0,4.96,5.022,4.952,5.003,2250.0,2766.15,3.4685,3.48,3.4675,3.477,957.0,3539.5,147.461,147.662,146.63,147.659,11993.0,10543.25,1.12716,1.13114,1.12712,1.13017,10123.0,15512.55,84.86,85.21,84.85,85.2,3364.0,9941.1,19.22,19.275,19.2,19.255,2256.0,3987.7,0.87336,0.87358,0.87206,0.87257,6698.0,9319.85,0.99972,0.99972,0.9973,0.9979,4905.0,7903.3,1658.8,1662.0,1657.8,1660.3,7855.0,12716.3,1.36616,1.36624,1.36298,1.36392,6988.0,10287.05,0.63656,0.63932,0.63652,0.63898,4220.0,7231.55,7.8495,7.8498,7.84948,7.8498,315.0,309.65,2022-10-21 19:00:00,294,-0.9410336347451196,0.007848587663001227,1.0161244444444444,1.0805850668506651,0.9516638220382236,-0.08444776114305605,0.9981950922733726,0.9974668666153285,-0.005768791258593753,-0.008099399647440686,40.49109292248437,6651.881240027278,4,0,1.0016006778973208,0.9707993221026789,2022-10-24 19:00:00,2022-10-26 15:00:00,,0.0
2022-10-25 01:00:00,1666659600,0.98944,0.98996,0.9807,0.98878,7.31358,7.37274,7.30308,7.34172,21769.0,12872.0,5.186,5.2,5.173,5.2,47.0,1333.25,3.4365,3.441,3.403,3.417,3527.0,2516.3,148.977,149.064,148.893,148.945,3980.0,6028.85,1.13186,1.13246,1.12928,1.13176,13413.0,11433.05,84.86,85.0,84.5,84.74,3441.0,9508.8,19.295,19.36,19.145,19.21,1770.0,2391.2,0.87414,0.87474,0.87364,0.87368,6830.0,7201.5,0.99858,0.99993,0.99812,0.99976,4417.0,5667.15,1657.8,1659.1,1653.2,1654.3,4339.0,6852.35,1.36876,1.37144,1.36807,1.36996,9816.0,8461.65,0.63358,0.63417,0.63144,0.63254,7225.0,5708.1,7.84986,7.84989,7.84962,7.84987,345.0,277.45,2022-10-25 01:00:00,298,-0.9155458729775467,0.0026161022105049003,1.01501,1.0785287256408536,0.9514912743591464,-0.07802575996228332,1.0006674892291512,0.9994747262515657,-0.004658065110082155,-0.00741113273996898,41.19093623748463,6625.372605180697,4,0,1.0042325146458142,0.9733274853541858,2022-10-28 01:00:00,2022-10-26 15:00:00,,0.0
2022-10-26 15:00:00,1666796400,1.0048,1.0081,0.98488,1.0068,7.20676,7.20684,7.18818,7.20235,15537.0,14296.9,5.561,5.595,5.535,5.55,817.0,287.85,3.519,3.5545,3.519,3.5415,13358.0,3548.9,146.636,146.648,146.388,146.507,8220.0,6030.15,1.16023,1.16257,1.15918,1.16139,14116.0,10983.85,87.75,88.1,87.41,88.01,25247.0,8555.1,19.495,19.63,19.465,19.505,4463.0,2172.9,0.86604,0.8683,0.8659,0.86688,7995.0,6591.7,0.9876,0.98836,0.98529,0.98646,5185.0,4250.85,1671.0,1677.1,1670.4,1671.5,14096.0,7333.8,1.3559,1.35706,1.35334,1.35508,9431.0,6653.85,0.64897,0.65112,0.64885,0.64986,5645.0,4859.7,7.84986,7.84996,7.8498,7.84987,175.0,226.05,2022-10-26 15:00:00,299,-0.9084917035725082,0.018224478650457954,1.0141219444444445,1.0762528579936763,0.9519910308952128,-0.061573013942518094,0.9980135081446166,0.9967265152266639,-0.002297261830079278,-0.00638835855799104,43.22296180099207,6598.668910145476,4,0,1.0231756279755464,0.9904243720244533,2022-10-29 15:00:00,2022-11-11 17:00:00,2022-10-31 19:00:00,0.0
2022-10-28 02:00:00,1666922400,0.99953,1.00938,0.99577,0.99886,7.22824,7.25412,7.22523,7.24632,16017.0,15237.15,5.841,5.841,5.795,5.796,344.0,4006.05,3.508,3.511,3.4765,3.4865,3377.0,3288.2,146.423,146.859,145.96,146.209,8469.0,7918.55,1.1591,1.1592,1.15714,1.1589,12172.0,12235.4,88.45,88.51,88.0,88.15,2497.0,9582.65,19.59,19.62,19.53,19.585,1310.0,2484.75,0.86234,0.86282,0.8619,0.8619,7239.0,7685.0,0.98853,0.99004,0.98838,0.98906,3904.0,5141.05,1670.0,1670.9,1666.4,1669.2,3288.0,8199.6,1.3534,1.35426,1.35284,1.35308,6549.0,8180.3,0.64736,0.64765,0.64602,0.64684,5353.0,5599.25,7.8471,7.84837,7.84706,7.84819,606.0,616.8,2022-10-28 02:00:00,301,-0.8935790198239952,-0.007886372665871999,1.0130955555555556,1.0737205167968162,0.9524705943142951,-0.07137541697672134,1.0006707646717259,0.99024153440726,-0.00105484032204195,-0.005321654910801222,42.26437214755266,6571.774193612042,4,0,1.015177667344899,0.9825423326551009,2022-10-31 02:00:00,2022-11-10 15:00:00,2022-11-04 07:00:00,0.0
2022-10-31 19:00:00,1667242800,0.98882,0.99928,0.9873,0.9883,7.33714,7.33918,7.33578,7.3371,9355.0,10981.0,6.311,6.341,6.282,6.308,3063.0,4010.25,3.3805,3.381,3.373,3.379,875.0,2610.3,148.62,148.744,148.608,148.692,4678.0,5168.0,1.14707,1.14736,1.14609,1.14684,7864.0,9210.45,86.43,86.44,85.99,86.2,4069.0,10440.45,19.155,19.155,19.075,19.1,1158.0,1658.7,0.86203,0.86216,0.86112,0.86177,3485.0,5302.05,1.0012,1.002,1.00116,1.0014,3928.0,4228.75,1637.8,1637.8,1634.5,1635.1,5793.0,5668.55,1.36275,1.3637,1.3617,1.36232,6541.0,5886.2,0.63928,0.63968,0.63858,0.63967,4152.0,4304.15,7.84977,7.84989,7.84966,7.84972,113.0,360.2,2022-10-31 19:00:00,304,-0.8692328164574792,-0.010572052139439014,1.0119244444444444,1.0711261822271332,0.9527227066617557,-0.08187323727291393,1.0005261560254983,0.9895324633736291,-0.0009118053476874222,-0.004439684998178462,41.36207179150961,6544.683659485435,4,0,1.0045982006544791,0.9720017993455208,2022-11-03 19:00:00,2022-11-10 15:00:00,,0.0
2022-11-02 17:00:00,1667408400,0.98676,0.9954,0.9853,0.98808,7.3145,7.31608,7.30912,7.31178,9364.0,11054.7,6.221,6.255,6.177,6.204,7279.0,2700.6,3.4675,3.4705,3.46,3.465,1370.0,2012.45,147.061,147.161,146.974,147.048,4006.0,5685.9,1.14614,1.1484,1.14533,1.1472,8095.0,9596.55,90.09,90.13,89.65,89.7,8928.0,8979.7,19.59,19.665,19.57,19.635,2399.0,1554.95,0.86094,0.86174,0.86062,0.86117,4212.0,5187.35,0.99896,0.99958,0.9975,0.99812,2873.0,3581.45,1650.7,1653.5,1649.1,1652.9,5923.0,5206.1,1.36356,1.36414,1.36235,1.36315,4225.0,5359.05,0.64088,0.64208,0.6404,0.6414,2573.0,4091.35,7.84976,7.8499,7.84972,7.84984,194.0,174.85,2022-11-02 17:00:00,306,-0.8517119107469189,-0.0002226044723262488,1.0107031944444445,1.0681440283104549,0.9532623605784342,-0.08525136822908219,0.9986640757833374,0.9913200723327306,-0.0008068998225072566,-0.0037131279630442213,40.933369078798144,6517.427489372243,4,0,1.0043449071320267,0.9718150928679733,2022-11-05 17:00:00,2022-11-09 10:00:00,,0.0
2022-11-04 07:00:00,1667545200,0.97805,0.9976,0.97302,0.97639,7.26391,7.2902,7.2571,7.27909,24541.0,16597.1,6.101,6.174,6.078,6.132,1328.0,3225.8,3.5165,3.525,3.49,3.496,3782.0,3187.1,147.966,148.046,147.816,147.887,6894.0,5732.7,1.12216,1.12298,1.11918,1.12016,11656.0,9780.4,90.37,90.55,89.78,90.27,8601.0,8471.65,19.745,19.82,19.72,19.76,1767.0,2900.95,0.87154,0.87214,0.87104,0.87169,7572.0,6253.55,1.00957,1.01166,1.00866,1.01146,6145.0,4580.55,1649.4,1651.8,1646.2,1647.2,8365.0,8933.25,1.36536,1.3675,1.36446,1.367,8485.0,6639.35,0.63466,0.63536,0.63316,0.63372,6383.0,4701.35,7.8498,7.84996,7.84975,7.84994,168.0,141.4,2022-11-04 07:00:00,308,-0.8331829385891785,-0.011831025827868213,1.009405,1.0656347862020983,0.9531752137979018,-0.09142098101187153,1.0017001403127848,0.9804029671210905,-0.0016480490569386053,-0.0033001121818230983,40.47099602405955,6489.996008430402,4,0,0.9926166600394717,0.9601633399605282,2022-11-07 07:00:00,2022-11-07 14:00:00,,0.0
2022-11-07 14:00:00,1667829600,0.99938,1.00072,0.97514,0.99887,7.22822,7.2394,7.21558,7.23782,23114.0,16649.65,6.947,7.037,6.9,6.992,11221.0,3613.05,3.609,3.6155,3.589,3.591,6755.0,3326.4,146.326,146.498,146.083,146.436,10705.0,5860.65,1.147,1.14852,1.14455,1.14541,15780.0,10145.45,92.07,92.81,92.06,92.3,24079.0,7881.75,20.835,21.08,20.825,21.04,11496.0,2780.3,0.87129,0.87231,0.87084,0.87206,9053.0,6091.5,0.98874,0.99099,0.98771,0.99039,8192.0,4006.0,1681.1,1685.6,1680.5,1683.0,16766.0,6745.2,1.34861,1.35272,1.34796,1.35127,11613.0,6429.5,0.64734,0.64908,0.64624,0.64682,8648.0,4854.0,7.84992,7.84992,7.84984,7.84984,95.0,122.0,2022-11-07 14:00:00,311,-0.8035476485339116,0.023023586886387726,1.008445972222222,1.0629566055468982,0.953935338897546,-0.06684347029671343,1.0005105769519558,0.9986609641058438,-0.0004950115732943461,-0.002739092060117348,43.2435077007378,6462.5074992339205,4,0,1.016424104240563,0.9813158957594369,2022-11-10 14:00:00,2022-11-10 15:00:00,,0.0
2022-11-09 10:00:00,1667988000,1.0047,1.00965,0.99716,1.00458,7.25289,7.2682,7.25202,7.26215,15622.0,14104.25,6.13,6.188,6.114,6.185,669.0,3883.5,3.6515,3.657,3.6415,3.6545,1265.0,2592.3,145.771,145.88,145.686,145.686,8166.0,5902.25,1.14518,1.14529,1.14188,1.14367,15955.0,10239.8,88.22,88.48,88.07,88.21,6040.0,9655.6,21.35,21.425,21.285,21.415,1879.0,3665.0,0.87734,0.8796,0.87712,0.87838,10894.0,5521.3,0.98629,0.98648,0.9848,0.98552,5775.0,3380.25,1711.0,1712.1,1706.3,1711.9,10058.0,12089.75,1.3447,1.34672,1.34446,1.34528,7262.0,6423.05,0.64792,0.6481,0.64579,0.64678,5940.0,4875.4,7.84976,7.84976,7.84895,7.84939,379.0,305.75,2022-11-09 10:00:00,313,-0.7825970017677834,0.005716459599347301,1.0074895833333335,1.0597443101833002,0.9552348564833668,-0.06629890111807091,1.0001194529056918,0.9950973109493388,0.0008695051056096803,-0.0020173726269719426,43.26460346648932,6435.004845037562,4,0,1.022245607621816,0.986914392378184,2022-11-12 10:00:00,2022-11-11 17:00:00,,0.0
2022-11-10 15:00:00,1668092400,1.01639,1.01854,0.99354,1.01813,7.18132,7.18898,7.1763,7.17678,26091.0,14788.9,5.97,6.156,5.96,6.122,9622.0,2448.15,3.7815,3.7895,3.7675,3.784,6370.0,3120.95,142.088,142.402,141.548,141.569,27554.0,7912.55,1.16583,1.16868,1.16427,1.16804,25355.0,11293.45,85.31,86.68,85.12,86.63,24888.0,9951.4,21.815,21.875,21.76,21.83,8624.0,3055.8,0.87182,0.8723,0.87058,0.87168,14014.0,6640.45,0.96731,0.96852,0.96599,0.96714,12539.0,4881.2,1747.6,1757.2,1747.2,1754.5,34802.0,10170.35,1.33654,1.33747,1.33334,1.3337,17649.0,7229.8,0.65521,0.65978,0.65521,0.65965,14543.0,5458.05,7.84612,7.84674,7.84596,7.84648,1912.0,481.15,2022-11-10 15:00:00,314,-0.7717727365467837,0.013488223934380539,1.0070156944444446,1.0582324016465967,0.9557989872422926,-0.03296311731809286,0.9982909844518872,0.9978891354291436,0.003009573670499033,-0.0010119833674777476,46.61198713111174,6407.5549404771855,4,0,1.0357636478570078,1.0004963521429922,2022-11-13 15:00:00,2022-11-17 03:00:00,,0.0
2022-11-11 17:00:00,1668186000,1.0333,1.03452,1.01288,1.0342,7.0884,7.09217,7.08318,7.0856,24205.0,20286.6,5.872,6.041,5.775,5.905,10666.0,2593.75,3.877,3.917,3.8675,3.913,7441.0,3923.85,138.988,139.07,138.686,138.777,6976.0,10184.8,1.17944,1.18046,1.17842,1.17986,10772.0,12764.65,88.45,88.69,88.02,88.26,13608.0,8215.8,21.575,21.635,21.55,21.57,2726.0,2948.35,0.87611,0.87676,0.87593,0.87654,5728.0,7612.25,0.94508,0.94531,0.94192,0.9424,3650.0,5340.7,1766.8,1768.9,1765.8,1767.8,6922.0,8133.7,1.32747,1.32876,1.32604,1.32649,7334.0,7166.1,0.6693,0.67027,0.66864,0.66996,4789.0,5751.65,7.83662,7.84052,7.83512,7.83678,1323.0,2324.75,2022-11-11 17:00:00,315,-0.7607200913564104,0.015783838998949085,1.0068441666666665,1.057604492057649,0.9560838412756841,-0.01187085909123421,0.9991297621349836,0.9988207091211383,0.005933905752159019,0.0003771944564496056,48.798427740265794,6380.229484813765,4,0,1.052497036298922,1.0159029637010781,2022-11-14 17:00:00,2022-12-05 07:00:00,,0.0
2022-11-15 04:00:00,1668484800,1.03204,1.03642,1.02716,1.03212,7.04906,7.05094,7.0438,7.04697,9827.0,14758.95,6.058,6.085,6.058,6.074,132.0,3397.8,3.852,3.854,3.843,3.845,424.0,2690.9,140.402,140.626,140.318,140.406,4437.0,6823.05,1.17662,1.17702,1.17548,1.17624,4518.0,9267.4,85.49,85.53,85.32,85.35,1161.0,9469.9,22.105,22.13,22.075,22.11,224.0,2458.0,0.87712,0.87778,0.87696,0.87744,2414.0,5841.3,0.94524,0.94532,0.94482,0.94491,1638.0,3664.7,1774.3,1774.7,1773.0,1774.0,1084.0,7087.3,1.33053,1.33138,1.33029,1.33128,2688.0,5994.55,0.6702,0.67049,0.66936,0.66955,3080.0,4494.0,7.83496,7.83505,7.82978,7.83446,935.0,1223.8,2022-11-15 04:00:00,319,-0.7142921172691032,-0.0020112163991491405,1.0066434722222222,1.0568782251508002,0.9564087192936441,-0.013903210929761312,0.9999224896329886,0.9957739140502887,0.007991500337480195,0.0019000556326557237,48.59972479020097,6353.035280681566,4,0,1.0503859456486522,1.0138540543513477,2022-11-18 04:00:00,2022-12-01 20:00:00,,0.0
2022-11-15 21:00:00,1668546000,1.03538,1.04815,1.02802,1.03481,7.0445,7.048,7.04367,7.04764,6829.0,20687.45,6.132,6.176,6.13,6.161,745.0,2606.7,3.8215,3.826,3.8195,3.8195,307.0,2768.9,139.178,139.366,139.126,139.316,5067.0,11144.85,1.18624,1.18754,1.1862,1.18676,5547.0,14406.9,86.84,87.12,86.73,86.82,2757.0,10529.15,21.65,21.67,21.62,21.63,392.0,3801.4,0.8728,0.8728,0.8718,0.87198,3142.0,8687.9,0.9441,0.94496,0.94359,0.94471,2132.0,6393.0,1781.9,1783.2,1781.3,1782.2,1800.0,9659.75,1.3284,1.32846,1.32683,1.32785,3641.0,9536.5,0.6765,0.67707,0.67561,0.67564,2694.0,7483.35,7.82164,7.82164,7.81866,7.81958,1955.0,2190.05,2022-11-15 21:00:00,319,-0.7142921172691032,0.0026062860907647423,1.0064409722222223,1.0560909015624078,0.9567910428820368,-0.013991207984083712,1.0005508257554527,0.9878166292992415,0.009727091532960142,0.0034654628127166074,48.586771091811414,6325.994677118181,4,0,1.053122736482233,1.016497263517767,2022-11-18 21:00:00,2022-12-05 07:00:00,,0.0
2022-11-17 03:00:00,1668654000,1.03701,1.04386,1.03309,1.0372,7.13958,7.14828,7.12804,7.13144,18433.0,14707.9,6.282,6.291,6.213,6.241,392.0,3399.25,3.7295,3.7305,3.7145,3.7215,1438.0,2075.25,139.568,139.804,139.564,139.592,5798.0,7270.9,1.18786,1.18813,1.18666,1.1879,9268.0,11014.7,84.06,84.06,83.83,83.93,1385.0,7201.05,21.39,21.39,21.25,21.26,1178.0,2778.45,0.873,0.87318,0.87274,0.87315,5161.0,6265.4,0.94586,0.94686,0.94584,0.94613,1944.0,4103.25,1770.3,1770.3,1766.0,1766.8,4396.0,7024.95,1.33487,1.3362,1.33484,1.33502,4875.0,7172.8,0.67158,0.67161,0.66972,0.67104,4286.0,5064.45,7.82814,7.82922,7.82718,7.8272,816.0,1205.8,2022-11-17 03:00:00,321,-0.6897960046655887,0.0023096027290032684,1.0063888888888888,1.0558996498822597,0.9568781278955178,-0.003608983057273345,0.9998168145005786,0.9934378173318261,0.011166690429328163,0.005005708336038919,49.63220149473311,6299.127692958276,4,0,1.0554596621173056,1.0189403378826942,2022-11-20 03:00:00,2022-12-14 14:00:00,,0.0
2022-11-18 12:00:00,1668772800,1.03664,1.04068,1.03053,1.03614,7.12764,7.12798,7.11957,7.1266,11616.0,12082.85,6.126,6.16,6.1,6.156,1789.0,2492.75,3.663,3.6735,3.662,3.6725,2099.0,1536.15,139.862,140.082,139.743,139.97,6011.0,6078.15,1.19104,1.19412,1.18973,1.19004,9135.0,9110.95,81.24,81.38,80.36,80.38,12393.0,7721.3,21.16,21.235,21.12,21.175,1575.0,1378.4,0.87036,0.8709,0.86963,0.8707,5347.0,5172.75,0.9527,0.95384,0.95165,0.9536,3700.0,3001.75,1762.4,1764.8,1761.1,1762.0,4868.0,3596.5,1.33496,1.33526,1.3333,1.33489,6268.0,5055.5,0.67099,0.67274,0.67096,0.67138,4306.0,4064.7,7.82226,7.82324,7.82208,7.82269,592.0,918.6,2022-11-18 12:00:00,322,-0.6772399381909491,-0.001021982259930443,1.0061686111111112,1.0549925897853172,0.9573446324369054,-0.015190844473021518,1.000482560271778,0.9961179228965676,0.01208276716660417,0.00642112010215197,48.41336534613846,6272.44155340649,4,0,1.05419134558912,1.01808865441088,2022-11-21 12:00:00,2022-12-14 14:00:00,,0.0
2022-11-22 05:00:00,1669093200,1.02606,1.03868,1.02227,1.02537,7.15655,7.16462,7.15621,7.16182,12142.0,12854.4,6.61,6.613,6.517,6.539,630.0,2878.0,3.596,3.597,3.5855,3.5915,1366.0,1732.95,141.692,141.97,141.688,141.84,4619.0,5557.05,1.18558,1.18568,1.18341,1.18448,9321.0,8157.2,80.31,80.35,79.96,80.03,1584.0,17062.8,21.185,21.185,21.07,21.08,930.0,1758.2,0.86544,0.86598,0.86542,0.86566,3767.0,4161.6,0.95662,0.95786,0.95652,0.9574,1981.0,2939.85,1746.2,1746.4,1741.9,1742.6,2892.0,5071.25,1.3428,1.34382,1.34269,1.34328,3187.0,4991.4,0.66233,0.66238,0.66056,0.66096,3165.0,3607.45,7.80917,7.80917,7.80866,7.80866,155.0,1109.3,2022-11-22 05:00:00,326,-0.6250496486104377,-0.01039434825409713,1.0057815277777777,1.053521610757618,0.9580414447979375,-0.026817604345782894,1.0006729278211768,0.9878499634151037,0.011803650454594194,0.007497626172640414,47.264052775214495,6245.910361641095,4,0,1.043400014800924,1.0073399851990759,2022-11-25 05:00:00,2022-12-01 20:00:00,,0.0
2022-11-23 19:00:00,1669230000,1.03754,1.04052,1.02462,1.04008,7.16615,7.1675,7.152,7.1523,21531.0,12553.55,7.388,7.478,7.216,7.288,3197.0,1190.65,3.6315,3.6495,3.6265,3.6485,968.0,1361.4,139.872,139.978,139.162,139.402,13798.0,6313.35,1.20272,1.20692,1.20197,1.20654,17212.0,9604.8,77.47,78.03,77.46,77.83,23157.0,13559.5,21.42,21.63,21.385,21.605,3072.0,1974.1,0.8626,0.86278,0.86169,0.86203,9069.0,5214.25,0.94387,0.94457,0.94123,0.94194,8252.0,3724.65,1744.7,1754.9,1743.4,1752.9,11387.0,6104.6,1.33917,1.33998,1.33549,1.33596,14325.0,5638.2,0.67093,0.67376,0.6703,0.67332,10048.0,4454.75,7.81868,7.81868,7.81764,7.81795,851.0,562.45,2022-11-23 19:00:00,327,-0.6115298757991053,0.01434604094131875,1.0055395833333334,1.052384650527416,0.9586945161392508,-0.01660999866652002,0.9975578801630643,0.997136047360935,0.012623902028323197,0.008522881343776972,48.32429104621185,6219.595038713696,4,0,1.0586905216215696,1.02146947837843,2022-11-26 19:00:00,2022-12-14 14:00:00,,0.0
2022-11-28 01:00:00,1669597200,1.03784,1.04485,1.03412,1.03484,7.24495,7.25741,7.23877,7.24492,11219.0,9666.2,7.295,7.304,7.263,7.268,526.0,570.4,3.5795,3.5845,3.541,3.548,1649.0,1108.0,139.016,139.065,138.654,138.692,7306.0,5781.15,1.20688,1.207,1.20307,1.20385,10047.0,9030.4,75.85,75.86,73.86,74.34,13940.0,7691.5,21.295,21.295,21.08,21.115,2182.0,1295.95,0.85992,0.86033,0.85928,0.85962,4740.0,5998.9,0.94602,0.94724,0.94586,0.9466,4066.0,3300.95,1751.8,1751.8,1745.7,1746.5,3982.0,3339.85,1.34096,1.34737,1.34088,1.34648,5915.0,4519.4,0.67172,0.67181,0.66663,0.66718,5310.0,3717.2,7.8147,7.81614,7.81298,7.81298,879.0,468.65,2022-11-28 01:00:00,332,-0.5412984521036173,-0.005038073994308001,1.00529625,1.0513297775778772,0.9592627224221228,-0.016788435704641717,1.002898998879054,0.9932909030004308,0.012704681443315158,0.00935924136368461,48.31499576825422,6193.486080448472,4,0,1.0533595121010038,1.0163204878989964,2022-12-01 01:00:00,2022-12-05 07:00:00,,0.0
2022-11-29 11:00:00,1669719600,1.03826,1.04968,1.03302,1.03826,7.18172,7.18704,7.16969,7.17037,9205.0,13306.9,7.33,7.372,7.243,7.252,1441.0,2449.4,3.6505,3.667,3.6505,3.656,1360.0,1349.3,137.974,138.145,137.866,137.936,7431.0,6229.55,1.20102,1.20274,1.19852,1.20265,11014.0,9631.05,79.28,79.46,78.97,79.27,6723.0,11316.0,21.48,21.575,21.44,21.575,1050.0,1521.55,0.86447,0.86517,0.86296,0.86332,6105.0,5268.85,0.9489,0.95004,0.94844,0.94948,3896.0,3475.15,1769.3,1771.6,1767.4,1771.6,4456.0,3516.85,1.34542,1.34598,1.34386,1.3441,4073.0,4707.7,0.67374,0.67473,0.67297,0.6747,4197.0,3749.55,7.81128,7.81206,7.81102,7.81102,198.0,632.5,2022-11-29 11:00:00,333,-0.5267547528105542,0.0033048587221213843,1.0050290277777778,1.0500454607284022,0.9600125948271534,-0.018361396864333246,1.0,0.989120493864797,0.012896007977074353,0.010066594686362559,48.14343060058668,6167.603412439369,4,0,1.056818509083653,1.0197014909163469,2022-12-02 11:00:00,2022-12-14 14:00:00,,0.0
2022-11-30 18:00:00,1669831200,1.0315,1.04,1.02904,1.03724,7.09184,7.0962,7.06268,7.06557,25139.0,16266.65,6.985,7.001,6.865,6.89,7292.0,2753.2,3.7375,3.763,3.727,3.7625,4240.0,3492.0,139.376,139.594,138.254,138.328,16709.0,7564.1,1.19428,1.2016,1.19223,1.2006,17558.0,10759.7,80.46,80.69,80.21,80.65,10854.0,9848.7,21.81,22.19,21.725,22.135,6917.0,2629.5,0.8637,0.86478,0.86351,0.86394,10721.0,5695.75,0.95144,0.95306,0.94668,0.94723,10259.0,4353.35,1766.7,1775.0,1758.2,1774.1,26417.0,7402.55,1.35346,1.35666,1.34803,1.34848,15462.0,6386.7,0.67112,0.67672,0.66988,0.67646,9966.0,4610.7,7.80694,7.80734,7.80548,7.80556,1208.0,864.2,2022-11-30 18:00:00,334,-0.5120551783114646,-0.0009824128830928647,1.004822361111111,1.049092287506079,0.9605524347161427,-0.01424383694422598,0.9944660830666,0.9918269230769231,0.01281757710777387,0.010616791170644822,48.55196574542624,6141.95080879201,4,0,1.0557420193699338,1.018737980630066,2022-12-03 18:00:00,2022-12-14 14:00:00,,0.0
2022-12-01 20:00:00,1669924800,1.05186,1.0534,1.03632,1.05242,7.04272,7.0445,7.03854,7.04178,13240.0,18493.75,6.79,6.877,6.787,6.853,2668.0,3122.8,3.7965,3.8005,3.7925,3.799,604.0,2601.7,135.264,135.386,135.211,135.314,4388.0,8730.25,1.22594,1.22598,1.22392,1.22434,10158.0,12371.6,81.39,81.48,81.24,81.28,4086.0,11062.75,22.96,23.005,22.905,23.0,1530.0,3180.25,0.858,0.85991,0.858,0.85958,4134.0,6467.4,0.93667,0.93778,0.93657,0.93701,3570.0,5440.05,1817.6,1818.0,1815.3,1817.7,4587.0,10327.1,1.34276,1.344,1.34241,1.34324,5949.0,7365.45,0.68185,0.68187,0.6804,0.6813,3899.0,5715.5,7.78036,7.78083,7.77971,7.78025,1194.0,1284.3,2022-12-01 20:00:00,335,-0.4972040784469378,0.014634992865681928,1.0048956944444443,1.049466438190083,0.9603249506988057,0.005029635857779119,0.9994678930465024,0.9985380672109362,0.013820999337150752,0.011257632803946009,50.50381679389312,6116.586049245378,4,0,1.0715103937977617,1.0333296062022381,2022-12-04 20:00:00,2023-01-10 07:00:00,,0.0
2022-12-05 07:00:00,1670223600,1.0569,1.0585,1.04284,1.05392,6.94345,6.96486,6.94294,6.95542,17551.0,15246.2,5.916,5.972,5.892,5.952,1492.0,4075.75,3.8705,3.8735,3.856,3.8725,2135.0,2659.7,134.652,135.249,134.642,135.132,8407.0,7811.9,1.23264,1.23288,1.22858,1.22954,10346.0,9867.35,80.52,80.72,80.12,80.47,4570.0,9975.35,23.395,23.405,23.23,23.325,2261.0,3435.95,0.85743,0.85818,0.85699,0.85716,5643.0,5000.5,0.93544,0.937,0.93493,0.9364,3439.0,4462.3,1816.2,1816.5,1810.4,1812.9,7049.0,8662.05,1.34106,1.3428,1.34083,1.34228,6001.0,6253.3,0.68274,0.68285,0.68042,0.68058,4642.0,4662.55,7.76766,7.77054,7.76746,7.76824,961.0,955.6,2022-12-05 07:00:00,339,-0.4363729641045924,0.0014252864825829992,1.0050165277777776,1.0500752159127327,0.9599578396428226,0.008289156335237031,1.0028275390921513,0.998488427019367,0.014569310208176312,0.01191996828479207,50.8308185950571,6091.517652014644,4,0,1.0730340066478439,1.034805993352156,2022-12-08 07:00:00,2023-01-10 07:00:00,,0.0
2022-12-06 15:00:00,1670338800,1.0501,1.0595,1.04758,1.0499,6.98424,6.99425,6.98275,6.98948,15931.0,13204.55,5.599,5.61,5.482,5.5,8129.0,3103.45,3.841,3.845,3.8155,3.8215,4322.0,1957.95,136.532,136.774,136.486,136.666,9163.0,7077.15,1.21832,1.22214,1.21532,1.222,15754.0,9028.15,76.66,76.8,75.34,75.72,27679.0,9810.65,22.57,22.58,22.31,22.405,6276.0,1860.05,0.86193,0.86304,0.85915,0.85918,7855.0,4553.45,0.94088,0.94244,0.93957,0.94001,6016.0,3443.45,1786.5,1787.0,1783.3,1784.9,10579.0,5098.25,1.36472,1.3673,1.36414,1.36478,10523.0,5293.3,0.672,0.67243,0.66881,0.67007,7461.0,4051.8,7.77706,7.77977,7.77256,7.77314,1423.0,949.75,2022-12-06 15:00:00,340,-0.4208310085956556,-0.0038143312585394717,1.0053431944444446,1.0513609560889638,0.9593254327999254,0.02265687298998567,1.0001904943327935,0.9911278905143935,0.01466887786828841,0.012469750201491337,52.311502476609796,6066.734922243282,4,0,1.068415986307349,1.031384013692651,2022-12-09 15:00:00,2023-01-10 07:00:00,,0.0
2022-12-08 07:00:00,1670482800,1.05135,1.05498,1.04434,1.05258,6.9684,6.9713,6.96335,6.96882,14927.0,13665.35,5.892,5.923,5.797,5.83,1653.0,4242.2,3.868,3.8755,3.8605,3.872,1382.0,2030.65,136.739,136.884,136.574,136.713,7885.0,6860.7,1.22026,1.2215,1.2197,1.22018,9140.0,8962.15,73.11,73.26,72.77,72.79,3930.0,11261.25,22.9,22.96,22.875,22.95,1505.0,2197.35,0.86156,0.86266,0.86136,0.86264,3863.0,4403.2,0.94114,0.9414,0.93935,0.93986,3052.0,3449.45,1797.9,1798.8,1796.4,1797.6,3183.0,6591.45,1.36555,1.3659,1.3647,1.36562,5171.0,6203.75,0.6729,0.67386,0.67271,0.67304,4236.0,4157.55,7.78821,7.78832,7.78333,7.78456,1215.0,2959.75,2022-12-08 07:00:00,342,-0.3893781415452015,0.0025526240594342386,1.00580875,1.0530513483396648,0.9585661516603351,0.03236365942372315,0.9988314427406942,0.9965591764772792,0.014793509193239185,0.012934501999840909,53.3246052527176,6042.250020082485,4,0,1.071054797008053,1.0341052029919473,2022-12-11 07:00:00,2023-01-10 07:00:00,,0.0
2022-12-09 15:00:00,1670598000,1.05352,1.05883,1.04896,1.05407,6.96389,6.9723,6.96129,6.96824,17485.0,12011.1,6.316,6.391,6.274,6.336,10333.0,3081.05,3.8655,3.8825,3.8555,3.88,3466.0,1965.8,136.378,136.915,136.084,136.594,14101.0,6962.1,1.22657,1.23002,1.22499,1.22946,17788.0,9610.2,72.11,72.65,71.87,72.37,16072.0,7428.65,23.48,23.545,23.31,23.54,5152.0,1768.95,0.85892,0.85942,0.85678,0.85735,10233.0,4999.05,0.93382,0.93572,0.93236,0.93298,7859.0,3555.55,1810.1,1812.5,1801.9,1808.7,18418.0,5543.15,1.3652,1.36612,1.36218,1.36336,14339.0,5349.45,0.67776,0.6797,0.67622,0.67944,9292.0,3964.0,7.78406,7.78634,7.78295,7.78365,10972.0,1739.65,2022-12-09 15:00:00,343,-0.3734765374130707,0.001415569362898772,1.006345,1.0548905308280367,0.9577994691719632,0.03731714977692152,0.9994782130219055,0.994985030647035,0.014841428217707842,0.013315887243414296,53.845540925479575,6018.07023020056,4,0,1.0725444720327193,1.035595527967281,2022-12-12 15:00:00,2023-01-10 07:00:00,,0.0
2022-12-13 11:00:00,1670929200,1.05354,1.05803,1.0506,1.05358,6.98617,6.98852,6.9819,6.98661,7115.0,7880.95,6.81,6.856,6.768,6.796,1718.0,3348.5,3.822,3.826,3.816,3.8165,860.0,1293.5,137.616,137.637,137.508,137.559,4089.0,5332.45,1.22802,1.23029,1.22734,1.22906,8938.0,7397.25,73.99,74.08,73.41,73.56,5289.0,7712.8,23.665,23.715,23.61,23.615,1135.0,1278.55,0.85788,0.85855,0.8571,0.85722,4859.0,3803.85,0.93702,0.93718,0.93613,0.93707,2607.0,2366.65,1798.4,1799.5,1797.5,1798.8,3096.0,3975.85,1.36253,1.36303,1.36124,1.36186,4245.0,4461.7,0.67666,0.67773,0.67644,0.67686,3890.0,3193.85,7.7799,7.78142,7.77958,7.78043,817.0,1267.0,2022-12-13 11:00:00,347,-0.3088124812662537,-0.00046486476230245266,1.0070152777777777,1.0568197484150332,0.957210807140522,0.046887989940515434,0.9999620342071793,0.9957562640000756,0.014670750208756411,0.01358685983648272,54.900885530912326,5994.195567829307,4,0,1.0718563670050212,1.0353036329949787,2022-12-16 11:00:00,2023-01-10 07:00:00,,0.0
2022-12-14 14:00:00,1671026400,1.06466,1.06736,1.05328,1.06428,6.95634,6.95736,6.95154,6.9563,13323.0,9882.3,6.639,6.708,6.542,6.566,12194.0,3293.5,3.8505,3.8595,3.8435,3.849,3756.0,1405.05,134.964,135.136,134.828,134.934,8279.0,6107.65,1.23718,1.2391,1.23589,1.2385,14460.0,8881.15,76.03,77.04,75.97,76.84,25615.0,5805.2,23.985,24.14,23.94,24.06,5151.0,1529.15,0.86055,0.86085,0.85932,0.85934,6239.0,4658.4,0.92664,0.92787,0.92491,0.92592,5889.0,3261.8,1819.9,1823.5,1819.0,1821.8,9862.0,4001.95,1.35714,1.35794,1.35553,1.35665,8940.0,4829.5,0.68612,0.68714,0.68556,0.68675,7179.0,3795.2,7.77188,7.77198,7.77042,7.7707,887.0,926.1,2022-12-14 14:00:00,348,-0.2924059769510773,0.010155849579528864,1.0078275,1.0594266520565345,0.9562283479434657,0.056515269438496774,1.000357048896907,0.9974703942437414,0.015223401338965381,0.013914168136979254,55.8179792271877,5970.663382408458,4,0,1.0828939339470458,1.0456660660529542,2022-12-17 14:00:00,2023-01-13 02:00:00,,0.0
2022-12-15 15:00:00,1671116400,1.06991,1.07362,1.06057,1.06485,6.97134,6.99346,6.97062,6.99328,21995.0,11652.0,6.67,6.737,6.564,6.566,10468.0,2798.0,3.8205,3.8215,3.798,3.801,6542.0,2320.6,136.782,137.668,136.744,137.61,13110.0,7027.15,1.23018,1.23071,1.22151,1.22166,21419.0,10426.6,76.27,76.99,76.21,76.43,10728.0,5716.65,23.515,23.59,23.34,23.4,5185.0,3126.75,0.86969,0.87177,0.86892,0.87163,12685.0,5563.4,0.92546,0.9297,0.92499,0.92846,8676.0,4294.65,1793.2,1795.4,1784.0,1789.0,18508.0,10047.0,1.361,1.36511,1.36002,1.36164,14191.0,6126.25,0.6746,0.67474,0.67074,0.67227,9371.0,4749.6,7.77198,7.77566,7.77197,7.7756,2095.0,1157.2,2022-12-15 15:00:00,349,-0.2759129450029604,0.0005355733453604739,1.0087055555555553,1.062000658825429,0.9554104522856817,0.06120527117954766,1.0047518429825795,0.9965444011847766,0.01552837414651953,0.014237009338887309,56.33492324341657,5947.474742085871,4,0,1.0834311301943627,1.0462688698056373,2022-12-18 15:00:00,2023-01-13 02:00:00,,0.0
2022-12-19 04:00:00,1671422400,1.06087,1.06633,1.05821,1.06064,6.98349,6.9865,6.98064,6.98528,4455.0,8859.75,6.197,6.201,6.163,6.169,326.0,3668.3,3.7925,3.794,3.7875,3.788,204.0,1901.1,136.268,136.268,136.048,136.146,5495.0,6181.0,1.2182,1.21874,1.21755,1.21828,5099.0,9542.65,75.29,75.34,75.18,75.24,932.0,9360.55,23.45,23.475,23.42,23.435,270.0,2126.6,0.87084,0.87119,0.87054,0.87063,2441.0,5249.05,0.93256,0.93258,0.93202,0.93226,1846.0,3484.95,1803.8,1804.6,1802.5,1802.9,1090.0,5692.5,1.36622,1.36726,1.36588,1.36722,2532.0,6265.3,0.67122,0.67202,0.67093,0.67124,2446.0,4133.65,7.78295,7.78434,7.78167,7.7842,751.0,1665.15,2022-12-19 04:00:00,353,-0.2091735056463564,-0.003953608489458693,1.0093327777777779,1.0639966678824238,0.9546688876731321,0.043511092398245244,1.0002168502036506,0.9948796338844448,0.015254510971281166,0.014440509665366082,54.614378550700955,5924.61435328188,4,0,1.07889183608424,1.0423881639157597,2022-12-22 04:00:00,2023-01-13 02:00:00,,0.0
2022-12-20 11:00:00,1671534000,1.06288,1.0658,1.0576,1.0643,6.96856,6.97399,6.96816,6.97324,9029.0,9803.1,5.713,5.721,5.676,5.689,657.0,2713.3,3.788,3.8025,3.784,3.795,1116.0,1784.2,132.413,132.465,132.296,132.454,7212.0,9916.65,1.21754,1.2182,1.21548,1.21616,11140.0,10448.4,76.06,76.13,75.56,75.67,4685.0,7758.4,23.975,24.105,23.94,23.98,2209.0,1962.7,0.87295,0.87534,0.87254,0.87513,6506.0,6027.0,0.92659,0.92783,0.92542,0.92604,3383.0,4160.3,1816.2,1819.2,1814.1,1817.3,7768.0,6063.2,1.36236,1.36273,1.3606,1.36102,5124.0,6264.45,0.66824,0.66847,0.66742,0.66801,4434.0,4884.65,7.7836,7.78363,7.78308,7.78353,3281.0,1153.9,2022-12-20 11:00:00,354,-0.1923215052390948,0.003450746718962172,1.0098763888888889,1.0659392903132228,0.9538134874645549,0.037468608095471076,0.9986657897209433,0.9972602739726028,0.015158071036592835,0.014584021939611433,54.049077215923184,5902.093921603291,4,0,1.0824895134729384,1.0461104865270616,2022-12-23 11:00:00,2023-01-13 02:00:00,,0.0
2022-12-22 01:00:00,1671670800,1.06181,1.06586,1.05904,1.06296,6.97886,6.98154,6.97554,6.97959,8661.0,7303.4,5.58,5.603,5.557,5.569,312.0,2746.2,3.8275,3.847,3.8255,3.8455,2732.0,1727.5,132.06,132.14,131.796,131.896,8294.0,6588.3,1.21029,1.21147,1.20943,1.21114,7879.0,8518.8,78.75,78.85,78.5,78.69,3697.0,9078.8,24.295,24.315,24.24,24.275,1145.0,1527.55,0.8774,0.8779,0.87714,0.87772,4640.0,4941.25,0.92554,0.92624,0.92502,0.92512,3070.0,3199.55,1827.4,1828.7,1826.2,1828.3,3962.0,4629.5,1.36022,1.3605,1.3596,1.35974,4815.0,5892.35,0.6725,0.6737,0.6721,0.67356,4507.0,4143.3,7.78852,7.79107,7.78785,7.79065,1393.0,1099.95,2022-12-22 01:00:00,356,-0.1584517749608363,-0.0012590435027718394,1.0104847222222222,1.0678906931509873,0.9530787512934571,0.042078710703134035,0.9989181154511929,0.9962002514401516,0.014802876546035293,0.014627792860896206,54.57527263610911,5879.907480207761,4,0,1.081059782257068,1.044860217742932,2022-12-25 01:00:00,2023-01-13 02:00:00,,0.0
2022-12-23 15:00:00,1671807600,1.06098,1.06595,1.05734,1.06138,7.00755,7.00773,6.99792,7.00224,12981.0,6469.25,4.974,5.245,4.96,5.152,4395.0,1099.25,3.7705,3.792,3.765,3.786,3218.0,1461.85,133.049,133.051,132.798,132.85,9460.0,5590.55,1.20379,1.20864,1.20358,1.20609,15667.0,8492.6,79.71,80.33,79.67,79.8,19437.0,6106.7,23.82,23.975,23.75,23.935,3418.0,1355.0,0.88143,0.88182,0.87884,0.88006,8339.0,4694.95,0.9332,0.9342,0.93142,0.9335,8349.0,3763.35,1802.0,1809.3,1799.8,1808.7,11470.0,4501.85,1.36315,1.36348,1.35846,1.35854,12452.0,4660.75,0.66947,0.67086,0.66874,0.67008,9226.0,3602.15,7.80321,7.80462,7.80314,7.80385,1719.0,1438.55,2022-12-23 15:00:00,357,-0.141444067687942,-0.0014864152931436392,1.0110609722222224,1.0696702629493915,0.9524516814950531,0.03987516985319201,0.9996231321487121,0.9953374923776913,0.014229856628407367,0.01454820561439844,54.32629142249379,5858.048328364488,4,0,1.0794605349264523,1.0432994650735479,2022-12-26 15:00:00,2023-01-13 02:00:00,,0.0
2022-12-28 16:00:00,1672243200,1.06186,1.06746,1.0606,1.06214,6.99864,6.99948,6.99046,6.99823,9721.0,6307.35,4.524,4.622,4.462,4.522,9333.0,2484.25,3.826,3.8415,3.825,3.838,3072.0,1704.45,134.232,134.298,134.147,134.272,6183.0,5056.7,1.20355,1.20402,1.20224,1.20322,9411.0,7310.0,77.56,78.4,77.3,78.12,18507.0,6336.2,23.77,23.835,23.7,23.745,3486.0,1341.2,0.8823,0.88308,0.88212,0.88275,6037.0,4232.85,0.92834,0.92892,0.92676,0.92758,4022.0,2650.9,1805.6,1810.2,1804.2,1809.8,7891.0,4563.05,1.35909,1.35998,1.35814,1.3589,7499.0,4277.55,0.67551,0.67591,0.6745,0.67513,5234.0,3417.95,7.79007,7.79542,7.79007,7.79507,1317.0,1313.45,2022-12-28 16:00:00,362,-0.0558787569053731,0.0007160489174471429,1.0117612500000002,1.07159456013832,0.9519279398616803,0.04863388813291447,0.999736381268006,0.9947539017855469,0.01367937257182228,0.01437443900588321,55.33997034526584,5836.517737029176,4,0,1.0801012582715876,1.0441787417284127,2022-12-31 16:00:00,2023-01-13 02:00:00,,0.0
2022-12-30 15:00:00,1672412400,1.06884,1.07012,1.06067,1.06722,6.90951,6.92052,6.90935,6.91861,14588.0,7459.0,4.41,4.437,4.378,4.431,5806.0,1695.05,3.8155,3.8165,3.7985,3.801,3693.0,1572.45,131.788,132.336,131.786,131.936,11467.0,5553.55,1.20764,1.208,1.20159,1.20293,17681.0,7285.55,79.36,79.42,78.68,78.84,13244.0,5617.05,23.81,24.035,23.705,24.015,5663.0,1590.55,0.88514,0.88768,0.88478,0.88726,10447.0,4221.2,0.92234,0.92688,0.92216,0.925,8301.0,2880.35,1825.3,1825.7,1820.5,1824.7,9141.0,3849.5,1.35424,1.3582,1.35405,1.35492,12088.0,4020.85,0.67884,0.67966,0.6758,0.67832,8559.0,3276.3,7.79558,7.805,7.79426,7.80495,1658.0,1115.15,2022-12-30 15:00:00,364,-0.0215013727408137,0.0047827969947464855,1.0124820833333332,1.0737232555226575,0.9512409111440089,0.04985330289103132,1.0015179625569235,0.9988038724629014,0.0134974335238216,0.014199037909470889,55.47953883187635,5815.331163793182,4,0,1.085282182468717,1.0491578175312832,2023-01-02 15:00:00,2023-01-23 01:00:00,2023-10-03 17:00:00,0.0
2023-01-03 20:00:00,1672776000,1.05664,1.07133,1.05195,1.05516,6.92045,6.92288,6.91996,6.92241,8248.0,12980.1,4.006,4.036,3.973,4.014,2037.0,3599.05,3.767,3.77,3.7605,3.768,693.0,3676.15,130.782,130.967,130.754,130.964,3111.0,8359.0,1.19841,1.19918,1.19704,1.19729,7860.0,10629.5,76.92,77.31,76.91,77.22,5190.0,12061.85,24.195,24.21,24.12,24.145,1244.0,3043.45,0.88169,0.88174,0.88112,0.88128,3824.0,5935.25,0.935,0.93602,0.93488,0.93596,3137.0,4168.75,1845.0,1845.7,1842.6,1843.9,2885.0,9440.35,1.36638,1.36758,1.36576,1.36696,7202.0,7060.0,0.67362,0.67394,0.6726,0.67288,3928.0,5117.15,7.812,7.81376,7.81162,7.81351,1675.0,873.9,2023-01-03 20:00:00,3,0.0515843668694083,-0.011300387923764532,1.0129768055555557,1.07501950287762,0.9509341082334914,0.03434086901499275,1.0014026308806248,0.9862880718359424,0.012239020497339048,0.013807034427044522,53.69947239416727,5794.445434830873,4,0,1.0732442557405903,1.0370757442594098,2023-01-06 20:00:00,2023-01-11 20:00:00,,0.0
2023-01-05 08:00:00,1672905600,1.06056,1.06354,1.05408,1.062,6.88115,6.88482,6.87772,6.88158,8673.0,9484.25,4.114,4.123,4.096,4.108,411.0,3105.55,3.7385,3.746,3.731,3.7425,1557.0,2965.8,132.486,132.906,132.43,132.593,10373.0,7592.85,1.2008,1.20277,1.20003,1.20208,12926.0,9039.4,73.37,73.78,73.26,73.73,9755.0,11263.05,23.815,23.825,23.345,23.52,8151.0,2999.7,0.88322,0.88443,0.88312,0.88346,6986.0,4777.2,0.92874,0.92899,0.9272,0.92746,4485.0,3685.15,1854.8,1855.8,1849.0,1851.8,11741.0,7809.65,1.35178,1.3527,1.35076,1.35108,7647.0,6754.3,0.68095,0.68206,0.68004,0.68204,6478.0,4549.6,7.8157,7.8157,7.81162,7.8124,1660.0,850.1,2023-01-05 08:00:00,5,0.0859061042613327,0.006482429205049378,1.0135022222222223,1.0765618267757184,0.9504426176687262,0.03627139435649994,0.9986440677966101,0.9971980367452095,0.011659249374056824,0.013377477416446983,53.91104770175547,5773.882929786571,4,0,1.0802352363868817,1.0437647636131184,2023-01-08 08:00:00,2023-01-13 02:00:00,,0.0
2023-01-06 15:00:00,1673017200,1.05094,1.0629,1.04833,1.06016,6.85793,6.85793,6.84212,6.84337,23571.0,9920.55,3.746,3.821,3.701,3.727,8929.0,2835.25,3.8395,3.885,3.8395,3.8805,10926.0,3246.7,133.996,133.996,132.354,132.438,22766.0,8209.75,1.18974,1.20542,1.18974,1.20464,26066.0,10266.0,74.03,75.36,74.03,74.94,22907.0,7404.5,23.715,24.015,23.715,23.965,10223.0,2184.55,0.88337,0.88372,0.87973,0.88007,16737.0,5998.9,0.93929,0.93967,0.93013,0.93116,12803.0,3843.65,1848.5,1868.2,1848.5,1867.2,44767.0,7911.6,1.35562,1.35562,1.34756,1.3481,18767.0,6119.4,0.67492,0.68457,0.67488,0.68406,14592.0,4843.6,7.80923,7.80962,7.80682,7.807,2487.0,1302.45,2023-01-06 15:00:00,6,0.1030313790431787,-0.0017325800376648548,1.0141566666666668,1.0781676761950347,0.9501456571382989,0.0454641289691781,0.991303199517054,0.9887477655470882,0.010925363173490021,0.012887054567855591,54.966901378757846,5753.63543804112,4,0,1.0781429451985973,1.0421770548014027,2023-01-09 15:00:00,2023-01-13 02:00:00,,0.0
2023-01-10 07:00:00,1673334000,1.07341,1.07608,1.05968,1.07318,6.78488,6.79918,6.78412,6.79299,12379.0,10419.05,3.747,3.751,3.71,3.741,1261.0,3831.8,4.0035,4.0095,3.99,4.0025,1573.0,3084.4,131.922,132.292,131.864,132.221,9714.0,6021.35,1.21712,1.21773,1.21397,1.21499,11657.0,8217.85,74.47,74.54,73.97,73.99,4481.0,8895.75,23.735,23.76,23.625,23.64,1386.0,2046.65,0.88194,0.88348,0.88173,0.88328,7140.0,4533.85,0.92144,0.9224,0.92093,0.92118,3768.0,3083.0,1877.3,1878.1,1874.7,1876.3,4885.0,5938.6,1.33809,1.34058,1.33784,1.33986,6676.0,5363.0,0.69082,0.69098,0.68856,0.68968,5655.0,4001.2,7.80735,7.80819,7.80692,7.80764,1075.0,706.4,2023-01-10 07:00:00,10,0.1711770596101998,0.012281165107153713,1.0149534722222222,1.0804587987154055,0.9494481457290389,0.05493987974617487,1.0002143163309043,0.9975187718385251,0.011264508022921005,0.012562545258868674,55.919437049877196,5733.7448402584705,4,0,1.0916128791164283,1.0547471208835717,2023-01-13 07:00:00,2023-02-02 11:00:00,2023-03-09 00:00:00,0.0
2023-01-11 20:00:00,1673467200,1.07634,1.07764,1.07122,1.0754,6.76406,6.76634,6.76318,6.76592,8927.0,8633.65,3.694,3.708,3.651,3.685,2228.0,4223.5,4.181,4.1825,4.1775,4.1785,851.0,3715.85,132.416,132.531,132.392,132.531,4350.0,5916.9,1.21548,1.21554,1.21448,1.21462,8722.0,8359.75,77.55,77.73,77.53,77.59,5334.0,11866.1,23.575,23.575,23.515,23.55,891.0,2608.0,0.8855,0.88553,0.88511,0.88538,4765.0,4224.55,0.93113,0.93186,0.93083,0.93119,1552.0,3308.6,1881.9,1882.3,1879.7,1880.6,2693.0,7331.4,1.34208,1.34276,1.34181,1.34274,3370.0,5174.0,0.69119,0.69126,0.69064,0.69066,1894.0,4044.1,7.81264,7.81325,7.81264,7.8131,722.0,661.75,2023-01-11 20:00:00,11,0.1880994176117975,0.002068618498294761,1.0156879166666668,1.0827056844967382,0.9486701488365954,0.05042251674771256,1.0008740933606102,0.9987936602204819,0.011578943354835003,0.01236582487806194,55.507186002916036,5714.214230960004,4,0,1.0938138051621102,1.0569861948378894,2023-01-14 20:00:00,2023-02-02 11:00:00,2023-02-24 14:00:00,0.0
2023-01-13 02:00:00,1673575200,1.0856,1.0868,1.07305,1.08449,6.73012,6.7448,6.72974,6.73499,14497.0,11528.4,3.669,3.687,3.668,3.684,159.0,4275.5,4.186,4.1925,4.171,4.184,1524.0,4085.55,128.936,129.289,128.924,129.17,8209.0,10695.8,1.22189,1.22193,1.21898,1.22042,9588.0,11666.95,78.17,78.22,77.97,78.09,1848.0,9466.6,23.945,23.96,23.88,23.935,798.0,3367.45,0.88844,0.8888,0.88839,0.88862,6140.0,6831.45,0.92804,0.92981,0.928,0.92879,2406.0,4817.9,1901.8,1902.8,1898.8,1901.0,4222.0,9803.65,1.33792,1.33959,1.33776,1.33813,4321.0,7678.15,0.69684,0.69687,0.69455,0.69568,4432.0,5725.65,7.80944,7.81088,7.80944,7.80992,799.0,689.75,2023-01-13 02:00:00,13,0.2217721575564818,0.008452668774409533,1.0164280555555556,1.0852923541731698,0.9475637569379414,0.0503866577603429,1.0010235225774327,0.9988958410011041,0.012418470257561598,0.012376353953961873,55.54514994485026,5695.069329335165,4,0,1.103058452907746,1.0659215470922538,2023-01-16 02:00:00,2023-05-03 18:00:00,2023-02-17 07:00:00,0.0
2023-01-16 14:00:00,1673877600,1.08158,1.08743,1.07804,1.0822,6.74401,6.74467,6.74115,6.74241,8582.0,8666.4,3.631,3.676,3.595,3.605,2191.0,2007.8,4.148,4.1565,4.1415,4.152,3120.0,1433.7,128.432,128.53,128.37,128.472,5581.0,7286.35,1.2193,1.22113,1.21907,1.22009,9659.0,7359.45,79.12,79.25,78.86,79.09,6417.0,4164.8,24.21,24.385,24.19,24.37,1789.0,1477.45,0.88703,0.88724,0.8861,0.887,4751.0,3761.9,0.92542,0.92781,0.92524,0.9264,3341.0,2853.45,1916.3,1919.1,1915.6,1918.5,6119.0,5004.5,1.3397,1.3401,1.33885,1.33954,5140.0,4089.35,0.69595,0.69661,0.69562,0.69592,4858.0,3597.1,7.81026,7.811,7.80978,7.81094,249.0,854.7,2023-01-16 14:00:00,16,0.2717767384711357,-0.002111591623712439,1.017207777777778,1.0877649475033473,0.9466506080522085,0.05326978165561766,0.9994270929587876,0.9946203433784244,0.012752020164169986,0.012451487196003495,55.87656492065486,5676.295973212018,4,0,1.1006851602218661,1.063714839778134,2023-01-19 14:00:00,2023-04-27 17:00:00,2023-02-22 19:00:00,0.0
2023-01-18 06:00:00,1674021600,1.07798,1.08695,1.07662,1.07898,6.7732,6.78058,6.77012,6.77614,12834.0,9979.65,3.622,3.638,3.56,3.574,718.0,3417.65,4.2535,4.2655,4.243,4.251,3095.0,3360.55,130.817,131.238,130.534,130.734,12956.0,8967.95,1.22824,1.22965,1.22818,1.22916,8784.0,9475.3,81.61,81.65,81.29,81.35,1834.0,7356.85,24.095,24.17,24.075,24.135,1532.0,2470.9,0.87766,0.87798,0.87724,0.87784,5325.0,5044.6,0.92285,0.92351,0.92206,0.9221,4551.0,3804.65,1899.9,1906.6,1899.7,1904.9,8233.0,7074.9,1.3378,1.33798,1.33685,1.3372,4996.0,6269.05,0.6996,0.70104,0.69934,0.70102,4084.0,4749.3,7.82526,7.8285,7.82496,7.82806,1109.0,883.75,2023-01-18 06:00:00,18,0.3047192331091634,-0.002975420439844778,1.018067638888889,1.0901112999459808,0.9460239778317971,0.05909020583343033,0.9990731987617935,0.9917475504853028,0.01261116017459929,0.012483421791722654,56.55979147682723,5657.877364965822,4,0,1.0972719895441956,1.0606880104558045,2023-01-21 06:00:00,2023-02-02 11:00:00,2023-02-22 19:00:00,0.0
2023-01-19 11:00:00,1674126000,1.08292,1.08876,1.07822,1.08219,6.78476,6.78961,6.78391,6.78806,6530.0,10179.45,3.339,3.38,3.317,3.372,1581.0,2817.5,4.176,4.189,4.173,4.187,1398.0,2935.8,128.506,128.724,128.434,128.618,9121.0,7941.0,1.23368,1.23594,1.2323,1.2353,10137.0,8486.55,79.06,79.36,78.81,79.12,6486.0,9103.7,23.535,23.56,23.49,23.555,2669.0,2977.0,0.87779,0.87823,0.87576,0.87607,5145.0,4156.8,0.91674,0.91737,0.91623,0.91648,4228.0,3276.8,1911.1,1911.8,1908.0,1909.6,3772.0,5929.25,1.34967,1.35052,1.34926,1.3497,5409.0,4856.1,0.68882,0.68906,0.6877,0.68828,4026.0,3961.0,7.83304,7.83386,7.83052,7.83053,1816.0,1068.3,2023-01-19 11:00:00,19,0.321057654185271,0.0029750319746426612,1.0190529166666669,1.0926421584123192,0.9454636749210145,0.06779957635709168,1.0006745580720577,0.9946360997832397,0.01261315123491169,0.012509367680360463,57.55838731674053,5639.818933573084,4,0,1.1004646275851586,1.0639153724148416,2023-01-22 11:00:00,2023-04-27 17:00:00,2023-02-22 19:00:00,0.0
2023-01-23 01:00:00,1674435600,1.08851,1.08998,1.07835,1.08948,6.77036,6.77243,6.76616,6.77047,9119.0,8335.4,3.417,3.433,3.41,3.413,481.0,3414.3,4.281,4.2965,4.278,4.2905,1330.0,2467.7,129.28,129.313,129.068,129.204,7296.0,7420.2,1.24245,1.24346,1.24202,1.24263,7540.0,8158.65,81.39,81.51,81.22,81.29,1372.0,10410.3,24.26,24.285,24.23,24.26,739.0,2597.65,0.87612,0.87685,0.8759,0.87675,4230.0,4008.55,0.91852,0.91866,0.91742,0.91821,3773.0,3475.15,1933.2,1934.9,1931.5,1933.5,3904.0,5945.6,1.33638,1.33682,1.33556,1.33676,3129.0,5221.05,0.69867,0.69945,0.69832,0.69862,4185.0,4237.1,7.8261,7.83,7.82517,7.82959,1029.0,831.3,2023-01-23 01:00:00,23,0.3854133594543256,0.006736340199040791,1.0203751388888889,1.095562541938751,0.9451877358390268,0.09143694004146564,0.9991096669970996,0.9986513514009433,0.0130525100287755,0.012617996150043472,60.35683202785028,5622.13924053517,4,0,1.1073431537404463,1.0716168462595534,2023-01-26 01:00:00,2023-07-13 11:00:00,2023-02-07 09:00:00,0.0
2023-01-24 15:00:00,1674572400,1.08422,1.0927,1.08352,1.08753,6.79082,6.7917,6.7824,6.78524,16083.0,6807.95,3.442,3.457,3.351,3.384,2777.0,1555.75,4.2195,4.2525,4.2155,4.2365,7069.0,1835.3,131.073,131.113,130.045,130.096,13774.0,5703.15,1.22656,1.23214,1.22642,1.2315,17474.0,7116.4,81.25,81.31,80.47,80.67,36635.0,8100.75,23.34,23.8,23.31,23.735,9154.0,2064.55,0.88396,0.88396,0.88226,0.88309,8789.0,3567.15,0.92764,0.92796,0.92289,0.92316,7726.0,2902.15,1922.3,1937.9,1918.2,1936.0,29595.0,6099.4,1.34092,1.34137,1.33546,1.33626,14076.0,4282.1,0.69989,0.70578,0.69937,0.70496,9699.0,3795.0,7.83028,7.8317,7.83024,7.83097,603.0,484.7,2023-01-24 15:00:00,24,0.4012289854475009,-0.0017898446965524117,1.021615,1.0982532935209202,0.9449767064790798,0.08565058536540912,0.9969564058002996,0.9922394069735517,0.013092434895434879,0.012712883899121754,59.754791616583255,5604.8245418860515,4,0,1.105364580876238,1.0696954191237624,2023-01-27 15:00:00,2023-05-03 18:00:00,2023-02-10 12:00:00,0.0
2023-01-26 13:00:00,1674738000,1.0893,1.09296,1.08574,1.09026,6.73997,6.74724,6.73724,6.73998,17450.0,7570.45,2.862,2.864,2.805,2.83,1208.0,521.6,4.254,4.268,4.2335,4.2525,6157.0,1603.9,129.756,130.363,129.676,129.874,15107.0,6390.25,1.23955,1.24042,1.23606,1.23928,14877.0,6230.2,81.28,81.78,81.23,81.74,17752.0,6467.35,23.89,24.15,23.845,24.11,11170.0,2239.2,0.8788,0.87991,0.87852,0.87976,7468.0,3070.55,0.9186,0.91994,0.91646,0.91646,7303.0,2848.1,1937.2,1940.1,1931.3,1938.0,19025.0,5436.55,1.33676,1.33819,1.33491,1.33554,10396.0,3826.4,0.71212,0.71278,0.70984,0.71228,9203.0,3569.7,7.82896,7.82913,7.82868,7.82868,462.0,623.3,2023-01-26 13:00:00,26,0.4324994021339788,0.002510275578604615,1.0229577777777776,1.1009789748413463,0.9449365807142089,0.09285689673687027,0.9991194760882725,0.9966512955643391,0.013192291302128956,0.012808765379723195,60.60971862517008,5587.877272908133,4,0,1.1080755454028495,1.0724444545971505,2023-01-29 13:00:00,2023-07-13 11:00:00,2023-02-07 09:00:00,0.0
2023-01-30 08:00:00,1675065600,1.08596,1.09176,1.08379,1.08813,6.75304,6.75608,6.74797,6.7558,12228.0,6670.85,2.658,2.671,2.637,2.663,2372.0,4841.25,4.1875,4.2115,4.1855,4.204,2421.0,3058.35,129.584,130.185,129.584,130.128,12539.0,6793.45,1.23797,1.23942,1.23706,1.2371,11059.0,7387.85,79.01,79.28,78.73,79.1,10387.0,13614.45,23.75,23.815,23.685,23.8,3293.0,3149.1,0.87722,0.87963,0.87722,0.8796,6702.0,3534.55,0.92283,0.92288,0.92089,0.9219,4924.0,3092.6,1940.1,1940.2,1936.2,1938.9,8369.0,4711.7,1.3342,1.33536,1.33333,1.33456,6013.0,4254.1,0.70823,0.70858,0.70687,0.70748,6310.0,4008.9,7.83458,7.83742,7.83445,7.8353,1376.0,627.85,2023-01-30 08:00:00,30,0.4934681416772373,-0.0019536624291452975,1.0241576388888889,1.1035011676410642,0.9448141101367136,0.08272213863634979,0.998005752989073,0.9946874771011944,0.012950272346665681,0.012837066773111694,59.60764251873928,5571.283146788484,4,0,1.1058390141976089,1.0704209858023912,2023-02-02 08:00:00,2023-05-03 18:00:00,2023-02-10 12:00:00,0.0
2023-02-01 00:00:00,1675209600,1.08608,1.09139,1.08022,1.08626,6.75594,6.75776,6.75099,6.7548,7237.0,6745.55,2.737,2.749,2.731,2.737,483.0,4792.95,4.2175,4.22,4.213,4.2135,567.0,3321.05,130.114,130.206,129.862,129.926,4309.0,5828.55,1.23082,1.23138,1.23034,1.23108,3903.0,7356.2,79.14,79.14,79.04,79.06,838.0,11796.85,23.77,23.78,23.735,23.76,452.0,2994.65,0.8824,0.88284,0.88202,0.88236,2333.0,3862.05,0.91645,0.91671,0.91608,0.9162,1576.0,3272.1,1942.6,1943.4,1941.9,1942.8,1344.0,8844.45,1.33081,1.331,1.33026,1.33058,1959.0,4950.0,0.70512,0.70528,0.70468,0.70486,2424.0,4014.35,7.84012,7.84062,7.83934,7.8401,723.0,777.65,2023-02-01 00:00:00,32,0.5230943033491326,-0.001718544659185972,1.0253718055555554,1.1058117399533849,0.9449318711577259,0.08390127685973124,0.999834293815477,0.9951346448107458,0.012463901115500109,0.012762433641589379,59.74451578384163,5555.029256559076,4,0,1.1039231038368684,1.0685968961631318,2023-02-04 00:00:00,2023-05-03 18:00:00,2023-02-10 12:00:00,0.0
2023-02-02 11:00:00,1675335600,1.0983,1.1033,1.08522,1.09992,6.73132,6.7317,6.72636,6.72752,5673.0,9321.55,2.496,2.508,2.484,2.505,1190.0,5501.3,4.152,4.171,4.147,4.1615,1496.0,2955.35,128.908,128.922,128.678,128.723,6218.0,7638.9,1.23162,1.23401,1.23114,1.23333,7902.0,8459.0,76.46,76.68,76.08,76.23,8253.0,12027.65,24.385,24.56,24.37,24.55,5407.0,3205.25,0.89176,0.89275,0.89144,0.89206,4502.0,4560.25,0.9106,0.91068,0.90876,0.90928,3088.0,3671.95,1968.0,1972.0,1967.4,1970.0,5779.0,9645.95,1.3295,1.32977,1.32698,1.32768,4056.0,5600.0,0.71187,0.71313,0.71158,0.71272,3483.0,4822.65,7.84309,7.84328,7.8428,7.84319,431.0,947.6,2023-02-02 11:00:00,33,0.5376773767406141,0.012575258225470787,1.0268829166666666,1.108787253612639,0.9449785797206943,0.104157112061495,0.9985271656120446,0.9954681410314512,0.013030488884638203,0.012816044690199145,61.96919691969197,5539.155270555792,4,0,1.1178888783426881,1.081951121657312,2023-02-05 11:00:00,2023-07-17 12:00:00,2023-02-07 09:00:00,0.0
2023-02-03 15:00:00,1675436400,1.08642,1.10044,1.08092,1.08584,6.77282,6.79037,6.77282,6.7857,26167.0,9261.7,2.396,2.411,2.361,2.371,10666.0,3488.55,4.104,4.12,4.079,4.0935,9744.0,3020.1,130.338,131.182,130.338,131.07,21338.0,7046.15,1.21324,1.21324,1.20624,1.21047,23362.0,8941.65,77.3,78.0,77.08,77.15,36981.0,9236.7,22.77,22.78,22.525,22.59,14674.0,3921.9,0.89531,0.89738,0.89485,0.89702,12319.0,4743.35,0.92308,0.92697,0.92222,0.92274,11263.0,3423.6,1895.8,1895.8,1882.2,1886.4,44662.0,12114.95,1.34006,1.34261,1.3352,1.33682,17444.0,5399.2,0.69772,0.69934,0.693,0.69758,12900.0,4762.55,7.84644,7.84652,7.84525,7.8453,964.0,709.5,2023-02-03 15:00:00,34,0.5521013427459208,-0.012800930976798353,1.0282034722222224,1.1108083185936626,0.9455986258507824,0.09163683460648937,1.0005341486775217,0.9872596415979061,0.012202710197955602,0.012693377791750437,60.15334671735508,5523.60530684444,4,0,1.1039465359085803,1.0677334640914198,2023-02-06 15:00:00,2023-05-03 18:00:00,2023-02-15 14:00:00,0.0
2023-02-07 09:00:00,1675760400,1.0719,1.08617,1.0697,1.0711,6.7929,6.79912,6.7908,6.79658,8699.0,8302.6,2.464,2.469,2.455,2.464,571.0,3933.3,4.051,4.062,4.0435,4.0505,1569.0,2655.5,131.891,131.934,131.694,131.81,9734.0,5745.7,1.20218,1.20404,1.20048,1.20051,9642.0,6657.0,75.93,75.95,75.29,75.58,7561.0,12648.95,22.36,22.46,22.325,22.34,1435.0,2281.25,0.89162,0.8922,0.89087,0.89218,5183.0,3302.3,0.92728,0.9273,0.92426,0.92618,4227.0,2821.5,1885.0,1890.5,1882.8,1886.0,6085.0,5678.65,1.34222,1.34252,1.34052,1.3412,5978.0,4697.95,0.69318,0.69493,0.693,0.69385,5173.0,3637.25,7.84836,7.84865,7.84816,7.8486,654.0,645.0,2023-02-07 09:00:00,38,0.6081214998935418,-0.013574743977013193,1.0291920833333335,1.11212697698617,0.946257189680497,0.0687661609886176,1.000746895714686,0.986862093410792,0.010239262962543627,0.012202554825909075,57.51160827353312,5508.324044780002,4,0,1.0892323461973503,1.0529676538026496,2023-02-10 09:00:00,2023-04-05 02:00:00,2023-09-27 13:00:00,0.0
2023-02-08 17:00:00,1675875600,1.07337,1.07667,1.06692,1.07284,6.79585,6.79636,6.79272,6.79503,8126.0,7857.15,2.431,2.45,2.411,2.431,9871.0,3417.05,4.0375,4.04,4.016,4.0375,6274.0,2929.05,131.272,131.31,131.152,131.264,5883.0,6811.65,1.20913,1.20976,1.20778,1.20838,7596.0,7072.25,77.77,78.23,77.51,78.22,13807.0,9510.0,22.375,22.46,22.37,22.415,2419.0,2033.2,0.88774,0.88812,0.88765,0.88785,3577.0,3718.45,0.91993,0.9204,0.91936,0.92006,2620.0,3124.8,1887.9,1889.8,1886.3,1888.3,3972.0,5632.15,1.34298,1.34379,1.3427,1.34308,6993.0,4503.15,0.69401,0.6943,0.69294,0.69344,5062.0,3985.6,7.84986,7.8499,7.84976,7.84984,86.0,314.05,2023-02-08 17:00:00,39,0.6216868902665479,0.001624498179441769,1.0300134722222223,1.1134956280053,0.9465313164391443,0.05670233449177916,1.0004940158830766,0.9969349940093064,0.008723066262861678,0.011506657113299595,56.403759528759515,5493.314274001525,4,0,1.0907043774921235,1.0549756225078766,2023-02-11 17:00:00,2023-04-05 02:00:00,2023-02-24 14:00:00,0.0
2023-02-10 12:00:00,1676030400,1.06986,1.07911,1.06814,1.06832,6.82138,6.82579,6.81958,6.82434,9260.0,9119.75,2.44,2.458,2.414,2.454,1824.0,3420.1,4.05,4.0585,4.0485,4.0545,1971.0,2252.95,130.838,131.076,130.762,130.93,6694.0,8418.45,1.21089,1.21123,1.20862,1.20914,7545.0,7491.4,79.77,79.83,79.56,79.68,6308.0,9017.75,22.115,22.145,22.095,22.11,1577.0,2594.3,0.88354,0.88407,0.88344,0.88354,3968.0,3942.95,0.9228,0.92421,0.92262,0.9241,3747.0,3217.05,1876.1,1876.6,1873.8,1875.3,3481.0,7336.25,1.34495,1.34534,1.34366,1.34442,4609.0,4301.15,0.6924,0.69293,0.69176,0.69199,3657.0,3928.05,7.84992,7.84998,7.84984,7.84994,143.0,235.3,2023-02-10 12:00:00,41,0.6482618097757122,-0.004213116587748478,1.0309812500000002,1.114603542663367,0.9473589573366336,0.0674482467667632,1.0014415156507415,0.9914281213222007,0.007075184902565201,0.010620362671152716,57.72128894995788,5478.55741521018,4,0,1.0857032092653633,1.0509367907346363,2023-02-13 12:00:00,2023-03-22 18:00:00,2023-10-03 17:00:00,0.0
2023-02-14 10:00:00,1676368800,1.07614,1.0767,1.06556,1.07557,6.82016,6.82426,6.81854,6.82334,6874.0,6503.9,2.466,2.477,2.461,2.469,390.0,4482.05,4.074,4.0765,4.0655,4.0715,874.0,1757.25,132.022,132.348,131.992,132.258,8084.0,5592.45,1.21882,1.22045,1.2186,1.21891,7386.0,6448.0,79.24,79.27,78.69,78.93,7887.0,7492.2,21.84,21.845,21.765,21.785,1111.0,1599.05,0.88294,0.88306,0.88166,0.8824,4151.0,2997.5,0.9164,0.91952,0.916,0.91898,3450.0,2995.95,1872.9,1873.5,1869.6,1869.7,3417.0,4579.15,1.33356,1.33442,1.33332,1.3344,3611.0,3516.7,0.69707,0.69736,0.69622,0.6964,3330.0,3201.45,7.84988,7.84994,7.84972,7.84987,188.0,145.15,2023-02-14 10:00:00,45,0.6990793005655562,0.006786356147970629,1.0320347222222221,1.1159700407110675,0.9480994037333766,0.07313079282147278,1.0005299515605681,0.9994798922633975,0.006281828453301053,0.009752655827582384,58.291611097750256,5464.07521444995,4,0,1.0931331999385847,1.0580068000614151,2023-02-17 10:00:00,2023-04-05 02:00:00,2023-02-24 14:00:00,0.0
2023-02-15 14:00:00,1676469600,1.0683,1.08047,1.06658,1.06695,6.85922,6.86816,6.8586,6.8664,17509.0,8501.0,2.538,2.557,2.497,2.516,9553.0,2717.6,4.0045,4.0075,3.9785,3.981,8721.0,2848.8,133.904,134.179,133.86,134.142,15038.0,6467.8,1.2014,1.20264,1.19896,1.19916,16801.0,7943.3,78.2,78.58,77.85,77.94,12479.0,5417.9,21.51,21.615,21.45,21.505,6084.0,1956.5,0.88922,0.88992,0.88866,0.88974,8706.0,4379.55,0.92442,0.92588,0.92404,0.92518,8146.0,3804.55,1844.8,1849.0,1842.6,1843.8,13418.0,6646.8,1.34223,1.34402,1.34137,1.34334,12213.0,4907.4,0.6884,0.68876,0.68655,0.68668,8876.0,4070.65,7.84874,7.84908,7.84864,7.84896,444.0,413.1,2023-02-15 14:00:00,46,0.7112757519738151,-0.008014355179114196,1.0329309722222222,1.1169616184868734,0.948900325957571,0.06238703434989193,1.0012652889076339,0.9887363832406267,0.004901029771361198,0.008782330616338147,56.964019770779814,5449.8347618605385,4,0,1.0845150935738692,1.049384906426131,2023-02-18 14:00:00,2023-03-22 18:00:00,2023-10-03 17:00:00,0.0
2023-02-17 07:00:00,1676617200,1.06348,1.07226,1.06294,1.0644,6.89138,6.89386,6.88433,6.8887,9856.0,9069.65,2.387,2.394,2.311,2.337,2482.0,3774.25,4.095,4.118,4.0895,4.107,2365.0,3421.05,134.758,134.897,134.642,134.8,7456.0,6378.9,1.1941,1.19588,1.19315,1.1938,9669.0,8186.45,77.77,77.81,77.3,77.61,6423.0,6236.1,21.335,21.385,21.305,21.315,1578.0,2345.95,0.89059,0.89168,0.8901,0.8916,5300.0,4515.65,0.92985,0.93044,0.92901,0.92903,4005.0,3564.1,1833.3,1836.2,1830.7,1833.0,10668.0,7600.7,1.34928,1.35012,1.34878,1.34996,4751.0,5070.15,0.68377,0.68513,0.68315,0.68422,4793.0,4444.55,7.84887,7.84933,7.84885,7.84908,513.0,520.0,2023-02-17 07:00:00,48,0.7350336741329412,-0.002389990158864097,1.0339568055555555,1.1176911073309603,0.9502225037801506,0.07191629013570203,0.9991356632844794,0.9918116874638614,0.0035599364476606166,0.007737851782602641,58.134719591171425,5435.825121274491,4,0,1.0816421752715566,1.0471578247284434,2023-02-20 07:00:00,2023-03-22 18:00:00,2023-10-03 17:00:00,0.0
2023-02-21 09:00:00,1676970000,1.06606,1.07048,1.06128,1.06632,6.884,6.88922,6.8776,6.88174,13489.0,5665.05,2.243,2.263,2.238,2.25,346.0,497.0,4.151,4.18,4.1385,4.1715,4397.0,2008.55,134.703,134.746,134.433,134.588,11424.0,3858.7,1.20062,1.21142,1.19861,1.2092,16401.0,5284.95,76.74,77.03,76.13,76.93,14343.0,5066.6,21.7,21.8,21.645,21.77,781.0,1140.65,0.88795,0.88828,0.88118,0.88184,9770.0,3092.45,0.92591,0.92723,0.92324,0.92442,5932.0,2499.8,1843.5,1845.5,1841.3,1844.5,6915.0,3595.75,1.34855,1.34924,1.34414,1.34546,9224.0,3061.95,0.68746,0.68997,0.68718,0.689,7480.0,2860.75,7.8437,7.844,7.8432,7.84344,656.0,791.95,2023-02-21 09:00:00,52,0.7799125224167177,0.001803833145433975,1.0351147222222223,1.1182918072282844,0.9519376372161603,0.08141049314214713,0.9997561707554956,0.9958710111351916,0.0026218156219959265,0.006714644550481298,59.298253440699504,5422.050779791391,4,0,1.0834513338214036,1.0491886661785963,2023-02-24 09:00:00,2023-03-22 18:00:00,2023-10-03 17:00:00,0.0
2023-02-22 19:00:00,1677092400,1.06248,1.06984,1.05994,1.06012,6.8999,6.90708,6.89706,6.906,22439.0,9450.4,2.236,2.238,2.148,2.176,2792.0,1176.45,4.182,4.1935,4.173,4.1735,2390.0,2582.0,134.729,134.956,134.612,134.938,14519.0,6843.5,1.20685,1.2082,1.20346,1.20365,18007.0,8569.3,74.07,74.22,73.8,73.83,24202.0,11795.2,21.585,21.65,21.45,21.455,3270.0,1691.05,0.88036,0.8808,0.8799,0.88074,9364.0,4319.45,0.92959,0.9317,0.92886,0.93159,8688.0,3959.6,1839.2,1842.3,1833.1,1833.4,14027.0,6215.9,1.35346,1.35682,1.35225,1.35674,14492.0,5284.85,0.68202,0.68323,0.67946,0.6795,10827.0,4685.3,7.84634,7.84636,7.84446,7.84576,2315.0,1073.4,2023-02-22 19:00:00,53,0.7905633969115482,-0.005814389676644938,1.036396388888889,1.1182011000246324,0.9545916777531457,0.0910706038871876,1.0022261630758784,0.99312046661183,0.001362355537819937,0.005644186747949026,60.50068274920345,5409.057932181823,4,0,1.0767263425845384,1.0435136574154615,2023-02-25 19:00:00,2023-03-22 18:00:00,,0.0
2023-02-24 14:00:00,1677247200,1.0554,1.06278,1.05362,1.0548,6.96987,6.9798,6.96987,6.97311,16756.0,8918.25,2.424,2.54,2.42,2.49,17715.0,2323.0,4.006,4.006,3.959,3.9705,7302.0,1801.6,135.881,136.469,135.88,136.195,14995.0,6982.25,1.19648,1.1965,1.19282,1.19498,16583.0,7712.45,75.57,75.85,74.09,74.49,46267.0,8293.85,21.075,21.075,20.825,20.96,6301.0,1540.3,0.88208,0.88357,0.88207,0.88272,8915.0,4342.95,0.93712,0.93904,0.93704,0.93876,8858.0,3131.2,1822.7,1823.0,1815.5,1819.7,25698.0,6637.95,1.36266,1.36654,1.36211,1.36415,11901.0,3967.15,0.6742,0.67422,0.67186,0.67269,9687.0,3599.15,7.8488,7.84936,7.84827,7.84923,377.0,539.2,2023-02-24 14:00:00,55,0.8111602420785621,-0.005018299815115257,1.0376752777777778,1.1176667961994298,0.9576837593561258,0.0913438430070899,1.0005688282138794,0.9930559476091005,-6.431382200822178e-05,0.004502486633957577,60.47315741583257,5396.7933626635995,4,0,1.0713163522960392,1.0382836477039608,2023-02-27 14:00:00,2023-03-14 10:00:00,,0.0
2023-02-28 11:00:00,1677582000,1.06163,1.06262,1.05328,1.0609,6.95548,6.95826,6.95523,6.95792,6834.0,7541.6,2.682,2.708,2.675,2.681,1251.0,5588.4,4.041,4.045,4.027,4.0325,1603.0,2089.85,136.73,136.787,136.68,136.774,5124.0,4378.25,1.2105,1.21088,1.20899,1.20958,7305.0,6077.25,76.88,76.98,76.76,76.89,7033.0,7698.65,20.645,20.7,20.63,20.67,854.0,1797.75,0.87704,0.87786,0.87691,0.87711,3568.0,3223.15,0.93796,0.93866,0.93746,0.93789,2405.0,2141.55,1815.8,1817.7,1814.5,1815.9,3186.0,4592.0,1.35694,1.35714,1.35608,1.35657,3292.0,3379.8,0.6731,0.67348,0.67294,0.67304,2865.0,2730.95,7.84946,7.84964,7.8494,7.84954,160.0,658.35,2023-02-28 11:00:00,59,0.8494504794814806,0.005783086841107288,1.0390976388888888,1.1169922332875868,0.9612030444901909,0.10151375400212985,1.0006880950136678,0.9990683405168359,-0.0006947321088022207,0.0034630428854056177,61.59874963191157,5385.250691357354,4,0,1.077485602065893,1.044314397934107,2023-03-03 11:00:00,2023-03-22 18:00:00,,0.0
2023-03-01 21:00:00,1677704400,1.0665,1.06915,1.05653,1.06696,6.87755,6.88059,6.87712,6.87866,1384.0,11473.05,2.82,2.825,2.809,2.811,1638.0,5364.3,4.169,4.173,4.1685,4.169,463.0,3557.6,136.183,136.24,136.168,136.214,2476.0,6461.9,1.20184,1.20278,1.20159,1.2027,1618.0,8367.3,77.75,77.77,77.65,77.72,2456.0,13049.45,21.07,21.095,21.065,21.08,356.0,2596.2,0.88738,0.88759,0.88704,0.88711,970.0,4446.2,0.93989,0.93996,0.93956,0.93969,688.0,3504.65,1844.3,1844.7,1843.2,1843.6,1786.0,8124.4,1.35974,1.35992,1.35902,1.35918,1113.0,5659.95,0.67545,0.67612,0.67534,0.6759,808.0,4162.0,7.84957,7.8498,7.8495,7.84974,4353.0,850.8,2023-03-01 21:00:00,60,0.8584015232918916,0.005712131209350435,1.0403534722222223,1.117063509625522,0.9636434348189227,0.08855305021474284,0.9995688685611458,0.997521395501099,-0.0006973135915178119,0.002630971590020932,60.52668343112601,5374.4231854235295,4,0,1.083079970253353,1.050840029746647,2023-03-04 21:00:00,2023-03-22 18:00:00,2023-10-03 17:00:00,0.0
2023-03-03 14:00:00,1677852000,1.06224,1.0673,1.05766,1.06138,6.90746,6.91394,6.90424,6.91144,13048.0,8458.1,2.828,2.848,2.8,2.813,11620.0,2850.55,4.1025,4.1075,4.0905,4.097,3796.0,1532.25,135.915,136.09,135.806,136.01,9755.0,5621.35,1.20084,1.20178,1.19919,1.19956,10528.0,6111.1,76.65,77.68,75.83,77.61,75819.0,9950.4,21.165,21.215,20.935,21.005,9746.0,1781.95,0.8846,0.88515,0.88438,0.88494,5474.0,2978.05,0.9378,0.93864,0.93702,0.93854,5534.0,2664.95,1852.7,1854.0,1847.4,1849.4,15904.0,4583.8,1.36156,1.36396,1.36131,1.36195,9735.0,4352.8,0.67584,0.67639,0.6747,0.67524,6089.0,3081.2,7.84985,7.84985,7.84978,7.84981,105.0,141.65,2023-03-03 14:00:00,62,0.8755389928586301,-0.005229811801754414,1.0414909722222223,1.1169583436371244,0.9660236008073201,0.08030340858353997,1.0008102658802691,0.9952590649301979,-0.001136517732203579,0.00187747372557603,59.47653429602888,5364.258575120336,4,0,1.0774908635794407,1.0452691364205593,2023-03-06 14:00:00,2023-03-22 18:00:00,,0.0
2023-03-07 12:00:00,1678190400,1.06568,1.06946,1.05883,1.06698,6.94218,6.94641,6.94154,6.94505,5017.0,6475.75,2.588,2.644,2.584,2.637,5420.0,4645.1,4.033,4.04,4.0275,4.0375,2585.0,1678.15,136.047,136.262,136.044,136.164,4891.0,4129.55,1.19892,1.19976,1.19761,1.19976,6397.0,5380.2,79.93,80.11,79.82,80.03,8880.0,8385.1,21.005,21.005,20.955,20.985,1590.0,1406.75,0.88885,0.8898,0.88884,0.88934,3580.0,2714.85,0.93389,0.93464,0.93328,0.93331,3201.0,2279.2,1846.9,1846.9,1843.5,1844.5,6108.0,3803.6,1.364,1.3646,1.36362,1.36364,3383.0,3368.2,0.66629,0.66678,0.66596,0.66671,3215.0,2840.45,7.84984,7.84992,7.84984,7.8499,71.0,1102.45,2023-03-07 12:00:00,66,0.9066860720977984,0.005276149918031381,1.0426379166666666,1.1170889972639886,0.9681868360693446,0.0805551884667235,0.9987816079026786,0.9964655059562769,-0.0010209481246816754,0.001297789355524489,59.54020332717191,5354.750489218406,4,0,1.0831798788805846,1.0507801211194154,2023-03-10 12:00:00,2023-03-22 18:00:00,2023-10-03 17:00:00,0.0
2023-03-09 00:00:00,1678320000,1.05492,1.06724,1.05244,1.0547,6.96724,6.96927,6.96357,6.96524,7274.0,8106.5,2.594,2.614,2.586,2.608,492.0,4335.65,4.0335,4.035,4.0305,4.034,427.0,3141.8,137.23,137.257,136.802,136.978,5983.0,5865.2,1.18494,1.1855,1.1843,1.18446,5373.0,6531.95,76.56,76.63,76.51,76.62,826.0,11685.35,20.115,20.135,20.105,20.12,431.0,2562.95,0.89026,0.89052,0.89006,0.89044,2729.0,3412.2,0.94093,0.94106,0.94031,0.94072,2135.0,2965.35,1819.0,1820.0,1818.4,1819.4,2028.0,6584.75,1.37994,1.38095,1.3799,1.38066,2722.0,4686.65,0.65942,0.65956,0.65867,0.65884,1989.0,3417.75,7.84964,7.84968,7.84904,7.84954,192.0,231.65,2023-03-09 00:00:00,68,0.9206588168102428,-0.011509119196236206,1.0435201388888888,1.1169968337851333,0.9700434439926445,0.06211549273375608,1.0002085901204134,0.9884562047899256,-0.0018983685390199234,0.0006585577766156064,57.246178416609624,5345.82272523534,4,0,1.0709514739218966,1.0384485260781036,2023-03-12 00:00:00,2023-03-14 10:00:00,,0.0
2023-03-10 14:00:00,1678456800,1.06217,1.06748,1.05381,1.0667,6.9464,6.94954,6.92741,6.93231,26731.0,9746.7,2.495,2.55,2.466,2.49,11239.0,2776.55,4.02,4.0265,4.006,4.021,9700.0,2966.95,136.266,136.366,134.762,134.834,24394.0,8464.6,1.20188,1.20845,1.20075,1.208,23411.0,8453.45,75.98,76.02,75.36,75.83,32019.0,10199.1,20.505,20.71,20.425,20.665,12480.0,2464.55,0.8838,0.88433,0.88275,0.88301,10723.0,4477.4,0.92536,0.92622,0.91802,0.9198,14133.0,4156.9,1846.7,1865.0,1844.1,1863.1,55107.0,9272.5,1.37854,1.38121,1.37742,1.3789,21068.0,5965.55,0.661,0.66264,0.65967,0.66207,15173.0,4635.45,7.84965,7.84987,7.84918,7.84961,721.0,383.75,2023-03-10 14:00:00,69,0.9272375462179538,0.011377642931639231,1.04472875,1.1167951151840536,0.9726623848159465,0.08509906190179284,0.9957532577106966,0.9950256679282048,-0.0016069073988116411,0.00020546474153015692,59.91567912488605,5337.497388543084,4,0,1.0830317026629168,1.050368297337083,2023-03-13 14:00:00,2023-03-22 18:00:00,2023-10-03 17:00:00,0.0
2023-03-13 11:00:00,1678705200,1.0674,1.07373,1.0636,1.06642,6.88654,6.88949,6.86443,6.8684,17713.0,12336.9,2.461,2.479,2.422,2.436,2661.0,2250.5,4.004,4.017,3.9935,3.9935,3124.0,2793.9,133.593,133.806,132.84,133.154,17509.0,10094.3,1.20668,1.20896,1.20555,1.2077,16267.0,10473.2,75.52,75.8,74.38,74.43,16785.0,9276.65,20.835,21.225,20.795,21.17,5823.0,2533.15,0.8846,0.88466,0.88254,0.883,8867.0,6216.65,0.91476,0.91567,0.91266,0.91436,7793.0,5416.0,1888.3,1896.8,1884.9,1894.1,14942.0,11771.95,1.37858,1.3801,1.37691,1.37872,13290.0,8629.85,0.66298,0.66465,0.66292,0.6637,9046.0,6201.25,7.84506,7.84511,7.84302,7.84323,2001.0,1161.3,2023-03-13 11:00:00,72,0.945320046913132,-0.00026249179713144777,1.0460584722222221,1.1160869143039047,0.9760300301405397,0.0940656665594425,1.0009189625100805,0.9941046631834817,-0.0013825785009413671,-0.00011214390696414787,61.13048735119047,5329.7470794655355,4,0,1.0825360006491684,1.0503039993508314,2023-03-16 11:00:00,2023-03-22 18:00:00,2023-10-03 17:00:00,0.0
2023-03-14 10:00:00,1678788000,1.07112,1.07486,1.06504,1.07204,6.88438,6.88491,6.87376,6.87561,8690.0,10131.0,2.644,2.645,2.603,2.608,984.0,3218.85,4.0165,4.036,4.0095,4.034,1101.0,2601.05,134.22,134.27,133.933,133.966,6924.0,8759.65,1.2155,1.21678,1.21448,1.21554,8228.0,9625.7,73.2,73.2,72.69,72.9,10379.0,11196.7,21.63,21.76,21.605,21.76,1380.0,3378.0,0.88122,0.88212,0.87996,0.8819,4721.0,5222.95,0.91166,0.91282,0.91005,0.91016,3571.0,4597.25,1905.5,1909.0,1905.2,1908.2,7125.0,10233.55,1.37356,1.37418,1.37208,1.37236,6548.0,7495.25,0.66464,0.66568,0.66434,0.66538,4221.0,5139.75,7.8456,7.8467,7.84558,7.84572,1058.0,1294.25,2023-03-14 10:00:00,73,0.9507903724625832,0.005269968680257531,1.0474631944444444,1.1154026302596263,0.9795237586292623,0.0990951779913553,0.9991418230663035,0.996520477085388,-0.0007427472732544071,-0.00023826458022219973,61.61247359235787,5322.568441251153,4,0,1.0882686804084922,1.055811319591508,2023-03-17 10:00:00,2023-04-05 02:00:00,2023-03-15 12:00:00,-1.0
2023-03-15 12:00:00,1678881600,1.05876,1.076,1.05525,1.05564,6.90502,6.90932,6.90028,6.90606,21208.0,9107.2,2.516,2.554,2.508,2.519,4151.0,1736.8,3.881,3.8925,3.855,3.8725,18710.0,3658.85,133.534,133.602,132.526,132.665,21334.0,9105.55,1.20668,1.21136,1.20422,1.20787,20455.0,9187.35,70.52,70.52,69.32,69.44,24469.0,11851.15,22.255,22.525,22.22,22.45,12022.0,2598.25,0.87739,0.87746,0.87374,0.87396,11886.0,5290.05,0.92264,0.92474,0.91988,0.92168,11493.0,5179.05,1923.1,1935.6,1922.0,1933.0,34416.0,10070.25,1.37633,1.37827,1.37408,1.37583,14212.0,6130.25,0.66408,0.6663,0.66327,0.664,10328.0,4748.0,7.8477,7.84886,7.8476,7.84845,1493.0,340.95,2023-03-15 12:00:00,74,0.9559793438440766,-0.015297936644155241,1.04861625,1.1141796771493935,0.9830528228506065,0.08190903585611566,1.0029555530294418,0.9839776951672861,-0.0015412527527216557,-0.000498862214722091,59.22116580771279,5315.872052068398,4,0,1.0721514337927318,1.0391285662072678,2023-03-18 12:00:00,2023-03-22 18:00:00,,0.0
2023-03-16 12:00:00,1678968000,1.06132,1.06356,1.05161,1.05878,6.89925,6.90089,6.89259,6.89664,16004.0,10061.3,2.493,2.531,2.429,2.474,6719.0,2409.05,3.8705,3.8765,3.8535,3.8615,7096.0,2675.75,132.606,132.762,132.177,132.32,17235.0,10105.8,1.20492,1.20752,1.20388,1.20588,15481.0,9292.0,67.73,68.13,67.2,67.54,11791.0,11236.5,22.14,22.21,22.01,22.04,6104.0,2152.0,0.88083,0.88092,0.87722,0.87804,9399.0,5214.9,0.9269,0.9282,0.92571,0.92656,9039.0,6108.2,1931.4,1936.3,1928.8,1934.9,21699.0,9453.75,1.37326,1.37552,1.37265,1.37426,12469.0,7532.35,0.66487,0.66564,0.66382,0.66458,7935.0,4840.9,7.84916,7.8498,7.84911,7.84978,818.0,407.35,2023-03-16 12:00:00,75,0.9608854255574976,0.0029744988821949203,1.0498019444444444,1.1128894499272277,0.9867144389616611,0.08406721025035119,1.0023989875139312,0.9978938658843882,-0.0018988139944386973,-0.0007788525706654123,59.43294070849262,5309.649113026681,4,0,1.0753464006958036,1.0422135993041968,2023-03-19 12:00:00,2023-03-22 18:00:00,,0.0
2023-03-17 15:00:00,1679065200,1.06335,1.067,1.0551,1.06462,6.89122,6.89292,6.88884,6.8913,12314.0,9364.8,2.373,2.381,2.344,2.369,5593.0,2042.55,3.881,3.8915,3.87,3.8885,5875.0,2612.15,132.077,132.226,131.932,132.024,11442.0,8333.5,1.21515,1.21588,1.21392,1.21398,11752.0,7161.6,66.3,66.9,65.38,66.84,49625.0,11423.15,22.375,22.41,22.255,22.325,6375.0,2265.3,0.87509,0.87698,0.875,0.87696,5898.0,3907.6,0.92758,0.92878,0.92682,0.92849,6785.0,4662.7,1967.1,1969.4,1960.4,1964.2,26073.0,9962.4,1.3751,1.37734,1.3745,1.37532,10160.0,5127.5,0.66888,0.6692,0.66738,0.66822,5902.0,3710.25,7.84982,7.84996,7.84932,7.84934,407.0,204.7,2023-03-17 15:00:00,76,0.9655071658143364,0.005515782315494988,1.0509224999999998,1.1121019702516954,0.9897430297483042,0.07880828737743285,0.9988070860964476,0.9965791940018744,-0.0016914467166448954,-0.0009613713998613089,59.008083605019856,5303.9014679537995,4,0,1.0811347934901419,1.048105206509858,2023-03-20 15:00:00,2023-03-22 18:00:00,2023-10-03 17:00:00,0.0
2023-03-21 01:00:00,1679360400,1.07174,1.07308,1.06313,1.07168,6.87853,6.88329,6.87453,6.87874,11700.0,8620.0,2.244,2.248,2.241,2.241,187.0,3066.95,3.949,3.953,3.938,3.943,1455.0,3062.35,131.172,131.251,131.035,131.236,5963.0,9579.7,1.22741,1.22773,1.22654,1.2267,6672.0,7523.15,67.64,67.67,67.32,67.46,2953.0,14953.1,22.645,22.695,22.635,22.675,958.0,2632.4,0.87318,0.8738,0.87306,0.87365,3464.0,4374.25,0.92868,0.92922,0.9286,0.92904,7924.0,4871.6,1984.2,1986.7,1983.0,1983.8,3290.0,12925.5,1.36772,1.3683,1.36752,1.36773,4079.0,6119.35,0.67019,0.67045,0.66902,0.66996,4229.0,4207.45,7.83876,7.84026,7.83552,7.83886,1645.0,1274.0,2023-03-21 01:00:00,80,0.981124629771712,0.006631474141008065,1.052172361111111,1.1112556035572254,0.9930891186649963,0.08770721337057316,1.0000559868617498,0.9987512580609087,-0.0009465128469587913,-0.0009583996892808055,59.94079049112962,5298.656537150652,4,0,1.0883384900870485,1.0550215099129516,2023-03-24 01:00:00,2023-04-05 02:00:00,2023-09-27 13:00:00,0.0
2023-03-22 18:00:00,1679508000,1.07955,1.09124,1.0704,1.08808,6.87903,6.88195,6.84306,6.85666,33285.0,7947.2,2.198,2.215,2.152,2.198,15816.0,3267.55,4.0415,4.1075,4.0415,4.0675,9057.0,3242.7,132.497,132.504,131.021,131.414,25850.0,6287.1,1.22467,1.23354,1.22462,1.2301,27080.0,6631.15,70.43,71.31,70.41,70.82,34645.0,10371.45,22.805,23.24,22.8,23.065,11481.0,2273.45,0.8816,0.88484,0.88127,0.8845,18800.0,3827.15,0.92401,0.92401,0.91474,0.9172,15783.0,4136.95,1950.2,1982.3,1950.0,1974.3,58841.0,9257.05,1.3735,1.37361,1.36568,1.36906,23031.0,4722.65,0.6675,0.6759,0.66745,0.67278,15957.0,3201.0,7.84748,7.84812,7.84624,7.84714,3317.0,1012.4,2023-03-22 18:00:00,81,0.984305844499033,0.015303075544938816,1.0536940277777778,1.110689307410285,0.9966987481452705,0.1061287280491147,0.9921605029041983,0.9892874161504344,0.000956173379683678,-0.0005754850754879088,61.758897522860934,5293.955337313012,4,0,1.1053305996903704,1.0708294003096297,2023-03-25 18:00:00,2023-05-03 18:00:00,2023-05-31 23:00:00,0.0
2023-03-24 08:00:00,1679644800,1.08282,1.09298,1.0768,1.078,6.84928,6.8754,6.84928,6.87019,18784.0,9099.35,2.159,2.179,2.141,2.17,687.0,2040.5,4.1325,4.135,4.0805,4.098,6617.0,3614.6,130.256,130.292,129.928,130.08,15327.0,6998.05,1.22712,1.2274,1.22365,1.22398,12868.0,6546.7,69.85,69.87,68.63,68.98,20353.0,11272.9,23.305,23.37,23.18,23.205,2064.0,2645.1,0.88244,0.88254,0.87952,0.8808,8211.0,3566.45,0.9177,0.91931,0.9173,0.91751,8245.0,4178.3,1992.0,1995.6,1983.7,1987.9,12000.0,10275.65,1.3722,1.37608,1.37212,1.37516,9423.0,4930.7,0.66884,0.66887,0.66606,0.6668,5441.0,3314.25,7.84938,7.84954,7.84923,7.8494,492.0,504.95,2023-03-24 08:00:00,83,0.9897936029670716,-0.009264024704065732,1.0549690277777777,1.1099099641725736,1.0000280913829818,0.08900357767891677,1.0044712430426714,0.9907043129791944,0.0016318828349768388,-0.0001340114933949593,59.802246615128354,5289.732522572597,4,0,1.095227568603872,1.0607724313961282,2023-03-27 08:00:00,2023-04-05 02:00:00,2023-09-27 13:00:00,0.0
2023-03-27 23:00:00,1679958000,1.07998,1.08079,1.07132,1.08064,6.88321,6.88503,6.88148,6.88318,895.0,6437.7,2.107,2.115,2.106,2.115,131.0,848.45,4.0995,4.1015,4.0965,4.097,405.0,2393.6,131.467,131.467,131.193,131.24,4365.0,5498.1,1.22863,1.22986,1.22862,1.22964,2315.0,5407.65,72.88,73.02,72.83,73.01,1256.0,12903.75,23.225,23.255,23.22,23.25,228.0,1914.35,0.87902,0.87902,0.87875,0.87885,1548.0,2692.65,0.91552,0.91552,0.91506,0.91518,2105.0,3523.4,1958.5,1959.5,1958.3,1959.2,935.0,6970.65,1.36633,1.36649,1.3654,1.36554,1649.0,3853.8,0.66536,0.66611,0.66524,0.66594,1165.0,2695.15,7.84976,7.84978,7.84967,7.84973,57.0,121.95,2023-03-27 23:00:00,86,0.9958270335100596,0.002448979591836764,1.0562448611111113,1.109180806245228,1.0033089159769946,0.08883687723555252,0.9993892508143322,0.9992505482101056,0.002353286165078794,0.00036344803829979134,59.80739665186198,5285.975751246822,4,0,1.097908952927203,1.063371047072797,2023-03-30 23:00:00,2023-04-12 20:00:00,2023-09-27 13:00:00,0.0
2023-03-30 05:00:00,1680152400,1.08391,1.08718,1.08035,1.08416,6.89292,6.89369,6.8816,6.88408,10488.0,5929.3,2.153,2.155,2.132,2.14,714.0,4848.1,4.0775,4.1005,4.076,4.0985,1755.0,2745.7,132.571,132.637,132.36,132.464,5653.0,4940.35,1.23116,1.2325,1.23084,1.23226,6972.0,5080.4,72.76,73.19,72.75,73.16,2919.0,10520.35,23.53,23.645,23.51,23.625,1716.0,1674.15,0.8804,0.88075,0.87984,0.87984,2698.0,2416.8,0.91893,0.919,0.9176,0.91796,3838.0,2703.8,1978.1,1982.5,1977.4,1981.7,4582.0,3238.4,1.35677,1.35688,1.35466,1.35504,2999.0,3068.35,0.66858,0.67004,0.66858,0.67003,2682.0,2433.7,7.84986,7.8499,7.84982,7.84989,84.0,422.15,2023-03-30 05:00:00,89,0.9992088560679752,0.0032573289902280145,1.0573193055555556,1.1093164047515771,1.0053222063595342,0.0740285093224195,0.9997694067296339,0.9969922183998969,0.003172467849174909,0.000925252000474815,58.52320303203915,5282.676446306592,4,0,1.1009282758319252,1.0673917241680748,2023-04-02 05:00:00,2023-04-27 17:00:00,2023-09-15 13:00:00,0.0
2023-04-03 02:00:00,1680487200,1.08076,1.09264,1.07908,1.07939,6.88926,6.89837,6.88784,6.89794,11134.0,7790.7,2.081,2.086,2.075,2.081,634.0,5828.7,4.0745,4.0755,4.0585,4.059,1506.0,2976.95,133.101,133.268,133.002,133.266,4522.0,6282.4,1.22968,1.2299,1.22844,1.22847,4648.0,5864.8,79.87,79.97,79.57,79.66,4702.0,13439.75,23.965,23.98,23.74,23.76,2811.0,2752.85,0.8789,0.87892,0.87838,0.87863,2617.0,3175.4,0.91692,0.91796,0.91682,0.9179,2521.0,3179.3,1976.8,1977.0,1968.5,1968.8,5868.0,7872.15,1.35078,1.35185,1.35064,1.35185,3007.0,3969.7,0.66787,0.66808,0.66664,0.66672,3552.0,2900.75,7.84981,7.84996,7.84981,7.8499,134.0,151.0,2023-04-03 02:00:00,93,0.9995786855478958,-0.004399719598583207,1.0584377777777778,1.1087719846911588,1.0081035708643968,0.07753671704760964,1.0012692354014767,0.9891272514277346,0.003397610560655684,0.001419723712510989,58.93487185176968,5279.79367407528,4,0,1.0959851544092762,1.0627948455907241,2023-04-06 02:00:00,2023-04-05 02:00:00,2023-09-27 13:00:00,1.0
2023-04-05 02:00:00,1680660000,1.09575,1.09734,1.07882,1.0961,6.87746,6.8796,6.86509,6.86669,10022.0,7170.75,2.097,2.107,2.097,2.105,373.0,4405.5,3.9605,3.9755,3.9585,3.9725,773.0,3209.35,131.577,131.822,131.553,131.772,6704.0,5882.05,1.2488,1.2506,1.2488,1.24981,5409.0,5631.7,81.11,81.2,81.09,81.15,1033.0,11970.25,25.195,25.295,25.19,25.26,1891.0,3511.0,0.87742,0.87742,0.87666,0.87704,2513.0,2984.15,0.90576,0.90588,0.90536,0.9056,2546.0,2653.15,2037.0,2041.9,2036.6,2040.5,3645.0,10570.15,1.34391,1.34391,1.34258,1.34362,3797.0,3927.1,0.67548,0.67805,0.67548,0.67656,5319.0,3015.85,7.84976,7.8498,7.84952,7.84958,104.0,254.75,2023-04-05 02:00:00,95,0.9979887423155984,0.015480966101223848,1.059935,1.108176139827201,1.0116938601727992,0.10352740883953965,0.9996806860687892,0.9985510416097108,0.004868276667249871,0.0021094343034587654,61.79947460595448,5277.372550229991,4,0,1.1130737392510341,1.079126260748966,2023-04-08 02:00:00,2023-07-13 11:00:00,2023-05-18 17:00:00,0.0
2023-04-10 13:00:00,1681131600,1.0849,1.09675,1.08381,1.08381,6.88935,6.89373,6.88672,6.89356,14304.0,5059.1,2.131,2.189,2.131,2.159,33516.0,5427.05,3.9655,3.987,3.965,3.9805,6242.0,1430.35,133.33,133.544,133.269,133.536,9006.0,4975.9,1.23517,1.23653,1.23444,1.23555,8709.0,3422.3,79.82,80.88,79.74,80.62,26082.0,5774.95,24.945,25.045,24.875,24.915,6047.0,1458.0,0.87835,0.87872,0.8772,0.87722,4497.0,1910.35,0.91022,0.91095,0.90968,0.91082,4192.0,2402.25,2004.5,2009.4,2001.1,2003.0,20396.0,4927.55,1.35442,1.35538,1.35372,1.3551,6030.0,2538.35,0.66238,0.66286,0.66204,0.66234,4225.0,1904.45,7.84999,7.84999,7.84992,7.84996,28.0,47.35,2023-04-10 13:00:00,100,0.9888537064205885,-0.011212480613082887,1.0612645833333334,1.1066657857666495,1.0158633809000173,0.09247422375429978,1.0010057113331672,0.9891953498974243,0.004984630150567382,0.002684473472880489,60.20858660182993,5275.341795648899,4,0,1.1008987271813284,1.0667212728186715,2023-04-13 13:00:00,2023-04-27 17:00:00,2023-09-15 13:00:00,0.0
2023-04-12 20:00:00,1681329600,1.09886,1.10006,1.08314,1.09904,6.88243,6.88287,6.88226,6.88264,675.0,8134.9,2.098,2.1,2.069,2.084,3304.0,4784.5,4.0705,4.0715,4.067,4.0685,441.0,3007.35,133.192,133.218,133.107,133.177,2236.0,5891.7,1.24842,1.24852,1.24812,1.24825,1600.0,5773.5,83.23,83.33,83.2,83.26,1786.0,10890.45,25.62,25.64,25.59,25.63,531.0,3713.3,0.8802,0.88048,0.88017,0.88046,758.0,2817.55,0.89646,0.89661,0.89616,0.89634,778.0,2467.25,2028.7,2029.9,2028.0,2029.4,1781.0,10697.6,1.34428,1.34441,1.34388,1.34418,1027.0,4388.7,0.66927,0.66944,0.66904,0.66929,516.0,3050.75,7.84997,7.85004,7.84982,7.84998,119.0,107.35,2023-04-12 20:00:00,102,0.98314697372215,0.014052278535905849,1.0629680555555554,1.1044897344869264,1.0214463766241844,0.1183302537034326,0.9998362207017032,0.9989091504099775,0.006233914159997633,0.003394361610303918,62.98130860904722,5273.741502420804,4,0,1.1163296975142332,1.0817503024857669,2023-04-15 20:00:00,2023-07-13 11:00:00,2023-05-18 17:00:00,0.0
2023-04-17 04:00:00,1681704000,1.09764,1.1076,1.09618,1.09846,6.87822,6.88104,6.87671,6.87978,5688.0,9253.2,2.167,2.173,2.164,2.171,289.0,5113.7,4.107,4.1155,4.1055,4.1065,686.0,3330.75,133.985,134.133,133.918,134.064,3533.0,4895.55,1.24033,1.24126,1.24001,1.24122,2789.0,5255.9,82.56,82.57,82.47,82.48,331.0,7754.25,25.405,25.43,25.38,25.4,250.0,3710.4,0.88496,0.88526,0.88488,0.88497,1140.0,2395.55,0.89444,0.89448,0.89408,0.89409,836.0,2249.45,2017.2,2018.8,2016.4,2017.5,2501.0,12042.7,1.33622,1.33622,1.33572,1.33574,1762.0,3921.55,0.6708,0.67096,0.67054,0.67086,1483.0,2764.3,7.8499,7.8499,7.84986,7.84988,43.0,178.45,2023-04-17 04:00:00,107,0.9638074231367308,-0.000527733294511612,1.06435125,1.103794737395056,1.024907762604944,0.09503983782007028,0.9992535003550425,0.9910075839653305,0.007095388364992905,0.004134566961241716,61.053028789594,5272.680884404619,4,0,1.1148136924251644,1.0821063075748356,2023-04-20 04:00:00,2023-07-13 11:00:00,2023-05-18 17:00:00,0.0
2023-04-19 10:00:00,1681898400,1.093,1.09999,1.09092,1.09338,6.9075,6.90752,6.90359,6.90496,6914.0,6770.4,2.329,2.346,2.326,2.339,698.0,2598.5,4.036,4.045,4.0355,4.04,1072.0,1566.35,134.793,134.938,134.73,134.83,5557.0,4271.0,1.24142,1.24318,1.24126,1.24148,5781.0,4183.1,79.37,79.56,79.25,79.42,8304.0,8644.6,24.775,24.865,24.775,24.825,2552.0,1831.6,0.88046,0.88075,0.87984,0.88072,2844.0,2053.85,0.89928,0.9001,0.89905,0.89977,2562.0,2027.9,1985.9,1988.5,1983.0,1984.7,11192.0,8043.25,1.34316,1.34412,1.34262,1.34384,4142.0,2907.15,0.6698,0.67036,0.66922,0.67009,2481.0,2133.65,7.84986,7.84986,7.84898,7.8492,349.0,229.05,2023-04-19 10:00:00,109,0.9540665500578388,-0.0046246563370536675,1.0655845833333333,1.1029452505978155,1.028223916068851,0.0847042720295118,0.9996524538586767,0.9936453967763342,0.007284231250787032,0.004764499819150779,59.869298479594555,5272.1110489567955,4,0,1.1096892853819476,1.0770707146180525,2023-04-22 10:00:00,2023-07-13 11:00:00,2023-05-18 17:00:00,0.0
2023-04-21 14:00:00,1682085600,1.09557,1.09939,1.09172,1.09718,6.90372,6.90582,6.89622,6.90066,14627.0,7366.65,2.234,2.255,2.195,2.2,4523.0,1529.3,3.9805,4.001,3.9735,3.9855,6337.0,2081.8,134.298,134.494,134.212,134.414,9039.0,4748.25,1.23812,1.24145,1.23669,1.2397,10680.0,4668.9,77.99,78.16,77.3,77.58,27652.0,8279.55,25.06,25.325,24.985,25.11,9857.0,2123.45,0.8849,0.88539,0.88403,0.88506,5606.0,2252.65,0.89407,0.89542,0.89214,0.89366,5152.0,2186.35,1984.6,1998.3,1982.3,1989.7,36164.0,8842.6,1.35511,1.35636,1.3528,1.35358,7984.0,3072.0,0.66869,0.67062,0.66791,0.66848,5534.0,2199.0,7.84838,7.84863,7.84668,7.84841,1070.0,588.7,2023-04-21 14:00:00,111,0.9431964659565866,0.0034754614132324058,1.0666824999999998,1.1030184426680263,1.0303465573319732,0.07477564034744481,0.9985326017608778,0.9965253458736207,0.0076523077994770095,0.005342061415216025,58.98030127462341,5272.9940489136925,4,0,1.1132382354180463,1.0811217645819537,2023-04-24 14:00:00,2023-07-13 11:00:00,2023-05-18 17:00:00,0.0
2023-04-26 00:00:00,1682467200,1.0978,1.10671,1.09642,1.09782,6.93769,6.9431,6.9356,6.93854,7461.0,7904.65,2.389,2.394,2.384,2.388,361.0,1024.75,3.8495,3.853,3.846,3.85,514.0,2787.35,133.712,133.756,133.49,133.698,6020.0,4892.75,1.24142,1.24174,1.2404,1.24116,5075.0,5317.85,77.29,77.43,77.29,77.42,1606.0,12455.95,25.13,25.15,25.06,25.06,945.0,2531.6,0.8843,0.88465,0.8839,0.8845,1863.0,2586.75,0.8919,0.89234,0.89156,0.89199,2078.0,2249.25,2010.3,2012.3,2007.7,2008.0,12200.0,9949.6,1.36192,1.3627,1.3617,1.36235,2365.0,3286.1,0.66362,0.66393,0.66299,0.66334,2685.0,2292.05,7.84951,7.84986,7.84936,7.8495,396.0,287.0,2023-04-26 00:00:00,116,0.9111686353326632,0.0005833135857380434,1.0675661111111112,1.1037919704539851,1.0313402517682373,0.05969821424240862,0.9999817820772077,0.991949110426399,0.007904535206006313,0.005854556173374083,57.48999293619025,5275.55247360357,4,0,1.1134166892451667,1.0822233107548334,2023-04-29 00:00:00,2023-07-13 11:00:00,2023-05-18 17:00:00,0.0
2023-04-27 17:00:00,1682614800,1.10085,1.10956,1.09684,1.10226,6.9336,6.93472,6.92788,6.92964,5459.0,8085.65,2.364,2.376,2.347,2.352,8534.0,3307.25,3.8835,3.9,3.882,3.897,2088.0,3423.85,133.996,134.062,133.822,133.967,3263.0,4684.8,1.24656,1.24884,1.24618,1.24839,4357.0,6049.9,74.86,75.18,74.71,74.73,15220.0,10523.6,25.135,25.22,25.11,25.205,2586.0,2996.65,0.8831,0.88328,0.88273,0.88294,2139.0,2798.25,0.89555,0.89578,0.89376,0.89394,1811.0,2552.05,1993.3,2000.4,1992.4,1998.5,13036.0,9186.45,1.36158,1.3617,1.35986,1.36016,2935.0,3989.4,0.66146,0.66312,0.6614,0.66262,1956.0,2992.55,7.84976,7.84976,7.84964,7.84964,99.0,212.7,2023-04-27 17:00:00,117,0.9039461929224012,0.004044378859922482,1.0685402777777777,1.1046718564082718,1.0324086991472836,0.06574767819751229,0.9987208099722389,0.9921500414578752,0.00836625713185124,0.0063568963650695144,58.21196084859272,5279.716967847739,4,0,1.1179229490352218,1.086597050964778,2023-04-30 17:00:00,2023-07-17 12:00:00,2023-05-18 17:00:00,0.0
2023-05-01 18:00:00,1682964000,1.09722,1.1045,1.09626,1.09695,6.95854,6.96185,6.95853,6.96172,5570.0,6007.35,2.301,2.324,2.295,2.312,9813.0,3964.75,3.9335,3.938,3.9335,3.9345,555.0,2663.85,137.39,137.488,137.38,137.466,2718.0,3820.95,1.24952,1.24956,1.24861,1.24874,3955.0,4880.9,75.28,75.89,75.25,75.81,18233.0,7871.25,25.27,25.33,25.245,25.25,1334.0,3534.45,0.8781,0.87862,0.8781,0.87843,1967.0,2361.0,0.8956,0.89614,0.89539,0.8961,1466.0,2273.15,1991.0,1991.9,1989.3,1989.4,3243.0,7798.35,1.3534,1.35474,1.35324,1.35437,3765.0,3484.2,0.66358,0.66372,0.66273,0.66303,1896.0,2254.85,7.84996,7.85,7.84984,7.84995,85.0,164.65,2023-05-01 18:00:00,121,0.8724040568049612,-0.004817375210930175,1.0694033333333333,1.1052340898123114,1.033572576854355,0.058315766416758175,1.0002461370162723,0.9934087822544138,0.008209073374244369,0.006727331766904486,57.230962576801346,5285.36996710658,4,0,1.1126016909096432,1.081298309090357,2023-05-04 18:00:00,2023-07-13 11:00:00,2023-05-18 17:00:00,0.0
2023-05-03 18:00:00,1683136800,1.105,1.1092,1.09422,1.10601,6.91829,6.92578,6.90634,6.9215,29267.0,7903.3,2.178,2.181,2.154,2.164,9859.0,4149.85,3.846,3.8645,3.846,3.8605,3825.0,2078.65,135.314,135.708,134.836,135.46,19897.0,5747.5,1.25563,1.25908,1.25383,1.25637,20132.0,5895.05,68.71,69.08,68.28,68.75,29423.0,17335.4,25.68,25.905,25.585,25.705,8527.0,2133.55,0.88006,0.88125,0.87996,0.8803,9705.0,2928.7,0.88654,0.88776,0.88328,0.88573,10478.0,2667.3,2033.2,2045.4,2025.8,2031.9,36684.0,8907.6,1.36058,1.36146,1.35822,1.35931,17152.0,4684.45,0.668,0.67036,0.6667,0.6686,12056.0,3066.65,7.85004,7.85004,7.84995,7.84997,86.0,93.35,2023-05-03 18:00:00,123,0.8550745085896934,0.008259264323806859,1.0703590277777777,1.1063758057396404,1.034342249815915,0.06423416996821606,0.9990868075333859,0.9962134871979805,0.00871510805561515,0.00712488702464662,57.884725564340556,5292.473943921499,4,0,1.1219050741313694,1.0901149258686305,2023-05-06 18:00:00,2023-07-17 12:00:00,2023-05-16 12:00:00,0.0
2023-05-05 13:00:00,1683291600,1.0976,1.10917,1.09667,1.09912,6.92772,6.93035,6.92182,6.92468,16319.0,5835.45,2.082,2.149,2.072,2.142,15523.0,2846.05,3.851,3.898,3.8425,3.8955,12034.0,1974.2,134.974,135.07,134.718,134.844,10462.0,4365.85,1.25694,1.25988,1.25686,1.25966,12360.0,4771.45,70.45,71.61,70.03,71.55,42781.0,9159.65,25.85,25.91,25.43,25.5,17978.0,2635.95,0.87328,0.87347,0.87257,0.8726,5205.0,2173.6,0.89564,0.89572,0.89368,0.89434,6285.0,2401.0,2018.1,2021.0,2008.4,2011.3,50913.0,9618.3,1.34733,1.3484,1.34498,1.34534,10921.0,3996.85,0.67053,0.67336,0.67046,0.67322,6723.0,2624.35,7.84746,7.848,7.84744,7.84797,826.0,637.4,2023-05-05 13:00:00,125,0.8367329140344921,-0.006229600094031507,1.07123375,1.1069372306268233,1.0355302693731767,0.059007589791059085,0.9986170754785645,0.9895687766528124,0.008462626873718904,0.007392434994461077,57.12153421683478,5300.909284690869,4,0,1.1150168736418768,1.0832231263581233,2023-05-08 13:00:00,2023-07-13 11:00:00,2023-05-18 17:00:00,0.0
2023-05-10 05:00:00,1683694800,1.0972,1.10538,1.09411,1.09667,6.93198,6.93572,6.93027,6.93357,5412.0,4155.2,2.24,2.248,2.237,2.244,361.0,3769.95,3.8965,3.903,3.8865,3.8935,1065.0,1492.4,135.235,135.377,135.2,135.34,4411.0,4279.8,1.26216,1.26232,1.26114,1.2619,3200.0,3862.5,73.23,73.28,73.12,73.19,1890.0,10056.0,25.835,25.85,25.79,25.835,463.0,1866.85,0.86932,0.8694,0.86896,0.86908,1737.0,1822.25,0.88994,0.89072,0.88986,0.89036,1388.0,1531.3,2037.6,2038.4,2034.7,2035.9,2901.0,6080.75,1.33827,1.3396,1.33825,1.33894,2784.0,2987.9,0.67666,0.67686,0.67571,0.67638,2129.0,1880.75,7.82901,7.83292,7.82901,7.8323,2016.0,1155.25,2023-05-10 05:00:00,130,0.7865965660866021,-0.0022290559720504755,1.0722240277777777,1.1067016353970502,1.0377464201585052,0.06722479255412281,1.0004832812058322,0.9925998299227414,0.007972932194185267,0.007508534434405916,58.21693633891119,5310.584952569689,4,0,1.112277780504107,1.0810622194958932,2023-05-13 05:00:00,2023-07-13 11:00:00,2023-05-18 17:00:00,0.0
2023-05-12 02:00:00,1683856800,1.09243,1.1007,1.09002,1.09186,6.95683,6.95686,6.95169,6.95502,7450.0,6968.9,2.175,2.176,2.169,2.174,303.0,3414.15,3.7015,3.711,3.694,3.7105,2696.0,5923.7,134.502,134.682,134.491,134.648,3434.0,5744.5,1.2517,1.25172,1.25106,1.2511,3415.0,5538.8,70.83,70.88,70.27,70.73,5980.0,12215.15,24.185,24.215,24.12,24.175,2378.0,5155.75,0.87276,0.87298,0.87258,0.87274,1417.0,2636.55,0.89284,0.89289,0.89253,0.8927,1054.0,2325.35,2017.0,2017.9,2013.8,2015.7,6144.0,11564.95,1.34846,1.34916,1.34836,1.34893,2698.0,4531.9,0.66987,0.67002,0.66944,0.66995,2137.0,2813.25,7.83911,7.8416,7.83911,7.84096,1472.0,1299.8,2023-05-12 02:00:00,132,0.7648913904341226,-0.0043860049057601325,1.0729431944444443,1.1068566017937589,1.0390297870951297,0.048585030703752266,1.0005220449508179,0.9924865994367221,0.0071147049416253605,0.007429768535849805,56.106708180016994,5321.401615098485,4,0,1.107059526843819,1.076660473156181,2023-05-15 02:00:00,2023-07-13 11:00:00,2023-05-18 17:00:00,0.0
2023-05-16 12:00:00,1684238400,1.0887,1.09356,1.08457,1.08817,6.97722,6.9901,6.9769,6.98806,9800.0,5120.8,2.35,2.432,2.347,2.419,10631.0,2119.9,3.663,3.6715,3.657,3.6695,5946.0,2163.3,135.858,136.209,135.658,136.103,8854.0,3754.9,1.25182,1.25276,1.24953,1.25136,8428.0,3501.9,71.04,71.4,71.03,71.19,11207.0,5539.3,23.96,24.24,23.915,24.13,8322.0,1524.2,0.8697,0.87008,0.86911,0.86959,4230.0,1829.05,0.89389,0.89566,0.89344,0.89465,5314.0,1684.15,2009.9,2019.4,2005.1,2016.4,28465.0,5059.35,1.34636,1.34666,1.34148,1.34174,7523.0,3112.95,0.66726,0.66806,0.66655,0.66772,4184.0,1957.0,7.83873,7.83898,7.83864,7.83868,3516.0,1474.5,2023-05-16 12:00:00,136,0.7187918772884233,-0.003379554155294562,1.0736838888888889,1.106534482564621,1.0408332952131567,0.05025056083280807,1.000487056250402,0.9955557994074399,0.006066866439572882,0.007157188116594422,56.31258729670226,5333.270281670079,4,0,1.1032821869216363,1.0730578130783637,2023-05-19 12:00:00,2023-07-13 11:00:00,2023-05-29 15:00:00,0.0
2023-05-18 17:00:00,1684429200,1.07631,1.08892,1.07625,1.07666,7.05372,7.0551,7.05094,7.05408,4180.0,7764.95,2.56,2.587,2.543,2.579,9640.0,5204.95,3.689,3.691,3.6855,3.6875,1499.0,2518.4,138.582,138.691,138.483,138.566,3910.0,4576.15,1.23958,1.2401,1.23918,1.23988,4225.0,4975.1,71.73,71.93,71.59,71.64,9574.0,7066.25,23.625,23.685,23.585,23.66,2838.0,2050.55,0.86826,0.86857,0.8681,0.86838,1946.0,2270.35,0.9054,0.90575,0.90496,0.90515,1694.0,2246.9,1958.3,1961.3,1956.5,1961.2,12051.0,9655.55,1.35195,1.35248,1.35143,1.3521,4502.0,4296.9,0.66091,0.66128,0.66071,0.661,2203.0,2622.85,7.828,7.8282,7.82724,7.8276,2126.0,856.45,2023-05-18 17:00:00,138,0.6944521021088763,-0.010577391400240943,1.0742172222222224,1.1059632585008203,1.0424711859436244,0.03631742152285792,0.9996749205877438,0.9884197186202843,0.004258595630961093,0.0065774696194677565,54.459930313588856,5346.065275682842,4,0,1.0918685494269762,1.0614514505730237,2023-05-21 17:00:00,2023-06-16 15:00:00,2023-09-27 13:00:00,0.0
2023-05-23 02:00:00,1684807200,1.08044,1.08313,1.076,1.08101,7.0641,7.06563,7.05882,7.06074,9208.0,6848.6,2.393,2.399,2.391,2.394,75.0,3219.8,3.687,3.6905,3.676,3.683,1414.0,2252.55,138.814,138.878,138.703,138.708,3768.0,4727.4,1.24292,1.24372,1.24257,1.24362,3802.0,4759.15,72.42,72.49,72.31,72.48,2074.0,9697.5,23.675,23.735,23.665,23.725,605.0,1829.75,0.86926,0.86943,0.86915,0.86926,1669.0,2112.4,0.89896,0.89912,0.89829,0.89837,2362.0,2236.3,1962.1,1966.1,1962.0,1965.5,3485.0,6362.1,1.34958,1.35006,1.34858,1.34878,2900.0,3554.9,0.665,0.66566,0.6641,0.66546,2221.0,2279.45,7.8277,7.82882,7.82769,7.82826,1363.0,959.45,2023-05-23 02:00:00,143,0.6300720909843687,0.0040402726951871415,1.074825138888889,1.105351839645332,1.044298438132446,0.041332450001039196,0.9994727153310331,0.9975164569349941,0.003140336785114828,0.005890043052597171,55.044602724569536,5359.749573954735,4,0,1.0963008775118255,1.0657191224881746,2023-05-26 02:00:00,2023-07-11 06:00:00,2023-09-22 16:00:00,0.0
2023-05-25 06:00:00,1684994400,1.07398,1.0813,1.07282,1.07322,7.08173,7.0866,7.08018,7.08536,12005.0,7674.65,2.389,2.397,2.389,2.39,90.0,664.5,3.558,3.5825,3.551,3.5755,4097.0,3989.65,139.552,139.634,139.454,139.608,5877.0,5112.95,1.23468,1.23668,1.23418,1.2355,5979.0,4952.2,74.02,74.14,73.84,74.05,3610.0,12940.15,23.1,23.205,23.065,23.18,1335.0,2305.45,0.86985,0.86989,0.86847,0.86866,2693.0,2327.6,0.90618,0.90686,0.90526,0.90612,2648.0,2106.5,1956.5,1961.1,1955.3,1959.6,5769.0,8364.3,1.36076,1.36127,1.35904,1.35976,4794.0,3915.45,0.65271,0.65428,0.65224,0.65348,3212.0,2599.8,7.83448,7.83483,7.83303,7.83456,2934.0,2325.75,2023-05-25 06:00:00,145,0.6029878670694713,-0.0072062238092154285,1.075114027777778,1.1051707232488621,1.0450573323066938,0.01957120106672926,1.0007081493076908,0.993230370849903,0.0016069962445213193,0.005033433690982,52.438795610167915,5374.224293846365,4,0,1.0880925333672118,1.0583474666327886,2023-05-28 06:00:00,2023-06-16 15:00:00,2023-09-27 13:00:00,0.0
2023-05-29 15:00:00,1685372400,1.07088,1.07588,1.07018,1.0714,7.08431,7.08572,7.08358,7.08515,2219.0,4710.15,2.354,2.354,2.338,2.346,2076.0,1175.7,3.678,3.681,3.676,3.676,741.0,1109.6,140.281,140.372,140.262,140.292,1127.0,2591.15,1.23512,1.23625,1.23511,1.23614,1269.0,2725.6,72.47,72.59,72.42,72.53,3166.0,3212.65,23.35,23.395,23.32,23.335,3125.0,1335.15,0.86703,0.86712,0.86672,0.86673,587.0,1376.2,0.90429,0.90429,0.90354,0.9036,735.0,1441.9,1965.1,1965.7,1963.9,1964.0,1694.0,2490.4,1.35928,1.3594,1.35848,1.35852,1464.0,2274.25,0.65398,0.65424,0.65373,0.65412,728.0,1446.55,7.82868,7.82874,7.82809,7.8281,98.0,1076.25,2023-05-29 15:00:00,149,0.5467112728685939,-0.0016958312368388073,1.0753568055555556,1.104998611933786,1.0457149991773251,0.016449658554477112,0.9995146537240994,0.9953526415585382,0.00024216253044384572,0.00407517945887437,52.04798950229637,5389.166317540484,4,0,1.0862528728780108,1.0565471271219888,2023-06-01 15:00:00,2023-06-16 15:00:00,2023-09-27 13:00:00,0.0
2023-05-31 23:00:00,1685574000,1.06932,1.07467,1.06352,1.06934,7.11715,7.11868,7.1159,7.11734,4072.0,8512.3,2.256,2.26,2.254,2.256,284.0,5394.0,3.6675,3.672,3.667,3.672,383.0,2515.55,139.2,139.211,138.959,139.14,2724.0,4884.45,1.24432,1.24498,1.24428,1.24452,2189.0,5327.55,67.69,67.74,67.65,67.73,708.0,16483.4,23.645,23.66,23.64,23.65,201.0,3472.15,0.85933,0.85945,0.85908,0.85925,1091.0,2646.75,0.91047,0.9105,0.91,0.91002,979.0,2378.9,1983.7,1984.4,1983.1,1983.6,1144.0,9356.5,1.35669,1.35726,1.3564,1.3567,1378.0,4312.8,0.65071,0.65098,0.65055,0.65062,1056.0,2658.55,7.83044,7.83145,7.83036,7.83136,1153.0,1301.25,2023-05-31 23:00:00,151,0.5175855102531889,-0.0019227179391450022,1.0756268055555553,1.104676258645091,1.0465773524660198,0.018346714191930964,0.9999812968747078,0.9950217276001005,-0.0009942418042943046,0.003061295206240635,52.288135593220325,5404.528961427939,4,0,1.0841385313016678,1.054541468698332,2023-06-03 23:00:00,2023-06-14 15:00:00,2023-09-27 13:00:00,0.0
2023-06-05 05:00:00,1685941200,1.07,1.0779,1.06618,1.07014,7.11895,7.12431,7.11735,7.12044,9036.0,7925.55,2.211,2.225,2.207,2.223,597.0,4425.3,3.7055,3.706,3.686,3.6945,2116.0,3135.45,140.086,140.134,139.987,140.074,2950.0,3891.0,1.24328,1.2438,1.2426,1.24308,3345.0,4319.1,72.75,72.91,72.51,72.55,3874.0,11975.35,23.63,23.64,23.57,23.595,1029.0,2723.35,0.86062,0.86096,0.86032,0.86088,1685.0,2144.3,0.91,0.9108,0.90996,0.9107,1105.0,2077.35,1961.7,1962.3,1958.6,1960.7,3530.0,9864.4,1.3439,1.34426,1.34341,1.34378,2654.0,3511.0,0.66037,0.661,0.65998,0.6606,1747.0,2292.15,7.83753,7.8387,7.83724,7.83818,1356.0,593.4,2023-06-05 05:00:00,156,0.442168151967072,0.0007481250116896376,1.0758706944444445,1.1044259262881224,1.0473154626007666,0.016545187849345954,0.999869175995664,0.9926709342239539,-0.0018877866043964797,0.0020714788441132123,52.07604275040196,5420.28192843089,4,0,1.0849387147657568,1.0553412852342434,2023-06-08 05:00:00,2023-06-14 15:00:00,2023-09-27 13:00:00,0.0
2023-06-07 14:00:00,1686146400,1.07372,1.07398,1.0667,1.07078,7.11586,7.13738,7.11568,7.13646,16345.0,7429.05,2.326,2.339,2.27,2.281,13270.0,3035.45,3.8035,3.8085,3.7635,3.767,10794.0,2871.15,139.048,139.735,139.034,139.727,10669.0,3540.25,1.24988,1.25,1.2459,1.24611,10961.0,4060.7,72.56,72.97,72.47,72.55,33203.0,7934.6,24.085,24.165,23.77,23.82,16475.0,2224.55,0.85909,0.8596,0.85836,0.8593,5325.0,1924.7,0.90446,0.90786,0.90432,0.90774,4770.0,1738.0,1985.9,1986.0,1972.2,1973.4,31882.0,6202.5,1.3386,1.3386,1.33209,1.33566,12118.0,3152.65,0.67122,0.67174,0.66652,0.66671,6379.0,2215.65,7.84052,7.84136,7.8401,7.84136,524.0,585.75,2023-06-07 14:00:00,158,0.4110537546870351,0.0005980525912496759,1.0761027777777779,1.1042073503538508,1.047998205201705,0.015728493289305184,1.0027456620407553,0.9997579098307232,-0.002515289948016086,0.0011541250856873528,51.979529461937595,5436.395472616786,4,0,1.0855848577552252,1.055975142244775,2023-06-10 14:00:00,2023-06-14 15:00:00,2023-09-27 13:00:00,0.0
2023-06-12 08:00:00,1686556800,1.07696,1.07872,1.0691,1.07772,7.15193,7.15341,7.14811,7.14938,9066.0,6505.15,2.247,2.259,2.242,2.256,1405.0,3759.45,3.755,3.7745,3.754,3.771,3176.0,3085.85,139.51,139.535,139.162,139.206,5399.0,3196.1,1.25892,1.25969,1.25863,1.25914,4886.0,3370.75,68.71,68.88,68.12,68.39,22275.0,10084.75,24.2,24.33,24.2,24.31,1337.0,2146.65,0.85546,0.8562,0.85543,0.85592,2621.0,1626.3,0.90241,0.9027,0.90158,0.90236,2672.0,1429.65,1974.7,1979.9,1974.3,1979.3,4665.0,5762.8,1.33206,1.33286,1.33168,1.33172,4383.0,3044.7,0.67621,0.67736,0.6762,0.67722,2263.0,1798.7,7.8379,7.8379,7.8363,7.83654,828.0,692.7,2023-06-12 08:00:00,163,0.3312212278016865,0.006481256654027767,1.0764380555555555,1.1040239118292046,1.0488521992819064,0.022653809758024817,0.9992948075566936,0.9983684366656779,-0.002424641115262194,0.0004383718454974435,52.81667133389341,5452.872419083139,4,0,1.0927034880968383,1.0627365119031615,2023-06-15 08:00:00,2023-06-27 18:00:00,2023-09-27 13:00:00,0.0
2023-06-14 15:00:00,1686754800,1.08558,1.08582,1.07431,1.0858,7.1509,7.15376,7.1509,7.1525,6707.0,6510.15,2.32,2.361,2.319,2.34,7142.0,2509.85,3.8685,3.8705,3.857,3.865,5605.0,2867.4,139.409,139.48,139.284,139.339,3700.0,3492.05,1.26958,1.26979,1.26873,1.26946,4403.0,3672.55,69.34,69.66,68.62,68.71,25052.0,7688.85,24.125,24.175,24.09,24.105,2753.0,1790.5,0.85508,0.85538,0.85457,0.85534,1997.0,1713.65,0.89781,0.89831,0.89705,0.8973,1448.0,1430.45,1971.4,1972.6,1968.8,1969.4,7190.0,5698.85,1.32809,1.32942,1.3279,1.3285,4448.0,2905.95,0.68303,0.6834,0.68259,0.6831,2234.0,1858.6,7.83094,7.83134,7.83068,7.83124,1964.0,980.8,2023-06-14 15:00:00,165,0.2985688173637202,0.0074973091340979625,1.0767369444444443,1.1042547042694564,1.0492191846194323,0.02001852829498959,0.9997973844170196,0.9997789688898713,-0.0016814303076597703,1.4411414866000692e-05,52.52641465132662,5469.720819358901,4,0,1.1007959898151125,1.0708040101848877,2023-06-17 15:00:00,2023-07-11 06:00:00,2023-09-08 12:00:00,0.0
2023-06-16 15:00:00,1686927600,1.09253,1.09708,1.08014,1.09242,7.13352,7.13526,7.12614,7.13257,8609.0,7721.55,2.607,2.623,2.599,2.61,12461.0,4038.15,3.9035,3.9035,3.8825,3.8895,5516.0,2656.8,141.499,141.877,141.4,141.826,7265.0,5605.5,1.28114,1.28243,1.28045,1.28146,7091.0,4339.8,71.39,71.43,70.9,71.25,17383.0,6773.2,24.14,24.19,24.045,24.09,3566.0,2417.35,0.85276,0.85344,0.85221,0.85248,2629.0,1843.05,0.89406,0.89458,0.89302,0.89437,2436.0,1816.1,1972.8,1974.2,1967.4,1968.5,11559.0,6945.25,1.3192,1.32051,1.3189,1.31958,6286.0,3506.05,0.68708,0.68746,0.68584,0.68641,3646.0,2399.3,7.81977,7.82208,7.81942,7.82172,1169.0,698.95,2023-06-16 15:00:00,167,0.2655630278040559,0.006096887087861269,1.0771198611111112,1.1047337817672407,1.0495059404549818,0.02556147459042381,1.0001006938723203,0.9958526269734203,-0.0005518898708471998,-9.88488422766394e-05,53.191341590461846,5486.940772642138,4,0,1.107580992440889,1.0772590075591109,2023-06-19 15:00:00,2023-07-13 11:00:00,2023-09-05 15:00:00,0.0
2023-06-21 11:00:00,1687345200,1.09184,1.09463,1.08922,1.09245,7.1907,7.19159,7.1877,7.18976,6356.0,5936.75,2.513,2.534,2.512,2.522,2394.0,2484.2,3.863,3.8645,3.8465,3.8515,2591.0,1666.9,141.814,141.892,141.707,141.822,3884.0,3392.5,1.27004,1.27355,1.26994,1.27284,5960.0,4684.75,71.19,71.31,71.02,71.13,4914.0,7437.65,23.125,23.14,23.08,23.125,1300.0,1506.75,0.85974,0.85976,0.85791,0.85827,2599.0,1776.05,0.89764,0.89766,0.89685,0.89736,2405.0,1808.55,1945.3,1946.5,1944.3,1945.6,2912.0,4201.45,1.32266,1.32304,1.3214,1.32176,3761.0,3420.35,0.67635,0.67663,0.67584,0.67611,2368.0,2365.55,7.82828,7.82859,7.82779,7.82826,272.0,525.8,2023-06-21 11:00:00,172,0.1817597875913753,2.7461965178110503e-05,1.0775616666666668,1.1051238947496458,1.0499994385836877,0.02955038083895229,0.9994416220421988,0.9974511935539863,0.00034176021350318386,-1.0727031120674743e-05,53.71811955022558,5504.399569917028,4,0,1.107569516934848,1.0773304830651518,2023-06-24 11:00:00,2023-07-13 11:00:00,2023-09-05 15:00:00,0.0
2023-06-23 12:00:00,1687521600,1.08763,1.1012,1.08444,1.08874,7.21482,7.21522,7.20697,7.20776,8818.0,6684.05,2.621,2.635,2.561,2.585,4281.0,1376.55,3.823,3.827,3.797,3.8035,4981.0,1450.85,143.266,143.289,142.793,142.87,7640.0,4468.9,1.27211,1.27366,1.27112,1.2712,7594.0,4779.3,68.68,68.71,68.18,68.22,10786.0,8054.6,22.38,22.52,22.29,22.475,5014.0,1348.65,0.85498,0.85655,0.8547,0.85648,3081.0,2010.95,0.8985,0.89852,0.8957,0.89613,3222.0,2278.4,1929.1,1939.7,1928.6,1938.9,24355.0,5303.1,1.32097,1.32261,1.32054,1.32172,5583.0,3295.7,0.66838,0.66866,0.6663,0.6675,3776.0,2496.95,7.82938,7.82956,7.82915,7.82924,261.0,349.1,2023-06-23 12:00:00,174,0.1478271334705304,-0.0033960364318732505,1.0779011111111112,1.105402756348507,1.0503994658737155,0.02270375823252731,0.9989804728401639,0.9876770795495824,0.0007420642942503886,0.00013983123395353792,52.856341452012536,5522.053150658394,4,0,1.1038190665506626,1.0736609334493374,2023-06-26 12:00:00,2023-07-13 11:00:00,2023-09-05 15:00:00,0.0
2023-06-27 18:00:00,1687888800,1.0962,1.09766,1.0879,1.09598,7.22608,7.22788,7.22526,7.22579,4280.0,9442.35,2.774,2.782,2.724,2.769,5354.0,828.5,3.7715,3.775,3.7675,3.7725,477.0,1266.1,143.974,144.051,143.963,144.042,2117.0,4927.9,1.27494,1.27519,1.27451,1.27515,3701.0,5319.95,68.2,68.2,67.54,67.67,24027.0,13315.75,22.86,22.905,22.84,22.905,822.0,1540.9,0.85984,0.85986,0.85949,0.8595,1113.0,1964.3,0.89301,0.89334,0.89298,0.893,1370.0,2291.0,1921.5,1924.1,1919.8,1924.0,6282.0,8273.75,1.31777,1.31838,1.31754,1.31807,2942.0,4233.2,0.66904,0.66905,0.66857,0.66894,2502.0,3101.0,7.8341,7.83418,7.83391,7.8341,174.0,598.75,2023-06-27 18:00:00,178,0.0794772999236209,0.006649888862354514,1.0783597222222223,1.1059518315192371,1.0507676129252075,0.030591470883225932,1.0002007335900291,0.9986698977825555,0.0016247861319382828,0.00043682221355048693,53.80660333855945,5539.912956856108,4,0,1.1112402731531406,1.0807197268468594,2023-06-30 18:00:00,2023-07-13 11:00:00,2023-08-25 06:00:00,0.0
2023-06-30 01:00:00,1688086800,1.08722,1.0964,1.08602,1.08616,7.26464,7.27341,7.25972,7.26272,13689.0,7843.75,2.678,2.681,2.674,2.681,176.0,4527.2,3.6965,3.7155,3.6945,3.7135,3043.0,3017.2,144.882,145.073,144.794,144.798,5903.0,4619.45,1.26175,1.26216,1.26106,1.2615,5083.0,4825.35,69.61,69.86,69.6,69.85,1898.0,10487.8,22.79,22.825,22.755,22.79,1177.0,2358.6,0.86166,0.86173,0.861,0.86102,1335.0,1942.7,0.89876,0.89928,0.89846,0.8991,2331.0,2180.1,1916.6,1917.6,1915.0,1915.9,2803.0,8902.5,1.32552,1.3261,1.32492,1.3254,3475.0,3780.3,0.66089,0.66176,0.66046,0.66154,2831.0,2548.8,7.83724,7.83812,7.83622,7.83762,1392.0,518.15,2023-06-30 01:00:00,181,0.0279502982402103,-0.008960017518567787,1.0787038888888891,1.1060540076785002,1.051353770099278,0.023078592113261114,1.0009759151506223,0.9916271433783291,0.001514499410674608,0.0006523576529753112,52.803421124083634,5557.906667028165,4,0,1.1014670212167852,1.0708529787832148,2023-07-03 01:00:00,2023-07-11 06:00:00,2023-09-08 12:00:00,0.0
2023-07-04 13:00:00,1688475600,1.09008,1.09341,1.08354,1.08998,7.22675,7.2279,7.22121,7.2213,4662.0,4926.3,2.723,2.759,2.723,2.753,3407.0,1005.15,3.7825,3.79,3.7775,3.7855,2045.0,752.85,144.33,144.396,144.232,144.315,2916.0,2302.6,1.27362,1.27365,1.27218,1.27272,3797.0,2850.4,71.03,71.07,70.7,70.8,9467.0,4335.7,23.195,23.245,23.17,23.21,998.0,844.8,0.85587,0.85657,0.85587,0.85642,1652.0,1194.05,0.89526,0.89578,0.8952,0.89537,1136.0,1200.95,1934.4,1936.7,1933.7,1936.0,3204.0,2640.0,1.32069,1.32244,1.32032,1.3223,2969.0,2121.4,0.66944,0.66975,0.669,0.66938,1443.0,1405.6,7.8307,7.83104,7.8305,7.83104,412.0,562.75,2023-07-04 13:00:00,185,-0.0408443915432961,0.003516977240922037,1.0790905555555554,1.1062774809319356,1.0519036301791753,0.025873606575498934,1.000091744802657,0.996954481850358,0.0017155625275115938,0.0008649986278825678,53.12794930564917,5576.0321210474285,4,0,1.1053622233046905,1.0745977766953092,2023-07-07 13:00:00,2023-07-13 11:00:00,2023-09-05 15:00:00,0.0
2023-07-07 00:00:00,1688688000,1.08896,1.0908,1.08336,1.08852,7.25508,7.25741,7.25061,7.25103,4590.0,6957.2,2.627,2.631,2.623,2.629,183.0,3702.1,3.743,3.744,3.74,3.7435,564.0,2398.05,143.976,144.202,143.796,144.076,5344.0,5086.4,1.27417,1.27444,1.2729,1.27318,2909.0,5011.05,71.84,71.87,71.76,71.85,1425.0,12405.05,22.925,22.935,22.895,22.915,364.0,2754.65,0.85466,0.85505,0.85451,0.85494,1468.0,2226.65,0.89538,0.89678,0.89528,0.89652,1161.0,2416.45,1917.5,1918.2,1915.4,1916.3,2817.0,10095.3,1.33649,1.33735,1.33648,1.33694,2487.0,4325.95,0.66288,0.66296,0.66205,0.66252,2200.0,2162.4,7.82129,7.8239,7.82128,7.82389,624.0,809.85,2023-07-07 00:00:00,188,-0.0923313336953912,-0.0013394741187912063,1.079386388888889,1.1065128442063006,1.0522599335714775,0.019761838799411974,1.0004042185720061,0.9983131646497982,0.0017370728039221017,0.0010394134630904747,52.41277752605345,5594.261491480713,4,0,1.1038448558574367,1.0731951441425631,2023-07-10 00:00:00,2023-07-13 11:00:00,2023-09-05 15:00:00,0.0
2023-07-11 06:00:00,1689055200,1.10072,1.10274,1.0867,1.10214,7.20372,7.20482,7.19488,7.19772,12513.0,6691.6,2.66,2.663,2.654,2.659,421.0,3933.85,3.811,3.819,3.8095,3.816,2056.0,2192.15,140.865,140.948,140.59,140.596,7271.0,4988.85,1.28687,1.29135,1.28678,1.2894,6331.0,3464.1,73.35,73.43,73.27,73.36,2764.0,9126.7,23.445,23.59,23.44,23.585,2516.0,1862.0,0.8553,0.85598,0.85374,0.85478,2740.0,1396.75,0.88483,0.88483,0.88235,0.88282,2601.0,1461.8,1934.6,1944.5,1934.3,1941.8,18044.0,7355.65,1.32692,1.32692,1.32454,1.3246,4877.0,3163.95,0.66786,0.66944,0.66786,0.66912,2844.0,1877.0,7.82564,7.82698,7.82544,7.8269,762.0,530.2,2023-07-11 06:00:00,192,-0.1605745445949937,0.012512402160731906,1.0800388888888888,1.1070614623540322,1.0530163154237453,0.04356133020711649,0.9987115974377121,0.9981681992128696,0.0028206256096123816,0.0013956558923948561,55.302961892721676,5612.641735169769,4,0,1.1176714818949307,1.086608518105069,2023-07-14 06:00:00,2023-07-17 12:00:00,2023-08-22 17:00:00,0.0
2023-07-13 11:00:00,1689246000,1.11714,1.1178,1.09769,1.11744,7.16779,7.17218,7.16716,7.1705,4297.0,5694.15,2.635,2.645,2.616,2.636,2115.0,2332.3,3.883,3.899,3.8825,3.8965,5635.0,2200.05,138.524,138.595,138.42,138.496,4180.0,4783.95,1.30668,1.30746,1.30586,1.30626,4145.0,3867.95,75.87,76.0,75.78,75.82,5292.0,5937.5,24.505,24.53,24.465,24.5,2633.0,2096.75,0.85496,0.85549,0.85452,0.85545,1783.0,1566.9,0.86288,0.86326,0.86234,0.86284,1802.0,1597.55,1965.1,1965.4,1962.5,1964.6,5972.0,5272.35,1.31554,1.31585,1.31502,1.31546,4311.0,3373.65,0.68584,0.68608,0.68528,0.68573,1655.0,1940.2,7.82324,7.82378,7.82316,7.82341,316.0,568.1,2023-07-13 11:00:00,194,-0.1944312200476619,0.013882083945778279,1.080808888888889,1.108885392534478,1.0527323852433,0.05088643196924371,0.999731529209622,0.9994095544820184,0.0048579319319095315,0.0020881111002977915,56.140622923220064,5631.225330528794,4,0,1.1334980995658928,1.1013819004341072,2023-07-16 11:00:00,,2023-07-28 11:00:00,0.0
2023-07-17 12:00:00,1689595200,1.12338,1.1249,1.11616,1.12354,7.1707,7.18019,7.17035,7.17764,10914.0,7159.0,2.575,2.578,2.525,2.532,5364.0,2028.7,3.8335,3.836,3.8235,3.833,7453.0,2371.45,138.362,139.097,138.31,138.926,11117.0,4619.35,1.30842,1.30858,1.30536,1.30676,8291.0,3783.2,74.48,74.68,74.26,74.39,6438.0,6633.6,25.085,25.125,24.885,24.95,6330.0,1753.85,0.85858,0.8598,0.85847,0.8598,3408.0,1630.35,0.85935,0.86148,0.85906,0.86043,3133.0,1484.1,1961.5,1963.4,1951.5,1952.2,20399.0,4571.9,1.32182,1.32224,1.32092,1.32104,5603.0,2689.8,0.6815,0.68174,0.67948,0.68004,3255.0,1867.0,7.81388,7.81406,7.81312,7.81388,304.0,557.7,2023-07-17 12:00:00,198,-0.2614143985111562,0.005458906071019509,1.0816891666666666,1.111082974340635,1.0522953589926982,0.05806457490633726,0.9998575929650926,0.9986487687794471,0.006885360737904023,0.0030475610278190377,56.95444171348315,5650.017012750839,4,0,1.1397199584725644,1.1073600415274356,2023-07-20 12:00:00,,2023-07-25 07:00:00,0.0
2023-07-19 09:00:00,1689757200,1.12326,1.12757,1.11959,1.12296,7.23078,7.2325,7.22314,7.2254,8051.0,8165.55,2.626,2.629,2.614,2.623,671.0,3019.65,3.813,3.8135,3.8005,3.8025,1090.0,2057.3,139.731,139.892,139.673,139.818,7762.0,6141.3,1.29324,1.29569,1.29252,1.29476,6266.0,4758.7,76.07,76.17,75.87,75.89,6374.0,10646.05,25.265,25.3,25.235,25.26,595.0,2059.85,0.86856,0.86857,0.867,0.86728,3306.0,2075.35,0.859,0.85928,0.85716,0.85816,2719.0,1972.05,1981.1,1982.9,1980.4,1980.9,2938.0,8432.95,1.3173,1.31796,1.31665,1.31768,3724.0,3688.95,0.67664,0.6776,0.67634,0.67687,2465.0,2395.65,7.80467,7.80677,7.80454,7.80611,1053.0,1101.6,2023-07-19 09:00:00,200,-0.2944616217868012,-0.0005162255015398465,1.0823805555555555,1.113266430149762,1.051494680961349,0.04534185270363692,1.0002671511006624,0.9961776209015848,0.008349068654419423,0.004107862553139115,55.61546791805794,5668.988609310049,4,0,1.1388400572627326,1.1070799427372673,2023-07-22 09:00:00,,2023-07-28 11:00:00,0.0
2023-07-21 07:00:00,1689922800,1.1143,1.12297,1.11185,1.11279,7.16961,7.1808,7.16923,7.18039,12261.0,8763.2,2.747,2.769,2.747,2.764,846.0,4587.9,3.862,3.874,3.8585,3.8595,2200.0,2544.05,140.264,141.401,140.214,141.371,15490.0,6160.15,1.28936,1.28961,1.28652,1.287,9387.0,4446.1,76.4,76.53,76.29,76.45,7026.0,10176.45,25.03,25.045,24.93,24.935,1103.0,2270.7,0.86424,0.86481,0.86364,0.86466,4754.0,1982.8,0.86573,0.86727,0.86548,0.8665,4327.0,1921.75,1972.8,1973.3,1966.3,1966.4,6964.0,6892.3,1.31644,1.3175,1.31533,1.31723,5439.0,4086.8,0.67825,0.67874,0.67565,0.67572,4067.0,2521.2,7.81692,7.81698,7.81478,7.81654,909.0,622.35,2023-07-21 07:00:00,202,-0.3271603271220951,-0.009056422312459955,1.0828998611111111,1.1145573373645246,1.0512423848576977,0.03417768985251609,1.0013569496490804,0.9922794019430617,0.008589420228277245,0.005004174088166741,54.14348722267781,5688.066683544631,4,0,1.1287257712729601,1.0968542287270397,2023-07-24 07:00:00,,2023-08-03 05:00:00,0.0
2023-07-25 07:00:00,1690268400,1.10799,1.1147,1.10598,1.10712,7.14006,7.14597,7.13735,7.14,11264.0,9011.3,2.713,2.728,2.702,2.702,137.0,909.8,3.8925,3.9095,3.8865,3.904,3526.0,3132.25,141.498,141.578,141.246,141.372,7981.0,5212.6,1.28518,1.28648,1.28436,1.28574,7859.0,4360.8,78.96,79.07,78.58,78.62,8881.0,11323.25,24.725,24.745,24.635,24.685,2620.0,2412.9,0.86214,0.86232,0.86102,0.86109,3850.0,1895.25,0.86786,0.8685,0.86764,0.86822,3774.0,1836.2,1963.8,1964.3,1961.2,1962.7,4731.0,5924.25,1.31517,1.3168,1.31468,1.31646,5156.0,3871.3,0.6771,0.6774,0.6761,0.67658,3838.0,2492.15,7.81348,7.81388,7.81304,7.81378,1386.0,1075.8,2023-07-25 07:00:00,206,-0.3913578365610259,-0.005095301000188623,1.0832141666666666,1.1153809410126865,1.0510473923206467,0.02065221853235431,1.0007858226750488,0.9939804431685655,0.008227537042800881,0.0056488466790935695,52.526966969649614,5707.203578434958,4,0,1.1228992956040575,1.0913407043959427,2023-07-28 07:00:00,,2023-08-14 14:00:00,0.0
2023-07-27 05:00:00,1690434000,1.10962,1.11183,1.10208,1.10888,7.13162,7.13906,7.13047,7.13721,9717.0,9460.45,2.683,2.685,2.677,2.679,179.0,627.95,3.94,3.9415,3.917,3.9185,1917.0,2609.25,140.0,140.262,139.952,140.188,7411.0,6927.6,1.29624,1.29634,1.29444,1.29462,4823.0,5326.1,79.64,79.66,79.47,79.49,2102.0,10582.2,25.185,25.19,25.125,25.145,785.0,2665.65,0.85603,0.85696,0.85602,0.85655,2280.0,2362.35,0.85989,0.86126,0.85982,0.8612,1421.0,2488.7,1976.8,1976.9,1975.2,1975.9,1887.0,6259.3,1.31716,1.31848,1.3171,1.3183,3371.0,4972.2,0.68116,0.68124,0.67912,0.67931,2233.0,2892.5,7.79576,7.79641,7.79464,7.79626,1450.0,937.05,2023-07-27 05:00:00,208,-0.4227806579826773,0.0015897102391790874,1.0835847222222221,1.1163138877438197,1.0508555567006246,0.02435449069646278,1.0006673400187576,0.998012286050925,0.007990648085030916,0.006117206960281039,52.98273857436723,5726.390312460416,4,0,1.124674666549937,1.093085333450063,2023-07-30 05:00:00,,2023-08-14 14:00:00,0.0
2023-07-28 11:00:00,1690542000,1.09936,1.11498,1.09436,1.10094,7.16202,7.16294,7.15741,7.16105,9451.0,11647.7,2.568,2.605,2.564,2.605,2579.0,3880.5,3.895,3.9125,3.8935,3.9085,4095.0,1988.1,139.248,139.324,138.853,139.276,8666.0,11976.35,1.28529,1.28784,1.28507,1.28704,5924.0,6176.0,79.78,79.94,79.74,79.86,3837.0,7030.9,24.36,24.46,24.355,24.445,1739.0,1510.55,0.85534,0.85592,0.85499,0.85544,3435.0,2931.45,0.86944,0.86966,0.86701,0.86794,3175.0,3297.4,1991.3,1996.4,1991.3,1994.8,7859.0,4683.3,1.32325,1.32345,1.32132,1.32152,4728.0,4426.9,0.6658,0.66768,0.66528,0.66706,2436.0,3198.05,7.79853,7.79856,7.79754,7.79823,429.0,1248.95,2023-07-28 11:00:00,209,-0.4383067230125192,-0.007160378039102522,1.0838897222222221,1.1168532734072212,1.050926171037223,0.020148209919756722,0.9985648627536468,0.9859907801036788,0.007080599493216377,0.006309885466868107,52.4294185326135,5745.571165335718,4,0,1.1167197093724028,1.0851602906275972,2023-07-31 11:00:00,,2023-08-25 06:00:00,0.0
2023-08-01 08:00:00,1690876800,1.09798,1.10475,1.09702,1.09748,7.17234,7.17698,7.17148,7.17497,8327.0,7663.85,2.656,2.675,2.656,2.663,1478.0,3029.25,3.997,3.997,3.9785,3.981,3773.0,4605.7,142.714,142.818,142.643,142.696,8423.0,6590.45,1.28184,1.28311,1.28128,1.28256,6590.0,4302.3,81.26,81.61,81.14,81.53,10284.0,9193.9,24.69,24.69,24.615,24.65,1236.0,1986.85,0.85658,0.85687,0.85548,0.8557,3557.0,2091.4,0.8738,0.87544,0.87379,0.87493,3530.0,2043.4,1993.4,1995.0,1992.5,1993.6,4664.0,6122.65,1.32446,1.32602,1.32427,1.3254,4718.0,3452.35,0.66446,0.6645,0.66255,0.66356,2718.0,2320.1,7.79454,7.79528,7.79274,7.79444,1889.0,1245.7,2023-08-01 08:00:00,213,-0.4990686026885319,-0.0031427689065707254,1.0841020833333332,1.1172178711408045,1.050986295525862,0.01402987681886392,1.0004555891679119,0.9938719167232406,0.006010896471217109,0.006250087667737907,51.69058623206033,5764.715226000849,4,0,1.1132192610542917,1.0817407389457083,2023-08-04 08:00:00,,2023-08-25 06:00:00,0.0
2023-08-03 05:00:00,1691038800,1.09234,1.10198,1.09179,1.09398,7.20663,7.20818,7.1979,7.19828,10964.0,7855.8,2.479,2.484,2.477,2.48,292.0,4885.45,3.835,3.8575,3.8305,3.856,3511.0,3010.45,143.696,143.891,143.506,143.528,9976.0,6680.2,1.27003,1.2709,1.26928,1.27081,4767.0,4581.5,79.53,79.68,79.48,79.53,1838.0,13428.6,23.71,23.77,23.665,23.73,1068.0,3236.2,0.8601,0.86092,0.85998,0.86086,2504.0,2398.5,0.87872,0.87954,0.87746,0.8775,3190.0,2371.25,1969.5,1970.9,1968.3,1970.6,5475.0,7083.95,1.33583,1.33598,1.33464,1.33473,4826.0,4125.05,0.65263,0.65426,0.65244,0.65416,3437.0,2320.65,7.80464,7.80473,7.8038,7.80426,661.0,747.5,2023-08-03 05:00:00,215,-0.5285813283559292,-0.0031891241753836397,1.0841645833333333,1.1173384771821924,1.0509906894844743,0.004121904107502137,0.9985008866706888,0.9912521098386542,0.004825107534081052,0.0059650916410065365,50.50176174122475,5783.793086982412,4,0,1.1095997125648698,1.0783602874351301,2023-08-06 05:00:00,,2023-08-25 06:00:00,0.0
2023-08-04 15:00:00,1691161200,1.10234,1.1042,1.09122,1.10347,7.18642,7.1883,7.17636,7.17892,11172.0,10612.0,2.593,2.594,2.568,2.58,7406.0,2593.55,3.8555,3.8765,3.8505,3.874,5094.0,3011.25,141.792,141.938,141.668,141.798,8538.0,7927.4,1.27563,1.27836,1.27502,1.27732,6865.0,5699.3,82.1,82.67,81.95,82.46,26019.0,8312.5,23.68,23.78,23.63,23.745,3005.0,2197.15,0.86416,0.8648,0.86348,0.86389,3241.0,2646.45,0.87196,0.87257,0.87078,0.87128,2676.0,2723.6,1974.4,1979.5,1973.0,1978.1,7895.0,6841.35,1.33622,1.3366,1.3336,1.33386,5152.0,4546.65,0.65863,0.66096,0.65826,0.66037,3074.0,2993.25,7.80986,7.81044,7.8087,7.81024,1541.0,1028.75,2023-08-04 15:00:00,216,-0.5431052396834317,0.008674747253148984,1.0843859722222222,1.1178623439877706,1.0509096004566738,0.014550690312349759,0.9989759576608337,0.9983155225502627,0.0045981206741130265,0.005691697447627835,51.74796034739887,5802.840171122006,4,0,1.1193742919187233,1.0875657080812766,2023-08-07 15:00:00,,2023-08-18 09:00:00,0.0
2023-08-08 16:00:00,1691510400,1.09502,1.10394,1.0929,1.09483,7.239,7.23908,7.23308,7.23818,6039.0,7939.35,2.762,2.778,2.758,2.771,7551.0,3609.5,3.76,3.772,3.7595,3.7675,5357.0,5074.0,143.18,143.344,143.179,143.314,5802.0,7538.0,1.27264,1.27432,1.27262,1.27332,4027.0,5344.35,81.48,82.21,81.43,82.17,18246.0,10855.25,22.775,22.855,22.77,22.785,2741.0,2706.1,0.86042,0.86048,0.85962,0.85984,1702.0,2617.2,0.87579,0.8759,0.87503,0.87581,1334.0,2437.15,1960.3,1962.9,1959.1,1959.8,5237.0,6249.8,1.34562,1.34576,1.34354,1.34442,4835.0,4581.95,0.65133,0.65268,0.65132,0.65204,2183.0,2827.05,7.81364,7.81442,7.81338,7.81428,608.0,748.5,2023-08-08 16:00:00,220,-0.5995514915196489,-0.007829845849909867,1.0844494444444444,1.1179882644810684,1.0509106244078203,0.00418290016732225,1.0001735429244725,0.9919198507165247,0.0036786509613280227,0.005289088150367873,50.49472795375321,5821.801814530111,4,0,1.110733871577779,1.078926128422221,2023-08-11 16:00:00,,2023-08-25 06:00:00,0.0
2023-08-10 15:00:00,1691679600,1.10187,1.10652,1.09478,1.10153,7.23282,7.2356,7.23037,7.23463,9989.0,7762.35,2.806,2.806,2.779,2.787,15744.0,4483.05,3.777,3.7805,3.767,3.7705,5540.0,2359.7,144.38,144.49,144.364,144.41,8191.0,6497.15,1.27358,1.2736,1.27154,1.27238,8641.0,5358.85,83.52,83.85,83.22,83.6,27705.0,8403.85,22.76,22.945,22.7,22.915,5606.0,2553.25,0.86516,0.8661,0.86502,0.86572,3456.0,2430.6,0.87358,0.87435,0.87322,0.87367,3364.0,2551.1,1947.4,1952.9,1945.1,1952.5,12899.0,7058.05,1.34019,1.3412,1.33946,1.34035,7786.0,4169.3,0.65591,0.65612,0.6551,0.65564,4186.0,2664.75,7.81822,7.81874,7.81822,7.81858,776.0,913.1,2023-08-10 15:00:00,222,-0.6267266965083301,0.006119671547180738,1.0846355555555554,1.1184051443227492,1.0508659667883615,0.012239495887144155,1.000308661588881,0.9957976358312547,0.003450819693916918,0.004921434459077683,51.436411971529004,5840.700994872059,4,0,1.1175980674597852,1.0854619325402146,2023-08-13 15:00:00,,2023-08-22 17:00:00,0.0
2023-08-14 14:00:00,1692021600,1.08816,1.10194,1.08748,1.09032,7.28866,7.28945,7.27858,7.28224,19181.0,8611.05,2.785,2.791,2.753,2.765,7302.0,2280.55,3.701,3.7275,3.698,3.7165,5559.0,2591.35,145.531,145.554,145.218,145.443,10047.0,5923.0,1.26287,1.26682,1.26266,1.26608,9396.0,5063.9,82.34,83.2,82.3,82.84,24187.0,7689.15,22.47,22.7,22.445,22.615,7145.0,1850.75,0.86166,0.86176,0.86074,0.86118,4996.0,2391.35,0.8819,0.8819,0.87786,0.87933,5060.0,2392.95,1935.9,1943.3,1935.0,1940.3,15484.0,4891.0,1.34742,1.34764,1.34502,1.34662,7658.0,4112.65,0.64616,0.64942,0.64606,0.64821,5229.0,2631.75,7.81952,7.82034,7.81873,7.82033,1139.0,774.9,2023-08-14 14:00:00,226,-0.6788204829862357,-0.010176754151044354,1.0846919444444445,1.1184860860550185,1.0508978028338705,0.003730627598141065,0.9980189302223201,0.9874947819300507,0.002338748818379255,0.004404897330937997,50.42666778763293,5859.472369667031,4,0,1.1064398284830042,1.074200171516996,2023-08-17 14:00:00,,2023-09-05 15:00:00,0.0
2023-08-16 12:00:00,1692187200,1.09132,1.09524,1.08968,1.09024,7.3278,7.33367,7.32656,7.33358,9927.0,9463.85,2.626,2.639,2.602,2.631,8303.0,2633.85,3.6705,3.675,3.65,3.652,7156.0,2286.9,145.763,145.886,145.691,145.867,8624.0,5007.35,1.27407,1.2749,1.2721,1.2721,7150.0,4783.05,81.29,81.43,81.05,81.15,10349.0,4960.15,22.71,22.75,22.635,22.65,4055.0,1080.05,0.85658,0.85718,0.8562,0.85703,3375.0,2266.65,0.88016,0.88131,0.87966,0.88128,3447.0,2137.7,1934.0,1935.1,1930.7,1931.6,14247.0,3953.15,1.34902,1.35068,1.3487,1.35062,5761.0,3767.4,0.64571,0.64625,0.64364,0.64368,3155.0,2545.1,7.82959,7.8298,7.82884,7.82946,1380.0,1545.15,2023-08-16 12:00:00,228,-0.7036774074790128,-7.337295472875649e-05,1.0845574999999998,1.1181824965285658,1.0509325034714339,-0.008839594396376516,1.0009906075726445,0.9964208757897813,0.0014344340433183334,0.003810804673414064,48.95283427087842,5878.108366878303,4,0,1.1060262627763395,1.0744537372236607,2023-08-19 12:00:00,,2023-09-05 15:00:00,0.0
2023-08-18 09:00:00,1692349200,1.08676,1.09235,1.08566,1.08686,7.31662,7.31669,7.31325,7.31502,8334.0,8253.0,2.572,2.589,2.568,2.574,1281.0,2592.5,3.6825,3.6875,3.674,3.6805,850.0,2109.0,145.579,145.632,145.45,145.562,6673.0,5131.35,1.27196,1.27256,1.27066,1.27255,4497.0,4446.2,79.98,80.03,79.4,79.64,7871.0,7050.85,22.825,22.845,22.795,22.835,557.0,2397.55,0.85441,0.85521,0.85396,0.85407,2599.0,1931.15,0.8804,0.88076,0.88,0.88026,2789.0,2067.6,1920.9,1921.9,1920.4,1921.9,2075.0,5630.65,1.35429,1.35563,1.35405,1.35419,4083.0,3965.85,0.63984,0.64001,0.63858,0.6398,2248.0,2360.65,7.83172,7.83176,7.82938,7.82978,962.0,886.45,2023-08-18 09:00:00,230,-0.7277014757264236,-0.0031002348106839994,1.0845716666666665,1.118199714316347,1.050943619016986,0.0009389239885249519,0.9999079918296745,0.9948825925756397,0.0004399488600848045,0.0031366335107482126,50.11295681063123,5896.58587208267,4,0,1.1022689568794077,1.0714510431205921,2023-08-21 09:00:00,,2023-09-08 12:00:00,0.0
2023-08-22 17:00:00,1692723600,1.08496,1.09304,1.0833,1.08526,7.3057,7.3065,7.30452,7.30489,3924.0,7365.25,2.544,2.561,2.54,2.551,3872.0,2396.55,3.7555,3.7615,3.753,3.756,1768.0,2657.55,145.844,145.844,145.71,145.792,2992.0,4921.85,1.27352,1.27434,1.27312,1.27364,3097.0,4371.05,79.9,80.02,79.65,79.81,13811.0,8200.85,23.44,23.485,23.425,23.475,2278.0,1958.45,0.85194,0.85211,0.8518,0.85209,1251.0,1912.1,0.87972,0.8801,0.87952,0.88006,1530.0,1987.2,1926.2,1927.3,1925.7,1926.5,4895.0,5861.35,1.35531,1.35642,1.35526,1.35562,4472.0,4109.75,0.6421,0.64234,0.64161,0.64202,1719.0,2391.65,7.83819,7.83862,7.83793,7.83794,316.0,1258.9,2023-08-22 17:00:00,234,-0.7731383255706026,-0.0014721307252084648,1.0847683333333333,1.1182420669080841,1.0512945997585825,0.01313343183337866,0.9997235685457863,0.9926077728170972,-0.0004718551878628574,0.0024149357710259987,51.6151108677799,5914.891798028529,4,0,1.1002419270671837,1.070278072932816,2023-08-25 17:00:00,,2023-09-08 12:00:00,0.0
2023-08-25 06:00:00,1692943200,1.07902,1.08768,1.07768,1.0781,7.28652,7.29268,7.28617,7.291,9908.0,6923.6,2.507,2.512,2.499,2.5,151.0,1628.15,3.778,3.7845,3.772,3.7795,2016.0,1330.2,146.092,146.258,146.036,146.09,5463.0,4433.6,1.25782,1.2579,1.2561,1.25695,5037.0,4146.8,79.58,79.62,79.36,79.42,2803.0,10082.15,24.115,24.135,24.06,24.095,1373.0,1864.2,0.8579,0.85858,0.85766,0.85775,2192.0,1700.7,0.88586,0.8864,0.88545,0.8858,2157.0,1993.5,1942.3,1942.8,1940.4,1940.7,3209.0,5465.05,1.35875,1.36014,1.35852,1.3597,4098.0,3642.3,0.6416,0.6417,0.64033,0.64134,2468.0,1934.75,7.84386,7.8453,7.84368,7.84474,1272.0,821.85,2023-08-25 06:00:00,237,-0.8048257371083452,-0.006597497373901029,1.0848413888888888,1.118232380050632,1.0514503977271457,0.004890894664939105,1.0008533531212318,0.9920380994410122,-0.0017520224027749443,0.00158154413626581,50.59263599080626,5932.98684628829,4,0,1.0930781112749193,1.0631218887250808,2023-08-28 06:00:00,2023-11-27 04:00:00,2023-09-27 13:00:00,0.0
2023-08-29 14:00:00,1693317600,1.08038,1.08506,1.07658,1.0828,7.3033,7.30345,7.28691,7.28808,21501.0,7484.65,2.67,2.689,2.657,2.657,11694.0,2703.95,3.76,3.791,3.76,3.785,2993.0,801.85,147.13,147.136,146.182,146.335,18615.0,4531.6,1.2577,1.26342,1.25764,1.2588,16334.0,4420.85,79.74,80.36,79.34,80.28,41596.0,8036.95,24.36,24.82,24.36,24.72,13824.0,1459.55,0.85905,0.86077,0.85826,0.86019,6682.0,1891.8,0.88456,0.88456,0.8805,0.88156,7450.0,1960.4,1948.4,1962.9,1948.2,1962.1,54447.0,6353.85,1.3628,1.36284,1.35952,1.35996,10533.0,3305.25,0.64133,0.64572,0.64133,0.64412,8096.0,2058.5,7.84696,7.84736,7.84591,7.84686,1300.0,636.8,2023-08-29 14:00:00,241,-0.8437282590292712,0.0043595213802059,1.0850425,1.1182034889163799,1.05188151108362,0.013462957630587443,0.9977650535648318,0.9956868744585553,-0.0023601075722614606,0.000793213794560356,51.630777547526804,5950.891694878631,4,0,1.097840471302463,1.067759528697537,2023-09-01 14:00:00,,2023-09-15 13:00:00,0.0
2023-08-31 23:00:00,1693522800,1.08422,1.09456,1.0826,1.08426,7.27498,7.27772,7.2706,7.27138,4665.0,10252.6,2.755,2.761,2.748,2.753,291.0,6408.55,3.8305,3.8345,3.83,3.833,301.0,2210.15,145.527,145.545,145.452,145.488,1588.0,5265.9,1.26713,1.26746,1.26703,1.2671,1064.0,4697.3,83.53,83.61,83.51,83.6,697.0,12826.15,24.8,24.825,24.8,24.815,155.0,2096.8,0.85565,0.8558,0.8556,0.85569,405.0,1828.45,0.88341,0.88347,0.8832,0.88333,294.0,2218.55,1966.4,1966.5,1965.5,1966.3,830.0,5699.7,1.35113,1.35128,1.35088,1.35107,644.0,3541.05,0.64832,0.64892,0.64828,0.64864,623.0,2050.5,7.84271,7.84313,7.84218,7.84226,103.0,531.2,2023-08-31 23:00:00,243,-0.8616928164028521,0.0013483561137790367,1.0851631944444444,1.1182475031077783,1.0520788857811105,0.008046973041836497,0.999963108479516,0.9905532816839643,-0.0026931645275880545,9.593813013067387e-05,50.99162425542598,5968.6102857131955,4,0,1.0992273299024893,1.0692926700975105,2023-09-03 23:00:00,,2023-09-15 13:00:00,0.0
2023-09-05 15:00:00,1693926000,1.07086,1.08822,1.07065,1.07268,7.30984,7.31,7.30376,7.30654,10475.0,7412.9,2.595,2.596,2.566,2.581,11400.0,3499.55,3.834,3.854,3.834,3.85,6074.0,2404.35,147.697,147.734,147.584,147.631,6185.0,4423.8,1.25532,1.25812,1.25516,1.25808,5823.0,4402.95,86.76,88.07,86.62,87.78,37102.0,10612.5,24.1,24.16,23.925,23.93,5059.0,2579.95,0.85304,0.8534,0.85245,0.85266,1898.0,1872.8,0.88924,0.88956,0.88809,0.88879,2326.0,1905.7,1952.9,1954.5,1951.5,1951.5,9588.0,5624.2,1.36362,1.3637,1.3607,1.36091,5138.0,3563.35,0.63732,0.63854,0.63719,0.63818,2247.0,2233.5,7.83938,7.84124,7.83922,7.8412,1720.0,775.35,2023-09-05 15:00:00,248,-0.9020987014301838,-0.010680095180122806,1.085242777777778,1.1181765974126174,1.0523089581429386,0.005356079040127719,0.9983033150613415,0.9840473433680689,-0.003847175936717573,-0.0006926846832389754,50.64946841067259,5986.083052915437,4,0,1.0875975148096688,1.0577624851903313,2023-09-08 15:00:00,2023-11-17 16:00:00,2023-09-27 13:00:00,0.0
2023-09-08 12:00:00,1694174400,1.06992,1.0749,1.06861,1.07024,7.35322,7.36065,7.35317,7.3602,7445.0,5437.3,2.638,2.659,2.618,2.633,9006.0,2301.95,3.7225,3.729,3.716,3.7265,7095.0,1774.55,147.454,147.574,147.292,147.55,5762.0,3883.85,1.24826,1.24982,1.24775,1.24798,5962.0,3329.5,87.47,87.73,87.47,87.61,12690.0,6525.7,23.29,23.35,23.155,23.165,7019.0,1395.3,0.85714,0.85778,0.85692,0.8576,2591.0,1476.6,0.89164,0.89205,0.8907,0.89202,2274.0,1667.4,1946.8,1949.9,1944.2,1944.3,11820.0,3405.6,1.36622,1.3667,1.36082,1.36234,5867.0,2541.1,0.63942,0.64076,0.63902,0.63936,2446.0,1499.25,7.83933,7.83958,7.83884,7.83946,278.0,962.65,2023-09-08 12:00:00,251,-0.923157872964704,-0.0022746765111683054,1.085323888888889,1.1180777603607839,1.052570017416994,0.005471662266563807,0.9997010016444908,0.9953670108847334,-0.004902117343452028,-0.0015345712152815862,50.66210149199584,6003.298296867199,4,0,1.0851223666588774,1.0553576333411228,2023-09-11 12:00:00,2023-11-15 13:00:00,2023-09-27 13:00:00,0.0
2023-09-13 09:00:00,1694595600,1.07352,1.07694,1.0697,1.07299,7.28639,7.28806,7.28116,7.28276,8197.0,5547.3,2.733,2.742,2.724,2.728,553.0,5174.55,3.7965,3.7965,3.7885,3.792,1006.0,1794.35,147.254,147.386,147.252,147.382,6132.0,4097.9,1.24774,1.24869,1.24626,1.24637,5309.0,3496.9,89.44,89.5,89.29,89.38,4209.0,8517.15,23.225,23.225,23.17,23.185,875.0,1567.35,0.86036,0.86096,0.86003,0.8609,1891.0,1402.6,0.89301,0.89322,0.89238,0.89304,2217.0,1439.7,1934.5,1934.9,1933.1,1933.5,3355.0,5446.6,1.35596,1.3566,1.3556,1.35594,4495.0,3088.65,0.64128,0.64132,0.64066,0.64107,1757.0,1576.3,7.82596,7.82625,7.8252,7.82547,571.0,722.6,2023-09-13 09:00:00,256,-0.9527692922168512,0.0025695171176558507,1.0854165277777776,1.1179896047377693,1.052843450817786,0.006235675627015406,1.0004939468214988,0.9968243356175832,-0.005453400584130463,-0.002318337089051362,50.754781034287674,6020.27039088725,4,0,1.0879175340914675,1.0580624659085325,2023-09-16 09:00:00,2023-11-22 05:00:00,2023-09-27 13:00:00,0.0
2023-09-15 13:00:00,1694782800,1.06504,1.07616,1.06319,1.06623,7.27968,7.28104,7.27438,7.28016,10351.0,6817.4,2.675,2.728,2.67,2.719,13838.0,2261.55,3.81,3.8165,3.7995,3.801,7001.0,1822.3,147.942,147.946,147.76,147.868,10097.0,4399.35,1.23907,1.24126,1.23892,1.23934,7922.0,3542.7,90.27,90.35,89.22,89.92,33684.0,6152.25,23.27,23.575,23.23,23.38,11310.0,2426.05,0.85956,0.86042,0.85925,0.86042,2383.0,1255.1,0.89696,0.89712,0.89623,0.89688,3350.0,1669.8,1938.6,1948.6,1938.4,1946.2,35878.0,6637.3,1.35396,1.35498,1.35336,1.3536,7303.0,3143.6,0.64406,0.64498,0.64351,0.64396,3775.0,1718.25,7.8277,7.82819,7.8272,7.82774,517.0,527.75,2023-09-15 13:00:00,258,-0.9626519747161488,-0.006300151911947105,1.085501388888889,1.117838116240834,1.0531646615369439,0.00574695305709524,0.9988839181039738,0.98966696402022,-0.00636242989709368,-0.003127155650659826,50.69053592821139,6036.966851539901,4,0,1.0810764119026954,1.0513835880973046,2023-09-18 13:00:00,2023-11-15 13:00:00,2023-10-03 17:00:00,0.0
2023-09-20 14:00:00,1695218400,1.07169,1.07273,1.06548,1.07196,7.2923,7.29489,7.2902,7.29254,7703.0,5228.9,2.729,2.753,2.708,2.749,8506.0,3180.3,3.7745,3.7855,3.7735,3.785,3773.0,1760.85,147.714,147.765,147.628,147.698,5416.0,3625.4,1.23934,1.24102,1.2391,1.23992,6783.0,3663.65,90.26,90.59,89.8,90.48,47180.0,11683.15,23.68,23.785,23.64,23.775,5714.0,1690.55,0.86477,0.86488,0.86386,0.86456,2263.0,1381.15,0.89578,0.89586,0.89418,0.8946,2725.0,1445.55,1961.7,1965.8,1961.4,1965.3,22280.0,5889.95,1.34111,1.34225,1.34081,1.34102,5546.0,3054.45,0.64975,0.65028,0.64906,0.64971,2276.0,1537.0,7.823,7.82366,7.8225,7.82361,550.0,617.45,2023-09-20 14:00:00,263,-0.9823516608469236,0.005374075011957968,1.0857397222222223,1.1174045505305594,1.054074893913885,0.01613757302261647,0.9997481249300347,0.999030510939379,-0.006545032009562135,-0.003810730922440288,51.937581861704544,6053.4179168377,4,0,1.0868862886118613,1.0570337113881387,2023-09-23 14:00:00,2023-11-17 16:00:00,2023-09-27 13:00:00,0.0
2023-09-22 16:00:00,1695398400,1.06594,1.07369,1.0615,1.06558,7.30082,7.30208,7.29855,7.30058,3141.0,6662.55,2.621,2.628,2.612,2.621,1064.0,662.0,3.7025,3.703,3.695,3.697,5058.0,2593.0,148.237,148.306,148.234,148.294,3032.0,4928.4,1.22551,1.22602,1.22504,1.22516,2863.0,4176.7,90.13,90.13,89.31,89.95,30346.0,10933.8,23.85,23.86,23.81,23.83,3164.0,2335.05,0.86979,0.86996,0.86941,0.86973,1077.0,1629.65,0.90647,0.90658,0.90581,0.90643,1316.0,1919.25,1947.7,1948.5,1944.7,1945.0,6883.0,6082.1,1.34686,1.34776,1.34676,1.34712,3044.0,3355.45,0.64508,0.6454,0.64476,0.64494,1381.0,2026.05,7.82078,7.82099,7.82068,7.82092,196.0,563.7,2023-09-22 16:00:00,265,-0.9882042449941422,-0.005951714616217019,1.0858047222222222,1.1172813734341092,1.0543280710103353,0.0044016473759944715,1.0003378441787572,0.9927819016662166,-0.007122454952270374,-0.004473075728406306,50.52809749492215,6069.593464338857,4,0,1.0804301379642112,1.050729862035789,2023-09-25 16:00:00,2023-11-15 13:00:00,2023-10-03 17:00:00,0.0
2023-09-27 13:00:00,1695819600,1.05468,1.06616,1.05122,1.05204,7.31718,7.32019,7.31356,7.31812,8190.0,5282.2,2.897,2.924,2.863,2.911,14719.0,2285.65,3.6375,3.651,3.6325,3.6495,9484.0,1991.8,149.186,149.398,149.166,149.38,6485.0,3383.45,1.21448,1.21594,1.2133,1.21416,6526.0,3454.45,92.2,92.72,91.87,92.48,42736.0,9595.7,22.935,22.945,22.64,22.73,12699.0,2196.2,0.86843,0.86848,0.8662,0.86647,2678.0,1272.1,0.91781,0.91906,0.91702,0.91834,3766.0,1778.8,1909.8,1910.1,1902.1,1905.5,26647.0,6786.75,1.3513,1.35202,1.35063,1.35112,5893.0,3195.3,0.63762,0.63842,0.63734,0.6379,2839.0,1579.35,7.82084,7.8212,7.82054,7.82072,468.0,605.1,2023-09-27 13:00:00,270,-0.9977068927101168,-0.012706694945475605,1.0855975,1.1177662264367143,1.0534287735632857,-0.014082346925644395,1.002509410288582,0.989232385383057,-0.008573798227016205,-0.005293220228128286,48.34435616316749,6085.4303757095,4,0,1.066969589561939,1.037110410438061,2023-09-30 13:00:00,2023-11-06 07:00:00,,0.0
2023-09-29 14:00:00,1695996000,1.05808,1.06171,1.0488,1.05871,7.28964,7.29474,7.2844,7.2858,12772.0,6678.55,2.906,2.939,2.898,2.933,9674.0,3033.2,3.7645,3.766,3.733,3.74,9759.0,2937.1,149.234,149.398,149.134,149.21,9169.0,4568.95,1.2218,1.22202,1.21803,1.2206,11061.0,4477.3,91.43,91.56,90.57,90.7,38786.0,9643.45,23.445,23.46,22.84,22.895,22409.0,3867.65,0.86597,0.86803,0.86592,0.86736,4111.0,1757.7,0.91372,0.91568,0.91358,0.9147,5503.0,2431.8,1886.9,1888.3,1874.8,1877.2,38731.0,8310.2,1.34694,1.35251,1.34679,1.35196,8877.0,3561.45,0.6474,0.6476,0.6451,0.64542,4696.0,1931.2,7.83157,7.83239,7.83112,7.83182,1323.0,881.8,2023-09-29 14:00:00,272,-0.9994446170919858,0.006340063115470862,1.0855604166666666,1.1178483203777025,1.0532725129556306,-0.0025187623276146476,0.9994049361959364,0.9965809872752446,-0.009081103661907841,-0.006050796914884197,49.7044302256072,6100.967511800795,4,0,1.0737656031379272,1.043654396862073,2023-10-02 14:00:00,2023-11-15 13:00:00,,0.0
2023-10-03 17:00:00,1696352400,1.04624,1.05919,1.04485,1.04694,7.32015,7.3244,7.3183,7.32362,4885.0,7575.65,2.942,2.95,2.937,2.942,7568.0,3685.7,3.6215,3.6255,3.6175,3.618,1957.0,3075.3,149.099,149.103,148.946,149.014,3728.0,5342.9,1.20752,1.2091,1.2075,1.2081,4449.0,5247.3,89.62,89.73,89.3,89.35,15856.0,11217.75,21.36,21.42,21.34,21.355,2401.0,3607.6,0.86641,0.86664,0.86619,0.86658,1261.0,1819.65,0.92154,0.92154,0.92033,0.92104,2656.0,3277.8,1839.8,1841.9,1838.7,1839.4,7387.0,9682.65,1.37155,1.37178,1.3698,1.37117,5095.0,4891.9,0.62992,0.63068,0.62963,0.62986,1926.0,2583.55,7.83218,7.83233,7.83199,7.83202,455.0,823.9,2023-10-03 17:00:00,276,-0.9993706508539968,-0.011117303133058254,1.0852820833333334,1.118550311874668,1.0520138547919988,-0.018960604345430686,0.9993313847976008,0.9877736761109904,-0.010313994203069221,-0.006903436372521202,47.81146251965751,6116.152154811987,4,0,1.0620171836320742,1.0318628163679258,2023-10-06 17:00:00,2023-10-24 11:00:00,,0.0
2023-10-05 19:00:00,1696532400,1.05511,1.05517,1.04515,1.05497,7.30527,7.30604,7.30334,7.3038,6577.0,6903.3,3.167,3.188,3.163,3.181,4551.0,7822.2,3.57,3.571,3.566,3.57,820.0,2511.6,148.391,148.46,148.39,148.452,3297.0,5694.8,1.21941,1.2196,1.219,1.21941,3345.0,5355.55,82.28,82.57,82.22,82.44,5533.0,17188.7,21.085,21.14,21.07,21.135,1681.0,2609.85,0.86524,0.86524,0.86492,0.86514,1001.0,1754.7,0.91291,0.91323,0.91226,0.91228,1870.0,2962.05,1834.1,1834.9,1833.7,1834.4,4424.0,7716.7,1.37151,1.37182,1.37058,1.371,4291.0,5172.55,0.63716,0.63738,0.6368,0.63722,1411.0,2585.8,7.83096,7.83124,7.8305,7.83053,211.0,610.1,2023-10-05 19:00:00,278,-0.9975590477788612,0.007669971536095721,1.0852858333333333,1.118540136750657,1.0520315299160095,0.00025596420432974433,1.0001327051954085,0.9999431371248235,-0.010521825889699077,-0.007627114275956777,50.02976256090302,6131.031019951481,4,0,1.0700184749820087,1.039921525017991,2023-10-08 19:00:00,2023-11-06 07:00:00,,0.0
2023-10-09 19:00:00,1696878000,1.05644,1.06002,1.04824,1.05693,7.2926,7.29282,7.29095,7.291,4562.0,7124.55,3.386,3.389,3.372,3.384,2450.0,5924.3,3.66,3.6615,3.658,3.66,537.0,2766.3,148.458,148.555,148.439,148.442,3909.0,4017.65,1.22342,1.2243,1.22342,1.22428,3505.0,4450.75,86.4,86.48,86.28,86.36,3462.0,13115.5,21.985,22.045,21.98,22.03,1436.0,2427.8,0.86352,0.86362,0.86331,0.86331,1026.0,1633.55,0.90558,0.90611,0.90496,0.90602,1565.0,2689.1,1870.7,1877.3,1870.5,1877.1,9424.0,7815.55,1.35877,1.35898,1.35812,1.35823,3520.0,4321.65,0.64122,0.6415,0.64094,0.6413,1638.0,2141.25,7.82954,7.83002,7.82945,7.82968,389.0,565.25,2023-10-09 19:00:00,282,-0.9903973200352558,0.0018578727357174696,1.085150138888889,1.1187895764237974,1.0515107013539804,-0.009201291119745561,0.9995363931386185,0.9966227052319768,-0.010408396859113322,-0.008183370792588086,48.89865855033254,6145.61899907078,4,0,1.07173959583821,1.0421204041617897,2023-10-12 19:00:00,2023-11-06 07:00:00,,0.0
2023-10-11 16:00:00,1697040000,1.06128,1.06348,1.05544,1.06074,7.29979,7.30318,7.29854,7.3028,5396.0,6675.25,3.296,3.354,3.293,3.329,16805.0,5032.15,3.616,3.62,3.6085,3.612,4401.0,2094.85,149.005,149.173,148.992,149.15,4650.0,5086.0,1.23018,1.2302,1.22886,1.22967,5004.0,5104.15,83.73,84.64,83.7,84.41,23933.0,11055.85,22.155,22.22,22.135,22.145,1870.0,1798.05,0.8627,0.8629,0.86228,0.86262,1684.0,1750.65,0.90264,0.9034,0.90244,0.90274,2747.0,2730.8,1886.6,1890.9,1886.3,1888.1,15314.0,6982.2,1.36188,1.36188,1.36002,1.36065,5143.0,4002.55,0.64064,0.64082,0.63977,0.64035,1972.0,2262.3,7.81963,7.82024,7.81895,7.81966,873.0,894.9,2023-10-11 16:00:00,284,-0.9850556718215012,0.0036047798813545473,1.08507125,1.118914881632989,1.0512276183670108,-0.005340466631317362,1.0005090785677924,0.9979313198179561,-0.009896982127353793,-0.008526093059541228,49.3647669320927,6159.93939708448,4,0,1.075631782400494,1.045848217599506,2023-10-14 16:00:00,2023-11-15 13:00:00,,0.0
2023-10-13 17:00:00,1697216400,1.05091,1.06399,1.04954,1.05052,7.30876,7.3125,7.30796,7.31244,4601.0,6765.7,3.251,3.264,3.239,3.243,6492.0,3508.25,3.571,3.572,3.561,3.565,2256.0,2884.9,149.57,149.588,149.496,149.53,4044.0,4797.55,1.21366,1.21376,1.21226,1.21326,5086.0,5019.5,86.95,87.4,86.92,87.36,20284.0,10067.85,22.915,22.96,22.825,22.885,3903.0,3464.25,0.8659,0.86648,0.86584,0.86588,1590.0,1784.1,0.9013,0.9013,0.90024,0.9012,2270.0,2670.6,1940.5,1943.2,1940.1,1941.6,15878.0,13503.8,1.36544,1.36708,1.36506,1.36582,4722.0,4282.75,0.62941,0.6301,0.62896,0.6299,1957.0,2326.5,7.82333,7.82344,7.8233,7.82341,138.0,961.6,2023-10-13 17:00:00,286,-0.9785481345802032,-0.009634783264513613,1.0847723611111109,1.1194525829361517,1.05009213928607,-0.020278095710560374,1.0003712447169022,0.9877066513783025,-0.010198785603868776,-0.008860631568406739,47.61778250088557,6173.946209739387,4,0,1.0653952476184516,1.0356447523815482,2023-10-16 17:00:00,2023-11-06 07:00:00,,0.0
2023-10-18 07:00:00,1697612400,1.0579,1.0595,1.05042,1.05789,7.31574,7.31618,7.31346,7.31462,6810.0,6424.65,3.055,3.062,3.042,3.051,1117.0,3744.6,3.6095,3.6215,3.6065,3.616,2432.0,3264.95,149.684,149.754,149.654,149.75,5194.0,3695.45,1.21938,1.22074,1.21894,1.21897,6621.0,4234.1,86.96,87.19,86.82,87.12,6295.0,6895.1,23.21,23.275,23.165,23.265,1717.0,2355.85,0.8676,0.86794,0.86663,0.86788,2185.0,1470.8,0.8988,0.89972,0.89848,0.89924,3492.0,2065.2,1948.6,1952.9,1948.2,1952.4,6910.0,8006.65,1.36305,1.36402,1.36286,1.36304,4513.0,3656.2,0.63856,0.63884,0.63798,0.6382,2195.0,2020.9,7.82539,7.829,7.82534,7.82806,1498.0,554.15,2023-10-18 07:00:00,291,-0.957232443323312,0.007015573239919304,1.084803611111111,1.1193812536973249,1.0502259685248971,0.002129140206178431,1.0000094527786443,0.9984898537045775,-0.009731095614199603,-0.009034724377565313,50.25415113520842,6187.681722964639,4,0,1.0724853182860925,1.0432946817139077,2023-10-21 07:00:00,2023-11-06 07:00:00,,0.0
2023-10-20 04:00:00,1697774400,1.05762,1.06168,1.05232,1.05754,7.33268,7.33854,7.33266,7.33789,3214.0,6660.2,2.937,2.938,2.933,2.935,157.0,4290.75,3.577,3.5775,3.567,3.569,1397.0,2707.35,149.85,149.88,149.844,149.86,1753.0,4790.8,1.21375,1.21378,1.21312,1.21344,1876.0,5179.45,89.32,89.45,89.27,89.34,1199.0,11491.2,23.105,23.115,23.015,23.045,714.0,2677.65,0.87138,0.87175,0.87134,0.87153,657.0,1647.9,0.89241,0.89294,0.89238,0.89292,1138.0,2598.1,1989.6,1990.1,1988.5,1989.1,1625.0,12261.7,1.37109,1.37146,1.37098,1.37131,1438.0,4633.95,0.63196,0.63198,0.63132,0.63151,1279.0,2697.15,7.82066,7.82136,7.8206,7.8213,583.0,719.55,2023-10-20 04:00:00,293,-0.9467139181463862,-0.0003308472525499484,1.084786388888889,1.1194178018546206,1.0501549759231572,-0.0011718456017046051,1.0000756472568415,0.996175872202547,-0.009281696384525029,-0.009084118778957257,49.85904606011002,6201.148586215835,4,0,1.0721120392610317,1.0429679607389681,2023-10-23 04:00:00,2023-11-06 07:00:00,,0.0
2023-10-24 11:00:00,1698145200,1.06254,1.06946,1.0565,1.06354,7.3211,7.32223,7.31392,7.31902,7076.0,5016.0,2.921,2.969,2.919,2.954,2332.0,1281.6,3.576,3.5855,3.5625,3.5855,5803.0,2587.5,149.794,149.846,149.724,149.758,3955.0,3318.4,1.22116,1.22337,1.22105,1.22192,5302.0,3653.35,85.89,85.97,85.42,85.79,7646.0,8060.5,22.915,23.015,22.805,23.005,3772.0,1628.25,0.87011,0.87048,0.86928,0.87039,2316.0,1360.5,0.89332,0.89381,0.89264,0.89314,2309.0,1796.75,1973.0,1975.3,1964.6,1974.7,16383.0,7280.75,1.36957,1.37017,1.36902,1.36943,3450.0,3142.75,0.63553,0.63662,0.63534,0.6364,1538.0,1672.45,7.82256,7.82284,7.82228,7.8228,762.0,635.05,2023-10-24 11:00:00,297,-0.9223291176290545,0.005673544263101071,1.084771388888889,1.119439149340168,1.05010362843761,-0.0010149613682365949,0.9990597438742315,0.9935294447665176,-0.008345196174557534,-0.008936334258077314,49.87727830553157,6214.380397708985,4,0,1.0781985462721615,1.0488814537278386,2023-10-27 11:00:00,2023-11-15 13:00:00,,0.0
2023-10-26 14:00:00,1698328800,1.05472,1.06368,1.05218,1.05428,7.32755,7.33196,7.32498,7.32652,11419.0,5632.1,3.037,3.071,3.012,3.061,3582.0,528.95,3.594,3.6025,3.581,3.5975,8817.0,2566.1,150.254,150.452,150.241,150.344,9622.0,4706.95,1.21223,1.21292,1.21039,1.21272,8528.0,4087.6,83.86,84.28,83.52,84.05,27593.0,10249.35,22.85,22.96,22.565,22.865,15163.0,2264.3,0.87009,0.87035,0.86922,0.86936,3317.0,1633.9,0.89736,0.89966,0.8973,0.89862,4774.0,2525.75,1988.8,1990.6,1981.6,1989.5,22159.0,8083.0,1.38254,1.38386,1.3813,1.38146,9658.0,3753.7,0.63158,0.63246,0.63038,0.63212,4939.0,2313.85,7.82162,7.82217,7.82065,7.82116,1203.0,841.6,2023-10-26 14:00:00,299,-0.9084917035725082,-0.008706771724617646,1.0845297222222223,1.1198049275704531,1.0492545168739915,-0.01636944113552384,1.000417346435482,0.9915764139590856,-0.008255058446810182,-0.008800079095823888,48.03265343041926,6227.334882310534,4,0,1.0688729468977034,1.0396870531022968,2023-10-29 14:00:00,2023-11-06 07:00:00,,0.0
2023-10-31 03:00:00,1698721200,1.0601,1.06253,1.05249,1.05946,7.32563,7.32834,7.32454,7.3261,8455.0,5081.7,3.325,3.325,3.32,3.321,119.0,4222.3,3.6395,3.644,3.6365,3.642,2078.0,4033.9,149.446,150.108,149.328,149.898,12476.0,4401.6,1.21483,1.21487,1.2137,1.21444,4697.0,3835.2,82.63,82.7,82.29,82.59,2849.0,13500.35,23.32,23.34,23.295,23.295,761.0,2511.0,0.87266,0.87286,0.87234,0.8724,1850.0,1446.05,0.90232,0.90317,0.9022,0.90279,2253.0,1976.35,2003.7,2004.3,2001.0,2001.5,4258.0,7596.7,1.38412,1.3849,1.38412,1.38464,3109.0,3431.9,0.63569,0.63584,0.63447,0.63488,2583.0,1841.6,7.82381,7.82415,7.82342,7.82402,525.0,453.8,2023-10-31 03:00:00,304,-0.8692328164574792,0.0049133057631747246,1.0841322222222223,1.1198869004697636,1.048377543974681,-0.026655330786216853,1.0006040813244483,0.997713005750426,-0.007677143606588777,-0.008575491997976865,46.67981438515082,6240.116668471485,4,0,1.0736517872170606,1.0452682127829396,2023-11-03 03:00:00,2023-11-15 13:00:00,,0.0
2023-11-02 00:00:00,1698883200,1.05868,1.0675,1.05166,1.0602,7.32978,7.32978,7.3221,7.3229,7312.0,6825.4,3.488,3.499,3.487,3.491,385.0,5438.8,3.666,3.673,3.666,3.671,1305.0,3222.65,150.574,150.594,150.332,150.349,5730.0,4993.55,1.21816,1.21939,1.21794,1.21939,4337.0,5726.5,80.91,81.19,80.85,81.08,2200.0,11004.85,23.145,23.155,23.025,23.04,925.0,2397.7,0.8691,0.86956,0.86898,0.86945,1991.0,2045.1,0.9056,0.90592,0.90473,0.90478,1567.0,3171.6,1993.3,1994.2,1991.7,1992.5,2167.0,8405.55,1.3835,1.38362,1.38292,1.38296,2629.0,4494.4,0.64224,0.64338,0.64212,0.64336,2008.0,2650.95,7.82224,7.82265,7.82204,7.82251,322.0,387.15,2023-11-02 00:00:00,306,-0.8517119107469189,0.0006984690313933672,1.083885,1.1200554054578145,1.0477145945421855,-0.01664990291523683,0.9985663082437276,0.9917377049180329,-0.007077841169303101,-0.008275961832242114,47.889294692406196,6252.729147238421,4,0,1.0742227066111343,1.0461772933888658,2023-11-05 00:00:00,2023-11-15 13:00:00,,0.0
2023-11-06 07:00:00,1699254000,1.07364,1.07469,1.05912,1.07332,7.28663,7.2889,7.28368,7.28727,5275.0,6904.95,3.392,3.402,3.38,3.386,1844.0,4119.25,3.694,3.696,3.6865,3.6915,1683.0,3078.65,149.548,149.736,149.516,149.731,4404.0,4945.45,1.23865,1.23966,1.23788,1.23827,3887.0,4789.4,81.13,81.38,81.06,81.25,3510.0,14598.0,23.255,23.265,23.21,23.215,915.0,3433.1,0.86677,0.86708,0.86652,0.86678,1606.0,1750.7,0.897,0.898,0.89634,0.89796,2621.0,2609.8,1990.9,1991.7,1989.0,1990.2,3631.0,10286.0,1.36486,1.36562,1.36436,1.3654,3351.0,4063.1,0.65138,0.65152,0.65048,0.65056,1905.0,2168.15,7.82154,7.82156,7.8207,7.8212,371.0,427.35,2023-11-06 07:00:00,310,-0.8136678304455991,0.012375023580456501,1.0837833333333333,1.1200318018584905,1.0475348648081761,-0.00679680976426518,1.0002981403495694,0.9990229740669402,-0.005481033377477518,-0.007716976141289195,49.15305225158514,6265.236748480892,4,0,1.0878549396472375,1.0587850603527627,2023-11-09 07:00:00,2023-11-17 16:00:00,,0.0
2023-11-08 17:00:00,1699462800,1.07145,1.07564,1.06594,1.07078,7.28118,7.28574,7.28115,7.28377,5356.0,4969.45,3.118,3.118,3.058,3.071,11550.0,4236.6,3.6505,3.6505,3.6325,3.6375,8173.0,3055.75,150.774,150.932,150.77,150.91,3810.0,3841.05,1.22988,1.22992,1.22818,1.22923,4851.0,3871.35,75.72,75.79,74.91,75.1,27755.0,12670.5,22.84,22.86,22.785,22.8,3036.0,2220.6,0.87118,0.87154,0.87106,0.87112,1776.0,1460.8,0.89804,0.89955,0.89804,0.89928,2380.0,1964.15,1961.0,1962.9,1958.0,1959.8,7893.0,5575.6,1.37996,1.38148,1.37994,1.38062,5355.0,3838.4,0.64195,0.64195,0.64075,0.64121,2075.0,1807.0,7.81596,7.81603,7.8157,7.81574,155.0,399.75,2023-11-08 17:00:00,312,-0.7931896839451844,-0.0023664890247083736,1.0835975,1.1199750948302054,1.0472199051697946,-0.01241813873601794,1.000625712097723,0.9961046446766577,-0.0043701323055060914,-0.007047607374132575,48.44837183412191,6277.623217022123,4,0,1.0852665999780469,1.0562934000219533,2023-11-11 17:00:00,2023-11-15 13:00:00,,0.0
2023-11-13 04:00:00,1699848000,1.06858,1.07256,1.06562,1.06842,7.30858,7.31039,7.30858,7.30992,2649.0,4453.1,3.096,3.105,3.093,3.104,162.0,3169.65,3.585,3.5865,3.58,3.5815,772.0,3273.85,151.672,151.78,151.669,151.764,2055.0,3484.1,1.22276,1.22336,1.22272,1.22282,1532.0,3717.4,76.49,76.5,76.36,76.38,903.0,8189.75,22.075,22.08,22.045,22.07,524.0,2490.6,0.8739,0.8739,0.87366,0.87376,647.0,1417.5,0.90242,0.90256,0.90206,0.90256,884.0,1844.0,1939.4,1940.4,1938.4,1939.9,1315.0,7835.05,1.38154,1.38198,1.38128,1.38189,1013.0,3504.05,0.63604,0.63632,0.63584,0.63588,684.0,1544.5,7.80996,7.8102,7.80994,7.81002,246.0,573.1,2023-11-13 04:00:00,317,-0.7379428103031387,-0.0022040008218309204,1.0834451388888888,1.1199857425816084,1.0469045351961692,-0.010215145094198068,1.0001497538421222,0.9962892518833446,-0.0036382282484856976,-0.0063657315490032,48.720699708454795,6289.874155397769,4,0,1.0828436977272966,1.0539963022727032,2023-11-16 04:00:00,2023-11-15 13:00:00,,0.0
2023-11-15 13:00:00,1700053200,1.08638,1.08876,1.06651,1.08592,7.24632,7.25816,7.24142,7.25226,15316.0,6075.4,3.172,3.211,3.162,3.184,7600.0,2952.65,3.7065,3.7195,3.6925,3.7015,11435.0,2729.45,150.393,150.886,150.048,150.776,11996.0,4027.9,1.24616,1.24806,1.24255,1.24426,11221.0,3727.35,78.02,78.21,77.44,77.46,11425.0,5074.15,23.51,23.71,23.335,23.475,13618.0,2066.15,0.87177,0.87276,0.8717,0.87272,4403.0,1436.4,0.8873,0.88855,0.8855,0.88752,5576.0,1790.4,1975.3,1979.2,1967.0,1969.4,22333.0,4236.85,1.36738,1.36936,1.36597,1.36818,9320.0,3222.0,0.65266,0.65425,0.64941,0.6509,5140.0,1705.8,7.80741,7.80762,7.80598,7.80682,591.0,407.2,2023-11-15 13:00:00,319,-0.7142921172691032,0.016379326482095058,1.08330375,1.1197243130568373,1.0468831869431627,-0.009330871266229545,1.0004236039487253,0.9978140269664572,-0.0016273264573900548,-0.005418050530680571,48.81501140755226,6301.557924284074,4,0,1.1006451178749634,1.0711948821250366,2023-11-18 13:00:00,,,0.0
2023-11-17 16:00:00,1700236800,1.08868,1.08956,1.08248,1.08786,7.21746,7.22389,7.21732,7.22284,7527.0,6604.4,2.933,2.941,2.911,2.927,12568.0,3183.9,3.7215,3.723,3.715,3.7225,3001.0,2348.2,149.56,149.878,149.53,149.822,6089.0,5141.45,1.24344,1.24373,1.24178,1.24279,6021.0,4256.1,75.26,75.62,75.06,75.55,24822.0,9290.2,23.825,23.865,23.735,23.805,3113.0,2033.95,0.87556,0.87614,0.87524,0.87534,1585.0,1507.75,0.88633,0.88734,0.88628,0.88707,3115.0,2109.9,1986.1,1987.9,1981.9,1983.8,8673.0,5231.05,1.37282,1.37468,1.37207,1.37422,6362.0,3906.95,0.65022,0.6505,0.64888,0.64936,2711.0,1977.15,7.79976,7.80002,7.79724,7.7979,468.0,524.55,2023-11-17 16:00:00,321,-0.6897960046655887,0.0017865036098423381,1.0833599999999999,1.1197962413608185,1.0469237586391813,0.003729852781713745,1.0007537734634973,0.9991923345203568,0.00012146926449263518,-0.00431014657164593,50.48307450082302,6312.705052954351,4,0,1.1023328761953555,1.0733871238046446,2023-11-20 16:00:00,,,0.0
2023-11-22 05:00:00,1700629200,1.09138,1.09652,1.08782,1.09074,7.13854,7.14171,7.13808,7.14098,5037.0,7106.35,2.853,2.855,2.843,2.847,318.0,2368.7,3.7925,3.7935,3.7865,3.7885,1097.0,2752.2,148.379,148.806,148.37,148.755,4850.0,4955.25,1.25354,1.25366,1.2524,1.25256,2140.0,3762.3,77.76,77.8,77.62,77.64,1177.0,8103.6,23.855,23.865,23.8,23.81,614.0,1997.95,0.87064,0.87086,0.8705,0.8708,1242.0,1372.05,0.88328,0.88408,0.88312,0.8839,1380.0,1812.3,2000.7,2001.2,1998.3,2000.2,3472.0,7959.1,1.37024,1.37116,1.37007,1.37109,2514.0,3789.25,0.65546,0.65553,0.654,0.65414,1449.0,1782.9,7.79852,7.79894,7.79794,7.79798,309.0,380.15,2023-11-22 05:00:00,326,-0.6250496486104377,0.002647399481551016,1.0832447222222223,1.1195319485429263,1.0469574959015184,-0.007580706507546076,1.0005867576140968,0.9953124430014957,0.0017199676874548597,-0.003104123719825772,48.97994297512536,6323.349013433109,4,0,1.1048041555098653,1.0766758444901348,2023-11-25 05:00:00,,,0.0
2023-11-27 04:00:00,1701057600,1.09454,1.095,1.08524,1.09474,7.16168,7.16458,7.16084,7.16187,3872.0,8191.4,2.793,2.793,2.775,2.778,198.0,605.3,3.7755,3.7755,3.7725,3.7745,237.0,1313.55,148.987,149.078,148.887,149.008,3942.0,4540.5,1.26056,1.261,1.25998,1.26071,2033.0,3406.6,74.88,74.9,74.69,74.77,2340.0,6926.3,24.68,24.72,24.65,24.71,320.0,2771.65,0.8683,0.86849,0.8683,0.86836,747.0,1696.95,0.8821,0.88276,0.88195,0.88213,1531.0,2182.6,2010.1,2014.3,2008.9,2013.7,6871.0,5661.85,1.36554,1.36612,1.36522,1.36542,1431.0,3175.9,0.65726,0.65763,0.65668,0.65742,1269.0,1444.8,7.78692,7.78779,7.78686,7.78724,510.0,411.2,2023-11-27 04:00:00,331,-0.5556819724760489,0.0036672350881052918,1.0831930555555553,1.119402916579378,1.0469831945317327,-0.003392306736640726,0.9998173082193033,0.9995799086757992,0.003271840039491547,-0.0018289309679623087,49.54662896699655,6333.526838648424,4,0,1.1088883093006043,1.0805916906993958,2023-11-30 04:00:00,,,0.0
2023-11-29 09:00:00,1701248400,1.099,1.10173,1.0925,1.09746,7.12645,7.13235,7.1248,7.13212,6294.0,7815.8,2.797,2.801,2.784,2.793,1091.0,6414.9,3.8455,3.8505,3.834,3.8485,2845.0,1546.1,147.274,147.656,147.18,147.57,8822.0,7058.5,1.26974,1.26994,1.26738,1.26806,5512.0,4840.5,76.86,77.43,76.54,77.27,11083.0,10226.55,25.355,25.385,25.245,25.33,1440.0,2372.15,0.86556,0.86631,0.86526,0.86546,2346.0,1804.25,0.8761,0.87751,0.87594,0.87669,2713.0,2220.85,2063.7,2064.4,2055.9,2059.1,9350.0,7529.7,1.3568,1.35829,1.35645,1.35772,4787.0,4006.95,0.66398,0.66408,0.66212,0.66264,2206.0,2314.55,7.79998,7.80236,7.79921,7.80222,747.0,458.05,2023-11-29 09:00:00,333,-0.5267547528105542,0.002484608217476314,1.0832497222222224,1.1195369370539943,1.0469625073904505,0.0037246030898706035,1.0014032402092103,0.9975220789122561,0.004667388576961695,-0.000529667058977508,50.5001225790635,6343.268204661663,4,0,1.1116062442125727,1.0833137557874273,2023-12-02 09:00:00,,,0.0
2023-12-01 08:00:00,1701417600,1.08948,1.0995,1.08794,1.08934,7.15256,7.15301,7.14522,7.1464,9221.0,7493.8,2.766,2.774,2.765,2.768,1230.0,4697.45,3.8545,3.877,3.853,3.8765,4885.0,3480.65,148.304,148.304,147.802,147.866,9664.0,6853.75,1.26335,1.266225,1.26302,1.2657,6686.0,4972.6,75.81,76.34,75.55,75.7,12115.0,18905.85,25.645,25.795,25.645,25.79,1634.0,2549.05,0.8624,0.86271,0.86052,0.86066,2970.0,1814.2,0.87479,0.87492,0.873535,0.87374,3785.0,2512.45,2058.9,2065.7,2058.7,2065.1,6017.0,5909.55,1.35409,1.3541,1.35246,1.35258,5197.0,4550.4,0.66033,0.66237,0.66033,0.66223,2868.0,2384.4,7.81079,7.81274,7.81012,7.8126,1553.0,621.3,2023-12-01 08:00:00,335,-0.4972040784469378,-0.007398902921291084,1.0831408333333334,1.1193053322666158,1.0469763344000511,-0.007171243435934543,1.0001285181853232,0.9908867667121419,0.005059828159572621,0.0005882319847325178,49.04905147736645,6352.55319416693,4,0,1.1034826096340629,1.0751973903659369,2023-12-04 08:00:00,,,0.0
2023-12-05 02:00:00,1701741600,1.08394,1.09048,1.08041,1.08366,7.15172,7.15342,7.15016,7.15262,7360.0,7466.75,2.695,2.695,2.688,2.692,209.0,5204.3,3.8345,3.836,3.8265,3.827,2152.0,4345.75,147.16,147.2725,147.086,147.266,4548.0,7023.0,1.26362,1.26386,1.26278,1.26291,2883.0,4990.45,73.19,73.28,73.12,73.19,1247.0,13573.05,24.94,24.955,24.85,24.88,1134.0,4591.4,0.85778,0.85808,0.85776,0.85806,939.0,1628.7,0.8724,0.87292,0.87185,0.87288,1046.0,2574.4,2053.7,2054.8,2051.6,2052.7,3689.0,13893.85,1.3549,1.356085,1.35471,1.35606,2074.0,4571.1,0.66117,0.6614,0.659615,0.65976,1974.0,2219.6,7.81647,7.81666,7.81419,7.81442,1053.0,390.55,2023-12-05 02:00:00,339,-0.4363729641045924,-0.005214166375970719,1.0829441666666666,1.1189384672718057,1.0469498660615275,-0.012982194540902435,1.0002583836258603,0.9940026410388086,0.0048565277965522125,0.0014418911470964568,48.30321622010258,6361.374184648118,4,0,1.0977886186847527,1.0695313813152476,2023-12-05 02:00:00,,,0.0
